camera_id,site_ID,latitude,longitude,LDP,dist_PCAP,cam_bearing,Deployment,d_paved_tr_m,d_parking_m,d_tr_m,d_rd_ft,d_rd_m,d_edge_ft,d_edge_m,d_tr_u_ft,d_tr_u_m,d_pt_ft,d_pt_m,d_blg_ft,d_blg_m,d_hy_ft,d_hy_m,d_res_m,d_cty_m,slope_30m,slope_50m,slope_100m,slope_500m,d_edge_1_m,d_edge_2_m,d_edge_3_m,d_edge_4_m,d_edge_5_m,d_edge_6_m,d_edge_7_m,d_edge_8_m,imp_100m,imp_250m,imp_500m,all_for_100m,all_for_250m,all_for_500m,dec_100m,dec_250m,dec_500m,dry_for_100m,dry_for_250m,dry_for_500m,everg_100m,everg_250m,everg_500m,grass_100m,grass_250m,grass_500m,hi_imp_100m,hi_imp_250m,hi_imp_500m,mix_100m,mix_250m,mix_500m,ml_imp_100m,ml_imp_250m,ml_imp_500m,open_100m,open_250m,open_500m,crop_100m,crop_250m,crop_500m,grlnd_100m,grlnd_250m,grlnd_500m,herb_100m,herb_250m,herb_500m,l_imp_100m,l_imp_250m,l_imp_500m,m_imp_100m,m_imp_250m,m_imp_500m,olm_imp_100m,olm_imp_250m,olm_imp_500m,pas_100m,pas_250m,pas_500m,shrub_100m,shrub_250m,shrub_500m,wat_100m,wat_250m,wat_500m,wdwet_100m,wdwet_250m,wdwet_500m,l_edge_100m,l_edge_250m,l_edge_500m,plot_size_cover_ha,for_comm,habitat,VIBI,FQAI,prop_sensitive,prop_tolerant,canopy_IV,deer_browse,plot_config,PCAP_year,PCAP_date,maj_min
BC1122,4,41.35450906,-81.83290078,no,65,124,1,447.747103,700.476658,259.843377,688.9749756,221.635815,98.42500305,42.01847375,295.2749939,85.22790038,984.25,307.7104722,590.5499878,155.2722888,311.2470093,97.86643063,25.20949467,19224.92895,1.740960002,9.318840027,8.081760406,3.221210003,42.01847375,42.01847375,42.01847375,42.01847375,42.01847375,42.01847375,42.01847375,42.01847375,0,4.131979942,5.974470139,0.827585995,0.720812023,0.627080977,0.65517199,0.492386013,0.396225989,0.65517199,0.492386013,0.396225989,0,0,0,0,0,0.00221976,0,0.0101523,0.00221976,0,0,0,0.034482799,0.142131999,0.156492993,0.137931004,0.126903996,0.206437007,0,0,0,0,0,0.00221976,0,0,0,0.034482799,0.091370597,0.136515006,0,0.050761402,0.019977801,0.172414005,0.269035995,0.36293,0,0,0,0,0,0,0,0,0.00554939,0.172414005,0.228425995,0.230855003,896.9730225,3545.25,14466,0.1,"""MIXED"" FORESTS",forest,37,19.57142857,0.358275579,0.420650769,0.165400202,MH=medium high,2x5,2011,6/13/2011,minor
BC1142,5,41.39262147,-81.76967315,yes,80,347,1,64.637607,211.114465,64.637607,98.42500305,34.67689975,311.2470093,108.9903886,1911.069946,582.2509645,695.9699707,200.2427799,98.42500305,18.29309319,278.3880005,84.01665812,16.62451802,12759.70961,0.801352024,1.113299966,1.4921,3.357209921,108.9903886,108.9903886,108.9903886,108.9903886,108.9903886,108.9903886,108.9903886,108.9903886,23.20689964,26.09140015,22.68700027,0,0.162437007,0.192009002,0,0.162437007,0.192009002,0,0.162437007,0.192009002,0,0,0,0,0,0,0,0.00507614,0.00554939,0,0,0,0.551724017,0.573603988,0.534960985,0.448276013,0.258882999,0.267480999,0,0,0,0,0,0,0,0,0,0.517241001,0.401015013,0.416204005,0.034482799,0.172589004,0.118757002,1,0.832486987,0.802442014,0,0,0,0,0,0,0,0,0,0,0,0,0,3208.820068,15945.09961,0,Paved,open,n/a,n/a,n/a,n/a,n/a,,,2011,10/3/2011,minor
BC1186,6,41.3491755,-81.82678107,yes,60,20,1,24.902386,122.296133,24.902386,0,10.42629549,0,6.407054934,354.8760071,104.0148205,417.5820007,122.2961326,139.1940002,39.7689281,354.8760071,93.35669233,15.90692643,19401.49832,2.718199968,6.060540199,5.115129948,3.559479952,6.407054932,6.407054932,6.407054932,6.407054932,6.407054932,6.407054932,6.407054932,6.407054932,5.827589989,11.50759983,19.59269905,0.482758999,0.380710989,0.301887006,0.482758999,0.335025012,0.228634998,0.482758999,0.335025012,0.228634998,0,0,0,0,0,0,0,0,0.0155383,0,0,0,0.103448004,0.314720988,0.429522991,0.413792998,0.304569006,0.253051996,0,0,0,0,0,0,0,0,0,0.103448004,0.274111986,0.33296299,0,0.040609099,0.096559398,0.517241001,0.619288981,0.682574987,0,0,0,0,0,0,0,0,0,0,0.045685299,0.073251903,2600.919922,8269.660156,17206.59961,0,Mowed berm,open,n/a,n/a,n/a,n/a,n/a,,,2011,9/26/2011,minor
BE1107,19,41.35299642,-81.58012245,yes,20,88,1,430.309332,1070.066118,83.085152,573.9110107,176.6702864,393.7000122,124.0737684,196.8500061,83.08515228,3082.76001,958.348564,660.2550049,190.6508462,139.1940002,17.87381304,155.1357124,18136.22115,2.138809919,4.27052021,7.534649849,7.757070065,124.0737684,124.0737684,124.0737684,124.0737684,124.0737684,124.0737684,124.0737684,124.0737684,0,0.253807008,4.579360008,1,0.878172994,0.586015999,1,0.878172994,0.586015999,1,0.878172994,0.586015999,0,0,0,0,0,0.016648199,0,0,0,0,0,0,0,0,0.077691503,0,0.121826999,0.319644988,0,0,0,0,0,0.016648199,0,0,0,0,0,0.0610433,0,0,0.016648199,0,0.121826999,0.397336006,0,0,0,0,0,0,0,0,0,0,0,0,0,2942.889893,11517.59961,0.01,Streams and Rivers,forest,10,9.38083152,0.303030303,0.367272727,0,None recorded,1x1,2011,6/23/2011,major
BE1111,20,41.36943296,-81.55434374,no,18,64,1,30.386272,443.180776,30.386272,98.42500305,43.29419393,0,7.404339084,220.0850067,77.8854172,1489.439941,443.1807762,440.1700134,77.74821176,393.7000122,95.92446601,70.21912849,17924.2946,7.874740124,9.320890427,10.60760021,6.886640072,7.404339084,7.404339084,7.404339084,7.404339084,7.404339084,7.404339084,7.404339084,7.404339084,4.551720142,5,5.357379913,0.482758999,0.522843003,0.593784988,0.482758999,0.522843003,0.593784988,0.482758999,0.522843003,0.593784988,0,0,0,0,0,0.0099889,0,0,0,0,0,0,0.034482799,0.076142102,0.127636001,0.482758999,0.401015013,0.268590003,0,0,0,0,0,0.0099889,0,0,0,0.034482799,0.076142102,0.127636001,0,0,0,0.517241001,0.477156997,0.396225989,0,0,0,0,0,0,0,0,0,0,0,0,2803.610107,7698.450195,20240.40039,0.1,Red maple thickets and woodlands,forest,26,21.15352685,0.017827746,0.695244687,0.184389084,H=high,2X5,2011,6/27/2011,major
BE1123,21,41.354714,-81.56985043,no,40,286,1,39.930114,373.350284,38.794,1279.530029,384.0090561,98.42500305,5.108578715,0,1.309374624,311.2470093,111.0147658,1479.650024,393.1552316,492.125,107.0049463,16.71606013,18441.18059,5.326660156,11.0333004,9.773830414,7.423130035,5.108578713,5.108578713,5.108578713,5.108578713,5.108578713,5.108578713,5.108578713,5.108578713,0,0,1.75583005,0.827585995,0.807106972,0.662597001,0.827585995,0.807106972,0.653717995,0.827585995,0.807106972,0.662597001,0,0,0.00887902,0.172414005,0.192892998,0.189788997,0,0,0,0,0,0,0,0,0.032186501,0,0,0.114317,0,0,0,0.172414005,0.192892998,0.154273003,0,0,0,0,0,0.032186501,0,0,0,0,0,0.146504,0,0,0.035516098,0,0,0.00110988,0,0,0,0,0,0,774.4680176,4505.069824,19220.40039,0.04,Dogwood Thickets,forest,6,8.928837434,0.00414865,0.690074239,0,H=high,2x2,2011,6/28/2011,major
BE1127,22,41.38356204,-81.55182749,no,10,320,1,438.491658,496.062698,229.817273,1409.22998,443.9864535,1398.880005,430.7259049,0,4.601249228,1505.609985,455.7713413,1556.23999,466.4215019,98.42500305,20.80287711,445.0523938,16907.31696,11.17490005,5.249650002,5.087080002,11.48349953,458.82559,430.7259049,458.82559,458.82559,430.7259049,458.82559,430.7259049,430.7259049,0,0,0.836848021,1,0.923857987,0.91453898,0.620689988,0.842639983,0.880132973,1,0.923857987,0.91453898,0,0,0.0144284,0,0,0,0,0,0,0.379310012,0.081218302,0.019977801,0,0,0.0244173,0,0,0.0133185,0,0,0,0,0,0,0,0,0,0,0,0.0244173,0,0,0,0,0,0.037735801,0,0,0,0,0,0,0,0.076142102,0.047724701,0,0,0,0,0,3009.860107,0.04,Hemlock-hardwood forest,forest,48,19.85782801,0.84411004,0.01194451,0.277777778,M=Medium,1x4,2011,6/27/2011,major
BE1132,23,41.38847827,-81.54081283,no,30,315,1,378.912066,406.61643,88.106319,598.6959839,195.603072,354.8760071,113.4170307,98.42500305,44.73318131,1100.420044,332.2172137,492.125,122.0337197,98.42500305,19.96533893,62.96066682,17193.58245,9.238869667,22.23769951,20.80019951,10.59039974,113.4170307,113.4170307,113.4170307,113.4170307,113.4170307,113.4170307,113.4170307,113.4170307,0,3.03553009,10.86460018,1,0.883248985,0.677025974,1,0.883248985,0.677025974,1,0.883248985,0.677025974,0,0,0,0,0,0.00665927,0,0,0.017758001,0,0,0,0,0.071066,0.190899,0,0.0152284,0.091009997,0,0,0,0,0,0.00665927,0,0,0.00332963,0,0.040609099,0.115427002,0,0.030456901,0.075471699,0,0.086294398,0.281908989,0,0,0,0,0,0,0,0.030456901,0.0133185,0,0,0,0,2016.26001,10093.59961,0.02,"""MIXED"" FORESTS",forest,77,26.67222164,0.449134112,0.14337495,0.1147853,ML=medium low,1X2,2011,6/27/2011,major
BE1139,24,41.37876851,-81.49477288,yes,0,332,1,152.353156,506.072307,9.403038,530.0349731,161.0880451,220.0850067,74.72508143,0,9.403037577,1676.119995,506.072307,907.434021,237.3940895,0,2.387784452,77.88643248,20849.29874,1.118229985,3.038419962,3.610960007,6.409430027,74.72508143,74.72508143,74.72508143,74.72508143,74.72508143,74.72508143,74.72508143,74.72508143,0.689655006,2.90354991,12.87679958,0.965516984,0.761421025,0.473917991,0.724138021,0.70558399,0.450610012,0.724138021,0.70558399,0.450610012,0,0,0,0,0.101522997,0.187569007,0,0,0,0,0,0,0.034482799,0.040609099,0.145393997,0,0.0964467,0.182019994,0,0,0,0,0.035533,0.039955601,0,0,0,0.034482799,0.040609099,0.138734996,0,0,0.00665927,0.034482799,0.137055993,0.327414006,0,0.0659898,0.147614002,0,0,0.00776915,0,0,0.00332963,0.241378993,0.055837601,0.0233074,968.3859863,9858.44043,26454.59961,0,Streams and Rivers,forest,n/a,n/a,n/a,n/a,n/a,,,2011,9/27/2011,major
BE1143,26,41.3797225,-81.56981271,no,10,115,1,591.652457,562.07497,207.264408,1046.27002,334.1437556,220.0850067,72.56929264,98.42500305,33.93092007,1638.119995,472.8221498,1409.22998,411.6367937,598.6959839,129.3291129,403.2817975,16217.00885,11.42510033,25.66340065,23.42320061,15.05910015,157.1638382,157.1638382,72.56929263,157.1638382,72.56929263,72.56929263,157.1638382,72.56929263,0,0,0.875693977,0.965516984,0.908629,0.753606975,0.965516984,0.908629,0.753606975,0.965516984,0.908629,0.753606975,0,0,0,0.034482799,0.091370597,0.116536997,0,0,0,0,0,0,0,0,0.0155383,0,0,0.084350698,0,0,0,0,0.030456901,0.027746901,0,0,0,0,0,0.0155383,0,0,0,0,0,0.099889003,0.034482799,0.060913701,0.088790201,0,0,0,0,0,0.029966701,0,0,0,368.1570129,2584.72998,14913.7998,0.1,"""MIXED"" FORESTS",forest,57,26.30437226,0.351830769,0.42621837,0.16830014,MH=medium high,2X5,2011,7/11/2011,major
BE1155,28,41.37771193,-81.50472044,no,10,348,1,263.361118,543.027085,233.456747,405.8169861,152.367662,139.1940002,52.26750307,840.9439697,272.5237434,840.9439697,273.1657162,393.7000122,96.57130188,969.3740234,271.9019382,59.99570071,20266.61958,5.13064003,11.43949986,10.3920002,6.020870209,52.26750308,52.26750308,52.26750308,52.26750308,52.26750308,52.26750308,52.26750308,52.26750308,1.137930036,14.61929989,12.32190037,0.862069011,0.29441601,0.442840993,0.862069011,0.29441601,0.442840993,0.862069011,0.29441601,0.442840993,0,0,0,0.034482799,0.0964467,0.028856801,0,0,0.0244173,0,0,0,0.034482799,0.401015013,0.309655994,0.068965502,0.208122,0.190899,0,0,0,0.034482799,0.0964467,0.028856801,0,0,0,0.034482799,0.395938993,0.278578997,0,0.00507614,0.031076601,0.103448004,0.609136999,0.500554979,0,0,0,0,0,0,0,0,0.00332963,0,0,0,1338.290039,5294.919922,16954.90039,0.1,"""MIXED"" FORESTS",forest,47,19.60757871,0.676447212,0.214647635,0.189198345,VH=Very High,2x5,2011,7/20/2011,major
BE1159,29,41.37474856,-81.56044476,no,13,5,1,268.848902,326.087184,27.118614,907.434021,289.7079412,695.9699707,216.4337814,0,5.51031456,880.3400269,293.7477902,1880.410034,443.8892803,1505.609985,451.0886416,418.5059913,17143.90488,2.696320057,4.028900146,3.66685009,6.520669937,216.4337814,216.4337814,216.4337814,216.4337814,216.4337814,216.4337814,216.4337814,216.4337814,0,0.071066,0.783573985,1,0.984772027,0.883463025,1,0.984772027,0.883463025,1,0.984772027,0.883463025,0,0,0,0,0,0.0255272,0,0,0,0,0,0,0,0,0.0099889,0,0.0152284,0.075471699,0,0,0,0,0,0.0255272,0,0,0,0,0,0.0099889,0,0,0,0,0.0152284,0.085460603,0,0,0,0,0,0,0,0,0.00554939,0,0,0,0,1082.040039,19745.69922,0.1,"""MIXED"" FORESTS",forest,36,16.95401417,0.305165572,0.306666222,0.153726354,H=high,2x5,2011,7/20/2011,major
BE1171,30,41.35485209,-81.58606815,no,32,325,1,243.138801,1452.949017,11.856847,811.6329956,254.1094212,590.5499878,172.9711528,0,11.85687421,4635.390137,1414.115838,1100.420044,202.3312815,440.1700134,123.7730502,70.37232409,17703.46012,9.209750175,16.03590012,14.65680027,6.927279949,172.9711528,172.9711528,172.9711528,172.9711528,172.9711528,172.9711528,172.9711528,172.9711528,0,0.426396012,5.783569813,1,0.913706005,0.552718997,1,0.913706005,0.552718997,1,0.913706005,0.552718997,0,0,0,0,0.035533,0.140954003,0,0,0.00221976,0,0,0,0,0,0.069922298,0,0.050761402,0.234183997,0,0,0,0,0,0,0,0,0,0,0,0.066592701,0,0,0.00332963,0,0.050761402,0.30410701,0,0.035533,0.140954003,0,0,0,0,0,0,0,0,0,0,2473.719971,10209.40039,0.06,Mesic Floodplain Forest,forest,67,27.24378609,0.528365636,0.039530669,0.136955124,M=medium,2x3,2011,7/28/2011,major
BE1175,31,41.37345082,-81.55621785,no,28,105,1,71.741124,96.249794,14.633811,278.3880005,86.52986729,98.42500305,40.16221959,0,14.63381142,295.2749939,96.2497936,1774.380005,471.8167198,393.7000122,107.7956143,406.4507262,17483.76251,2.127209902,5.319310188,5.40571022,8.85243988,40.16221959,40.16221959,40.16221959,40.16221959,40.16221959,40.16221959,40.16221959,40.16221959,1.965520024,0.908629,0.605992973,0.827585995,0.908629,0.917868972,0.827585995,0.908629,0.901220977,0.827585995,0.908629,0.917868972,0,0,0.0133185,0,0,0.0244173,0,0,0,0,0,0.00332963,0.068965502,0.0152284,0.0110988,0.103448004,0.076142102,0.0466149,0,0,0,0,0,0.0244173,0,0,0,0.068965502,0.0152284,0.0110988,0,0,0,0.172414005,0.091370597,0.057713699,0,0,0,0,0,0,0,0,0,0,0,0,1179.550049,4514.790039,15035.40039,0.1,Beech-maple forest,forest,53,23.63356627,0.353519393,0.028524383,0.187665152,VH=Very high,2x5,2011,7/28/2011,major
BE1187,32,41.35858655,-81.56587657,no,3,5,1,37.091968,178.55831,37.091968,196.8500061,48.96767732,98.42500305,12.31803117,278.3880005,62.3205846,492.125,176.739712,1320.51001,384.9459789,573.9110107,108.8010974,50.03305203,18278.40364,2.326450109,1.960659981,2.41741991,6.788899899,12.31803117,12.31803117,12.31803117,12.31803117,12.31803117,12.31803117,12.31803117,12.31803117,6.379310131,5.182740211,6.078800201,0.586206973,0.700507998,0.642619014,0.068965502,0.543147027,0.603774011,0.517241001,0.64467001,0.630411029,0.448276013,0.101522997,0.0266371,0,0.035533,0.056603801,0,0,0.00776915,0,0,0,0.137931004,0.131980002,0.108768001,0.275862008,0.131980002,0.178690001,0,0,0,0,0.035533,0.0443951,0,0,0,0.137931004,0.126903996,0.086570501,0,0.00507614,0.0221976,0.413792998,0.263958991,0.287458003,0,0,0.0122087,0,0,0.00554939,0,0,0,0.068965502,0.055837601,0.0122087,1682.560059,6874.419922,21502.09961,0.1,Planted-White Pine,forest,43,19.5025082,0.118913657,0.389182379,0.238931197,MH=Medium High,2x5,2011,8/9/2011,major
BE1191,33,41.38579799,-81.55500046,no,20,76,1,580.377543,603.338023,112.605887,278.3880005,94.10817245,220.0850067,70.25638071,0,20.77473797,1814.869995,568.8548067,440.1700134,116.5448964,768.723999,215.9879725,94.72970761,16544.20473,2.936249971,2.158669949,3.547580004,8.274200439,224.5933997,70.25638071,224.5933997,224.5933997,70.25638071,224.5933997,70.25638071,70.25638071,0,7.177659988,9.268589973,1,0.720812023,0.631520987,0.758620977,0.654821992,0.582686007,1,0.720812023,0.631520987,0.241378993,0.0659898,0.033296298,0,0,0,0,0,0,0,0,0.0155383,0,0.203045994,0.260821015,0,0.076142102,0.088790201,0,0,0,0,0,0,0,0,0,0,0.203045994,0.255272001,0,0,0.00554939,0,0.279188007,0.349611998,0,0,0,0,0,0,0,0,0.018867901,0,0,0,273.0580139,2028.939941,7143.580078,0.1,"""MIXED"" FORESTS",forest,70,24.27119505,0.382110728,0.05245563,0.11129562,H=high,2x5,2011,8/16/2011,major
BE1196,34,41.38213866,-81.53640009,yes,49,306,1,103.746174,331.992831,103.746174,220.0850067,93.19246359,196.8500061,69.04498307,311.2470093,112.8835063,768.723999,227.5511865,1122.219971,219.957826,440.1700134,106.0911859,204.9850351,17941.68511,2.208810091,2.214890003,2.130320072,6.788660049,69.04498306,69.04498306,69.04498306,69.04498306,69.04498306,69.04498306,69.04498306,69.04498306,6.931029797,8.522839546,15.03549957,0.137931004,0.299492002,0.217536002,0.137931004,0.299492002,0.217536002,0.137931004,0.299492002,0.217536002,0,0,0,0,0,0.00332963,0,0,0.016648199,0,0,0,0.034482799,0.131980002,0.307435989,0.827585995,0.568527997,0.445060998,0,0,0,0,0,0.00332963,0,0,0,0.034482799,0.121826999,0.207546994,0,0.0101523,0.099889003,0.862069011,0.700507998,0.752497017,0,0,0,0,0,0,0,0,0.0099889,0,0,0,751.8909912,3979.790039,12210,0.04,"""MIXED"" FORESTS",forest,28,12.70170592,0.22247141,0.504587326,0.16801168,H=high,1x4,2011,8/17/2011,major
BK1152,36,41.45145176,-81.7200548,yes,0,328,1,77.442678,54.141804,77.442678,393.7000122,124.2505323,590.5499878,173.9941356,492.125,144.9754835,139.1940002,54.14180408,393.7000122,86.35664239,295.2749939,91.41743598,0.478391192,5039.240644,5.071290016,7.793529987,9.802149773,6.820330143,173.9941356,173.9941356,173.9941356,173.9941356,173.9941356,173.9941356,173.9941356,173.9941356,27.48279953,21.1826992,29.22089958,0,0.0152284,0.0810211,0,0.0152284,0.0810211,0,0.0152284,0.0810211,0,0,0,0,0,0,0.034482799,0.045685299,0.056603801,0,0,0,0.862069011,0.604061007,0.580465972,0.103448004,0.335025012,0.281908989,0,0,0,0,0,0,0,0,0,0.551724017,0.451777011,0.384018004,0.310344994,0.152283996,0.196447998,0.965516984,0.93908602,0.862375021,0,0,0,0,0,0,0,0,0,0,0,0,0,894.947998,5901.549805,0,Paved,open,n/a,n/a,n/a,n/a,n/a,,,2011,10/3/2011,minor
BK1200,37,41.44491542,-81.71276439,no,60,70,1,508.289716,779.747898,92.806536,220.0850067,84.32082194,0,20.59665838,1938.75,580.8358723,1100.420044,322.4065262,98.42500305,27.30775697,660.2550049,92.16011222,227.4619292,5492.312665,3.621069908,12.00090027,8.395059586,7.55354023,20.59665838,20.59665838,20.59665838,20.59665838,20.59665838,20.59665838,20.59665838,20.59665838,5.827589989,11.07110023,22.22859955,0.448276013,0.401015013,0.297446996,0.448276013,0.401015013,0.297446996,0.448276013,0.401015013,0.297446996,0,0,0,0,0,0,0.034482799,0.025380701,0.018867901,0,0,0,0.275862008,0.284263998,0.471697986,0.241378993,0.284263998,0.204218,0,0,0,0,0,0,0,0,0,0.172414005,0.182741001,0.285239011,0.103448004,0.101522997,0.186459005,0.517241001,0.568527997,0.675916016,0,0,0,0,0,0,0,0.00507614,0.00776915,0,0,0,1638.089966,7142.279785,21606,0.1,Beech-red oak forest,forest,50,19.42139223,0.85548144,0.018338748,0.215625537,L=low,2x5,2011,9/28/2011,minor
BR1105,50,41.30437061,-81.59962663,no,5,116,1,311.038169,310.699709,186.74523,1087.140015,318.1156852,1185.189941,365.5598618,573.9110107,186.7452295,891.276001,276.0679911,1003.73999,300.651039,928.539978,281.488997,398.1121511,22290.45084,17.96640015,21.50670052,18.88610077,14.84000015,365.5598618,365.5598618,365.5598618,365.5598618,365.5598618,365.5598618,365.5598618,365.5598618,0,0,0.0344062,1,1,0.965593994,0.896552026,0.878172994,0.882353008,1,1,0.915648997,0.103448004,0.121826999,0.033296298,0,0,0,0,0,0,0,0,0,0,0,0.00110988,0,0,0.033296298,0,0,0,0,0,0,0,0,0,0,0,0.00110988,0,0,0,0,0,0.0344062,0,0,0,0,0,0,0,0,0,0,0,0.049944501,0,0,6512.140137,0.1,Dry Oak forest and Woodland,forest,63,28.23088306,0.565694776,0.13912976,0.134551786,MH=medium high,2x5,2011,6/20/2011,major
BR1109,51,41.33103047,-81.59173574,yes,40,50,1,137.522604,1394.535382,107.343893,1279.530029,410.8949215,660.2550049,203.8558635,716.5449829,202.915109,4537.169922,1384.247731,1003.73999,230.5909034,139.1940002,20.27175021,1.466881916,19820.88502,19.57900047,15.21570015,15.46310043,8.560370445,203.8558635,203.8558635,203.8558635,203.8558635,203.8558635,203.8558635,203.8558635,203.8558635,0,0,1.475029945,0.724138021,0.822335005,0.756937027,0.724138021,0.812183022,0.682574987,0.724138021,0.822335005,0.710322022,0,0.0101523,0.027746901,0,0.00507614,0.035516098,0,0,0,0,0,0,0,0,0.0255272,0,0,0.108768001,0,0,0,0,0.00507614,0.031076601,0,0,0,0,0,0.0255272,0,0,0,0,0,0.134295002,0,0,0.00443951,0,0,0,0.275862008,0.172589004,0.073251903,0,0,0.0466149,0,801.9500122,9732.080078,0,Streams and Rivers,forest,n/a,n/a,n/a,n/a,n/a,,,2011,10/6/2011,major
BR1121,52,41.30077126,-81.60692325,yes,0,318,1,442.649727,516.942095,25.466315,98.42500305,17.21292304,0,0.30340127,98.42500305,25.46631548,98.42500305,38.82835096,220.0850067,67.78917161,688.9749756,195.1894368,409.8269664,22460.933,3.339849949,3.976510048,3.659499884,8.252570152,0.303401269,0.303401269,0.303401269,0.303401269,0.303401269,0.303401269,0.303401269,0.303401269,5.482759953,3.253809929,0.786903024,0.517241001,0.700507998,0.872363985,0.482758999,0.532994986,0.612653017,0.482758999,0.538070977,0.778024018,0,0.00507614,0.165371999,0,0.025380701,0.00554939,0,0,0,0,0,0,0.103448004,0.0659898,0.0155383,0.379310012,0.208122,0.106547996,0,0,0,0,0.025380701,0.00554939,0,0,0,0.103448004,0.060913701,0.0144284,0,0.00507614,0.00110988,0.482758999,0.274111986,0.122087002,0,0,0,0,0,0,0,0,0,0.034482799,0.162437007,0.094339602,1840.709961,8000.040039,19455.69922,0,Mowed berm,forest,n/a,n/a,n/a,n/a,n/a,,,2011,10/13/2011,major
BR1125,53,41.31431285,-81.59429247,no,13,270,1,388.295272,381.807716,4.150047,393.7000122,107.4426141,196.8500061,58.45383651,0,12.52591473,1100.420044,334.0590079,1381.459961,419.6741113,1082.680054,297.1314229,115.9621922,21429.16169,6.449500084,8.368209839,10.18239975,10.34659958,58.45383651,58.45383651,58.45383651,58.45383651,58.45383651,58.45383651,58.45383651,58.45383651,0.034482799,0.0964467,0.518312991,0.931034982,0.873095989,0.820200026,0.931034982,0.868019998,0.759155989,0.931034982,0.873095989,0.769145012,0,0.00507614,0.0099889,0,0,0,0,0,0,0,0,0,0,0,0.00221976,0.068965502,0.126903996,0.149834007,0,0,0,0,0,0,0,0,0,0,0,0.00221976,0,0,0,0.068965502,0.126903996,0.152052999,0,0,0,0,0,0,0,0,0.027746901,0,0,0.051054399,524.3300171,3348.27002,14733.59961,0.1,Planted-Norway Spruce,forest,58,23.46215521,0.276371068,0.240528368,0.145986095,M=medium,2x5,2011,6/29/2011,major
BR1137,54,41.30314245,-81.62284518,yes,75,130,1,185.915565,204.170355,137.985444,590.5499878,168.4147286,278.3880005,82.66184385,492.125,137.9854442,630.2280273,184.5009927,1064.630005,234.339225,907.434021,271.7398391,308.1198053,21813.92746,4.744870186,4.801609993,5.271160126,6.827970028,82.66184385,82.66184385,82.66184385,82.66184385,82.66184385,82.66184385,82.66184385,82.66184385,1.172410011,0.96954298,4.006659985,0,0.416244,0.508324027,0,0.258882999,0.400665998,0,0.416244,0.49278599,0,0.157360002,0.092119902,0.241378993,0.0659898,0.037735801,0,0,0,0,0,0,0,0.00507614,0.077691503,0.758620977,0.512690008,0.376248986,0,0,0,0.241378993,0.0659898,0.037735801,0,0,0,0,0.00507614,0.066592701,0,0,0.0110988,0.758620977,0.517765999,0.453940004,0,0,0,0,0,0,0,0,0,0,0,0.0155383,372.2619934,6880.5,26077.5,0,Mowed Golf Course,open,n/a,n/a,n/a,n/a,n/a,,,2011,9/27/2011,major
BR1141,55,41.28970425,-81.5774342,no,4,298,1,410.222262,2312.650535,265.760159,556.776001,174.642861,417.5820007,136.5161935,885.8250122,265.7601588,7345.700195,2229.763913,1189.27002,351.3195653,405.8169861,87.23185492,336.2632108,24496.76049,1.155789971,1.954710007,2.392529964,6.875760078,136.5161935,136.5161935,136.5161935,136.5161935,136.5161935,136.5161935,136.5161935,136.5161935,0,0.390863001,0.422863007,1,0.903553009,0.841287017,0.517241001,0.58375603,0.687013984,0.551724017,0.619288981,0.694783986,0.034482799,0.035533,0.00776915,0,0,0.0688124,0,0,0,0,0,0,0,0,0.00554939,0,0.0964467,0.078801297,0,0,0.0688124,0,0,0,0,0,0,0,0,0.00554939,0,0,0,0,0.0964467,0.084350698,0,0,0,0,0,0,0,0,0.00554939,0.448276013,0.284263998,0.146504,0,2740,14423,0.1,Crataegus shrub thicket,forest,27,13.48073287,0.026910456,0.581000252,0.135807701,H=high,2X5,2011,7/11/2011,major
BR1153,56,41.31001044,-81.60933908,no,6,39,1,131.249316,437.90885,95.503153,417.5820007,125.2079986,492.125,135.4325115,278.3880005,95.50315332,1189.27002,352.9098718,2029.079956,585.7469686,880.3400269,101.2564088,1224.048235,21424.78993,9.313199997,8.348629951,16.34760094,11.66670036,135.4325115,135.4325115,135.4325115,135.4325115,135.4325115,135.4325115,135.4325115,135.4325115,0,0.0203046,0.089900099,1,0.954315007,0.89567101,1,0.842639983,0.766925991,1,0.944162011,0.807991028,0,0.101522997,0.041065499,0,0,0,0,0,0,0,0,0,0,0,0,0,0.045685299,0.104328997,0,0,0,0,0,0,0,0,0,0,0,0,0,0,0,0,0.045685299,0.104328997,0,0,0,0,0,0,0,0,0,0,0.0101523,0.087680399,0,2180.98999,15005.59961,0.05,Beech-maple forest,forest,63,24.27166324,0.429200678,0.01160616,0.235395871,M=medium,1x5,2011,7/18/2011,major
BR1157,57,41.29054655,-81.58859446,no,5,68,1,830.851543,1560.309882,599.687172,1122.219971,344.8789946,1147.819946,362.6147448,1244.98999,389.9267382,4921.25,1492.794559,1381.459961,339.5931313,1893.23999,304.9495479,322.2736261,24054.84544,5.519390106,3.306070089,7.845749855,15.44690037,362.6147448,362.6147448,362.6147448,362.6147448,362.6147448,362.6147448,362.6147448,362.6147448,0,0,0.248613,1,1,0.972253025,1,0.908629,0.918978989,1,0.908629,0.918978989,0,0,0,0,0,0,0,0,0,0,0,0,0,0,0.00221976,0,0,0.0255272,0,0,0,0,0,0,0,0,0,0,0,0.00221976,0,0,0,0,0,0.027746901,0,0,0,0,0,0,0,0,0,0,0.091370597,0.053274099,0,0,3043.350098,0.1,"""MIXED"" FORESTS",forest,57,20.22107544,0.644328738,0.031128259,0.139251997,H=high,2x5,2011,7/19/2011,major
BR1169,58,41.32261563,-81.61424836,no,5,230,1,302.0352,376.311557,171.057853,220.0850067,75.85419849,220.0850067,69.29426867,0,11.06387168,1060.069946,316.7625793,405.8169861,108.1920934,278.3880005,74.9361437,73.91813644,19967.61756,23.82970047,14.64360046,12.25909996,9.499329567,74.54779816,69.29426867,74.54779816,74.54779816,69.29426867,74.54779816,69.29426867,69.29426867,1.965520024,2.624370098,3.351830006,0.931034982,0.822335005,0.739179015,0.931034982,0.730964005,0.628190994,0.931034982,0.796953976,0.66703701,0,0.0659898,0.038845699,0,0,0,0,0,0,0,0,0,0.068965502,0.060913701,0.071032196,0,0.116751,0.189788997,0,0,0,0,0,0,0,0,0,0.068965502,0.060913701,0.069922298,0,0,0.00110988,0.068965502,0.177664995,0.260821015,0,0,0,0,0,0,0,0,0,0,0.025380701,0.072142102,687.164978,4874.470215,24018.19922,0.05,"""MIXED"" FORESTS",forest,53,24.52889453,0.274788789,0.013172166,0.17146836,M=medium,1x5,2011,8/1/2011,major
BR1173,59,41.31767203,-81.59236372,no,9,280,1,134.135236,109.986274,25.655744,98.42500305,30.99937024,0,13.68836559,98.42500305,25.65574442,196.8500061,85.19909362,1147.819946,323.0547293,278.3880005,43.8152756,79.06961152,21149.6054,1.877589941,3.308459997,3.518970013,8.30795002,13.68836559,13.68836559,13.68836559,13.68836559,13.68836559,13.68836559,13.68836559,13.68836559,2.413789988,1.588829994,0.976692975,0.482758999,0.680203021,0.771364987,0.482758999,0.604061007,0.705882013,0.482758999,0.604061007,0.72586,0,0,0.019977801,0,0,0.027746901,0,0,0,0,0,0,0.034482799,0.0152284,0.0110988,0.482758999,0.304569006,0.167592004,0,0,0,0,0,0.00221976,0,0,0,0.034482799,0.0152284,0.00887902,0,0,0.00221976,0.517241001,0.319797009,0.178690001,0,0,0.0255272,0,0,0,0,0,0.0221976,0,0.076142102,0.045504998,1304.01001,5538.52002,21430.80078,0.08,Mesic Floodplain Forest,forest,47,17.66501151,0.176553336,0.103714654,0.131525854,ML=medium low,2x4,2011,7/27/2011,major
BR1185,60,41.30157223,-81.6005012,yes,0,290,1,58.360771,33.688203,58.360771,139.1940002,36.03060045,695.9699707,204.3077233,196.8500061,70.67738467,98.42500305,33.68820259,393.7000122,61.98945703,1152.040039,330.5313826,230.6608393,22556.30315,4.725110054,10.31700039,9.145290375,12.6644001,204.3077233,204.3077233,204.3077233,204.3077233,204.3077233,204.3077233,204.3077233,204.3077233,0,0,0.053274099,1,0.989848018,0.945616007,0.586206973,0.710659981,0.790233016,0.758620977,0.842639983,0.892341971,0.172414005,0.131980002,0.102109,0,0,0,0,0,0,0,0,0,0,0,0,0,0.0101523,0.054384001,0,0,0,0,0,0,0,0,0,0,0,0,0,0,0,0,0.0101523,0.054384001,0,0,0,0,0,0,0,0,0,0.241378993,0.147208005,0.053274099,0,852.5230103,11998.5,0,Paved,forest,n/a,n/a,n/a,n/a,n/a,,,2011,10/3/2011,major
BR1189,61,41.30578061,-81.58883829,no,5,320,1,310.406864,1051.448408,7.07588,768.723999,269.232783,695.9699707,218.8356937,0,7.075879757,1409.22998,419.569979,1013.349976,310.2281637,98.42500305,15.56473083,165.133258,22479.71926,1.649729967,2.564970016,3.234960079,8.750579834,218.8356937,218.8356937,218.8356937,218.8356937,218.8356937,218.8356937,218.8356937,218.8356937,0,0.045685299,0.396225989,1,0.979695022,0.853496015,0.310344994,0.532994986,0.601553977,0.310344994,0.532994986,0.610432982,0,0,0.00887902,0,0,0,0,0,0.00221976,0,0,0,0,0,0.00554939,0,0.0203046,0.112098001,0,0,0,0,0,0,0,0,0,0,0,0.00110988,0,0,0.00443951,0,0.0203046,0.117647,0,0,0,0,0,0,0,0,0.0266371,0.689655006,0.44670099,0.243063003,0,1080.709961,15936.40039,0.1,Mesic Floodplain Forest,forest,70,33.81126787,0.401435429,0.191484371,0.129447673,ML=Medium Low,2x5,2011,8/8/2011,major
BW1114,65,41.41408675,-81.94606301,no,40,322,1,676.38213,635.820387,368.998302,417.5820007,124.7332044,278.3880005,88.1100159,220.0850067,77.48611915,1419.51001,438.5075238,354.8760071,87.92275822,1147.819946,337.272788,13.16705948,22814.3838,0.237855002,0.48179999,0.501218975,0.643024981,88.1100159,88.1100159,88.1100159,88.1100159,88.1100159,88.1100159,88.1100159,88.1100159,0,1.959390044,7.246389866,1,0.77157402,0.495005995,1,0.725888014,0.403995991,1,0.725888014,0.403995991,0,0,0,0,0,0,0,0,0,0,0,0,0,0.101522997,0.261931002,0,0.126903996,0.236404002,0,0,0,0,0,0,0,0,0,0,0.101522997,0.253051996,0,0,0.00887902,0,0.228425995,0.498335004,0,0,0,0,0,0,0,0,0.00665927,0,0.045685299,0.091009997,346.1900024,4833.569824,11595.7002,0.1,Beech-maple forest,forest,54,17.67766953,0.65187703,0.027418989,0.151008644,M=medium,2x5,2011,6/16/2011,minor
BW1134,66,41.42211041,-81.95885648,no,70,50,1,648.298155,639.200557,64.402303,440.1700134,159.9407871,98.42500305,47.57087368,196.8500061,64.40230256,1774.380005,525.8349009,530.0349731,98.1813064,295.2749939,76.39835718,45.37383112,23495.12354,0.594585001,0.770163,0.747102976,1.231661,47.57087368,47.57087368,47.57087368,47.57087368,47.57087368,47.57087368,47.57087368,47.57087368,0.206897005,6.395939827,11.08100033,0.931034982,0.680203021,0.501664996,0.586206973,0.532994986,0.402886003,0.586206973,0.532994986,0.409545004,0,0,0.00665927,0,0,0,0,0.00507614,0.0133185,0,0,0,0,0.152283996,0.235293999,0.068965502,0.162437007,0.249723002,0,0,0,0,0,0,0,0,0,0,0.126903996,0.170920998,0,0.025380701,0.064372897,0.068965502,0.314720988,0.485017002,0,0,0,0,0,0,0,0,0,0.34482801,0.147208005,0.092119902,1161.77002,3289.139893,13342,0.1,Red maple thickets and woodlands,forest,13,13.89946481,0.004222574,0.632552713,0.171717267,M=medium,2X5,2011,6/24/2011,minor
BW1178,67,41.40583271,-81.96677101,no,65,336,1,336.764438,1837.131557,336.764438,440.1700134,161.3736664,311.2470093,95.48134639,2380.580078,729.2196311,5861.040039,1779.283903,393.7000122,79.48672949,354.8760071,99.52866473,20.02621202,24765.34028,0.176661998,0.503363013,0.577939987,1.203999996,95.48134639,95.48134639,95.48134639,95.48134639,95.48134639,95.48134639,95.48134639,95.48134639,0,5.994919777,5.631519794,1,0.64467001,0.584905982,0.965516984,0.61421299,0.549390018,0.965516984,0.61421299,0.549390018,0,0,0,0,0,0.00554939,0,0,0,0,0,0,0,0.131980002,0.143173993,0,0.223350003,0.266371012,0,0,0,0,0,0.00554939,0,0,0,0,0.126903996,0.135405004,0,0.00507614,0.00776915,0,0.35532999,0.409545004,0,0,0,0,0,0,0,0,0,0.034482799,0.030456901,0.035516098,267.8460083,4411.709961,21492.19922,0.1,Oak-Maple swamp,forest,67,27.82804341,0.354364655,0.407730229,0.15230279,H=High,2x5,2011,8/2/2011,minor
BW1198,68,41.4377419,-81.96929061,no,15,290,1,2528.477721,2533.87677,1118.942593,278.3880005,107.6440669,0,15.02181652,6228.830078,1902.533488,7195.799805,2198.729874,220.0850067,62.89617586,139.1940002,15.62836159,19.50663697,23817.81313,0.182407007,1.487269998,1.65892005,1.144494,15.02181652,15.02181652,15.02181652,15.02181652,15.02181652,15.02181652,15.02181652,15.02181652,6.413790226,6.137060165,5.515629768,0.620689988,0.58375603,0.499444991,0.551724017,0.38578701,0.355161011,0.551724017,0.38578701,0.355161011,0,0,0,0,0,0,0,0,0,0,0,0,0.172414005,0.238579005,0.195338994,0.206897005,0.177664995,0.228634998,0,0,0,0,0,0,0,0,0,0.172414005,0.233502999,0.187569007,0,0.00507614,0.00776915,0.379310012,0.416244,0.423972994,0,0,0,0,0,0,0,0,0,0.068965502,0.197970003,0.144283995,1443.390015,4090.72998,19389.40039,0.1,Pin oak flats,forest,23,15.54310893,0.018641743,0.359425001,0.182221956,MH=medium high,2x5,2011,8/17/2011,minor
GP1164,71,41.43200003,-81.60543647,no,50,355,1,18.586999,71.26675,17.494679,492.125,151.4305716,311.2470093,110.6997191,0,17.49467365,139.1940002,47.52115104,405.8169861,81.15444092,220.0850067,5.673866105,141.1853889,9943.971686,11.69369984,12.02320004,9.615420341,5.143730164,110.6997191,110.6997191,110.6997191,110.6997191,110.6997191,110.6997191,110.6997191,110.6997191,21.8621006,23.37059975,21.63820076,0,0.101522997,0.076581597,0,0.101522997,0.076581597,0,0.101522997,0.076581597,0,0,0,0,0,0,0,0,0.0122087,0,0,0,0.482758999,0.477156997,0.386238009,0.517241001,0.421319991,0.470587999,0,0,0,0,0,0,0,0,0,0.482758999,0.329948992,0.256381989,0,0.147208005,0.129856005,1,0.898477018,0.856826007,0,0,0,0,0,0,0,0,0.054384001,0,0,0,0,1597.189941,5106.930176,0.04,Mesic Floodplain Forest,forest,33,13.12784923,0.030753173,0.38435875,0.110742056,MH=medium high,1x4,2011,7/25/2011,minor
HI1101,86,41.21922577,-81.6983875,no,45,240,1,688.518904,187.028197,75.158531,2085.590088,659.8074076,492.125,148.1149184,139.1940002,54.77237762,405.8169861,122.3132434,1279.530029,145.9347501,1252.75,378.5507975,347.4143305,30320.04355,0.927736998,1.45934999,1.831760049,7.688739777,179.0460385,179.0460385,148.1149184,179.0460385,148.1149184,148.1149184,179.0460385,148.1149184,0,0,0.00332963,1,0.918781996,0.768036008,0.620689988,0.812183022,0.716980994,0.620689988,0.812183022,0.734739006,0,0,0.017758001,0,0.081218302,0.227524996,0,0,0,0,0,0,0,0,0,0,0,0.00443951,0,0,0.082130998,0,0.0101523,0.00665927,0,0,0,0,0,0,0,0,0,0,0,0.00443951,0,0.071066,0.138734996,0,0,0,0,0,0,0.379310012,0.106599003,0.033296298,0,1504.609985,10719.2998,0.04,Blackberry Thickets,forest,56,25.55115533,0.068025105,0.407015734,0.13734092,M=medium,2x2,2011,6/21/2011,major
HI1117,87,41.21496525,-81.70015465,no,7,126,1,566.517887,529.074381,230.041244,1771.650024,544.328629,1279.530029,391.3004206,220.0850067,92.73519941,1556.23999,466.4987201,1760.680054,516.7027911,907.434021,283.6109686,386.0721464,30795.47232,4.999559879,6.142159939,6.206500053,8.976810455,544.8646397,544.8646397,398.3548355,391.3004206,398.3548355,391.3004206,391.3004206,391.3004206,0,0,0,1,1,0.947835982,1,0.994924009,0.799112022,1,0.994924009,0.805770993,0,0,0.00665927,0,0,0.043285199,0,0,0,0,0,0,0,0,0,0,0,0,0,0,0.0221976,0,0,0,0,0,0,0,0,0,0,0,0,0,0,0,0,0,0.021087701,0,0,0,0,0,0.00887902,0,0.00507614,0.142064005,0,0,1886.329956,0.1,Beech-maple forest,forest,63,28.34206639,0.464111752,0.010397814,0.209684187,L=low,2x5,2011,6/16/2011,major
HI1130,88,41.204122,-81.70061809,yes,0,290,1,1406.060856,142.516403,17.690684,688.9749756,225.5356798,0,11.2885824,0,17.69068354,196.8500061,60.47424942,1681.890015,231.5571339,139.1940002,23.47360015,163.5379893,32000.20981,4.787930012,5.738319874,4.493350029,4.948800087,241.7268028,241.7268028,241.7268028,11.2885824,241.7268028,11.2885824,11.2885824,11.2885824,0,0,0.053718999,0.551724017,0.609136999,0.579356015,0.413792998,0.497462004,0.41842401,0.413792998,0.502538025,0.471697986,0,0.00507614,0.053274099,0.34482801,0.345178008,0.200887993,0,0,0,0,0,0,0,0,0,0,0,0.0155383,0.34482801,0.309644997,0.135405004,0,0,0,0,0,0,0,0,0,0,0,0,0,0,0.0155383,0,0.035533,0.065482803,0,0,0,0.103448004,0.045685299,0.0099889,0.137931004,0.106599003,0.107657999,737.2199707,3330.870117,18716.59961,0,Small (<25 ac) reservoir,open,n/a,n/a,n/a,n/a,n/a,,,2011,10/13/2011,major
HI1133,89,41.21974746,-81.72214122,no,15,310,1,240.872889,231.687299,1.952412,787.4000244,235.3939387,0,3.65797692,0,1.952412328,405.8169861,117.8670429,630.2280273,145.9450537,1279.530029,368.3271092,529.2439115,30353.92289,0.904082,1.598520041,3.202110052,7.347400188,185.0416702,185.0416702,121.7805321,3.657976918,121.7805321,3.657976918,3.657976918,3.657976918,0,0.060913701,0.118757002,0.448276013,0.609136999,0.766925991,0.103448004,0.365482002,0.577136993,0.103448004,0.401015013,0.633740008,0,0.035533,0.051054399,0.551724017,0.365482002,0.129856005,0,0,0,0,0,0.00554939,0,0,0,0,0.025380701,0.049944501,0.551724017,0.304569006,0.088790201,0,0.0152284,0.00776915,0,0,0,0,0,0,0,0,0,0,0.025380701,0.049944501,0,0.045685299,0.033296298,0,0,0,0,0,0.053274099,0.34482801,0.208122,0.133184999,897.5239868,6327.5,17850.40039,0.04,Young field (<5 years),open,0,4.901894677,0.003044928,0.854437221,0,L=low,2X2,2011,6/30/2011,major
HI1146,90,41.20611333,-81.71453314,no,61,30,1,984.601406,537.483057,233.145836,1476.380005,450.4187121,1217.449951,387.698035,220.0850067,82.36371588,1537.449951,481.3757989,1809.52002,396.3025032,1060.069946,224.8232062,232.1507204,31822.12499,3.669199944,5.054729939,6.105070114,6.842339993,465.8521928,465.8521928,465.8521928,387.698035,465.8521928,387.698035,387.698035,387.698035,0,0,0,1,1,0.953384995,0.79310298,0.842639983,0.812430978,0.79310298,0.842639983,0.812430978,0,0,0,0,0,0.019977801,0,0,0,0,0,0,0,0,0,0,0,0,0,0,0.019977801,0,0,0,0,0,0,0,0,0,0,0,0,0,0,0,0,0,0,0,0,0,0,0,0.0133185,0.206897005,0.157360002,0.140954003,0,0,3388.580078,0.1,"""MIXED"" FORESTS",forest,63,27.14285714,0.42949701,0.063583039,0.167148027,M=Medium,2x5,2011,7/14/2011,major
HI1149,91,41.22353797,-81.69753917,no,3,28,1,817.559242,301.521719,64.847747,1122.219971,355.1587089,196.8500061,54.23896388,196.8500061,64.84773252,989.1589966,299.9812057,1003.73999,250.6826185,688.9749756,179.3263269,118.8585291,29840.30041,1.931810021,4.30039978,3.796689987,5.723559856,217.8352062,217.8352062,54.23896388,217.8352062,54.23896388,54.23896388,217.8352062,54.23896388,0,0.00507614,0.347391993,0.827585995,0.548223019,0.611543,0.827585995,0.543147027,0.539400995,0.827585995,0.548223019,0.598223984,0,0.00507614,0.0588235,0.172414005,0.44670099,0.307435989,0,0,0,0,0,0,0,0,0,0,0.00507614,0.0810211,0,0,0,0,0.0203046,0.00665927,0,0,0,0,0,0,0,0,0,0,0.00507614,0.0810211,0.172414005,0.426396012,0.300776988,0,0,0,0,0,0,0,0,0.0133185,862.0549927,5510.180176,22216.19922,0.1,"""MIXED"" FORESTS",forest,47,17.07211595,0.33666112,0.111174862,0.178558857,H=high,2x5,2011,7/14/2011,major
HI1162,92,41.20742225,-81.68501568,no,100,345,1,2056.24437,1399.4884,93.281144,907.434021,289.2919052,749.5830078,248.2391301,295.2749939,93.28114399,4277.810059,1318.187338,846.684021,226.6795002,393.7000122,116.1645386,96.05954763,31636.23537,10.79049969,3.589220047,8.179430008,7.58630991,248.2391301,248.2391301,248.2391301,248.2391301,248.2391301,248.2391301,248.2391301,248.2391301,0,0,0.036626,1,1,0.916759014,0.896552026,0.751268983,0.729189992,0.896552026,0.822335005,0.847947001,0,0.071066,0.118757002,0,0,0.0488346,0,0,0,0,0,0,0,0,0,0,0,0.028856801,0,0,0.00332963,0,0,0.00554939,0,0,0,0,0,0,0,0,0,0,0,0.028856801,0,0,0.039955601,0,0,0.00554939,0,0,0,0.103448004,0.177664995,0.0688124,0,260.802002,12925.40039,0.08,Sedge seep (e.g. Carex bromoides),forest,68,19.36731843,0.493670886,0.099226778,0.150121742,M=medium,2x4,2011,8/3/2011,major
HI1165,93,41.22199775,-81.71433583,yes,0,30,1,214.709733,124.030576,1.695121,573.9110107,186.0639724,354.8760071,114.6118565,0,1.695084551,0,9.729179003,1453.22998,92.70955927,98.42500305,2.643051018,350.2570926,30059.90908,10.60579967,9.419119835,8.401630402,5.353539944,114.6118565,114.6118565,114.6118565,114.6118565,114.6118565,114.6118565,114.6118565,114.6118565,0,0.167512998,0.145393997,0.65517199,0.441623986,0.563817978,0.65517199,0.380710989,0.391786993,0.65517199,0.441623986,0.526081979,0,0.060913701,0.126525998,0,0,0.0255272,0,0,0,0,0,0.00776915,0,0,0,0,0.071066,0.055493899,0,0,0,0,0,0.0255272,0,0,0,0,0,0,0,0,0,0,0.071066,0.055493899,0,0,0,0,0,0,0.34482801,0.487309992,0.355161011,0,0,0.037735801,0,3418.620117,13606.2002,0,Large (>50 ac) reservior,open,n/a,n/a,n/a,n/a,n/a,,,2011,10/13/2011,major
HI1181,94,41.21777833,-81.7150664,yes,0,17,1,27.851549,89.246669,27.851549,492.125,175.4154392,440.1700134,141.5223237,0,1.405061726,196.8500061,70.33158079,573.9110107,68.05955561,196.8500061,35.1616852,791.4732155,30531.28598,1.125349998,3.029390097,2.593090057,6.493259907,141.5223237,141.5223237,141.5223237,141.5223237,141.5223237,141.5223237,141.5223237,141.5223237,0,0.035533,0.062153202,0.862069011,0.659897983,0.68590498,0.65517199,0.588832021,0.534960985,0.65517199,0.588832021,0.56270802,0,0,0.027746901,0,0,0.0155383,0,0,0,0,0,0,0,0,0,0,0.091370597,0.064372897,0,0,0,0,0,0,0,0,0,0,0,0,0,0,0,0,0.091370597,0.064372897,0,0,0.0155383,0,0,0,0.137931004,0.248731002,0.234183997,0.206897005,0.071066,0.123195998,0,4477.529785,14179.90039,0,Large (>50 ac) reservior,open,n/a,n/a,n/a,n/a,n/a,,,2011,10/13/2011,major
HI1194,95,41.20399324,-81.71865854,no,11,110,1,1259.360719,208.886383,20.792477,688.9749756,217.9630749,295.2749939,103.9774825,0,20.79247708,405.8169861,147.4145779,2362.199951,173.6348226,880.3400269,257.1681023,155.1850068,32078.00167,2.140759945,4.410150051,4.385280132,7.36590004,259.5156591,259.5156591,248.3187556,103.9774825,248.3187556,103.9774825,103.9774825,103.9774825,0,0,0,1,0.893401027,0.688124001,1,0.893401027,0.629301012,1,0.893401027,0.629301012,0,0,0,0,0.101522997,0.0832408,0,0,0,0,0,0,0,0,0,0,0,0,0,0.101522997,0.029966701,0,0,0,0,0,0,0,0,0,0,0,0,0,0,0,0,0,0.053274099,0,0,0,0,0,0,0,0,0.0588235,72.9048996,2071.360107,11259.40039,0.04,Grapevine Tangle,forest,43,17.70569189,0.064499753,0.460571191,0.198827943,L=low,1x4,2011,8/17/2011,major
HI1197,96,41.21311822,-81.72677457,no,31,15,1,301.801912,637.648185,15.752877,2362.199951,701.7375346,1338.719971,427.0084358,0,12.99704164,1893.23999,561.3183802,2589.159912,606.2412575,3169.530029,923.1147149,461.0252476,31120.18317,5.583539963,7.037590027,6.49601984,7.23402977,599.8092702,599.8092702,427.0084358,486.3853365,427.0084358,427.0084358,486.3853365,427.0084358,0,0,0,1,1,0.983352005,1,0.802030027,0.679244995,1,0.893401027,0.81132102,0,0.091370597,0.132074997,0,0,0.016648199,0,0,0,0,0,0,0,0,0,0,0,0,0,0,0.00221976,0,0,0,0,0,0,0,0,0,0,0,0,0,0,0,0,0,0.0144284,0,0,0,0,0,0,0,0.106599003,0.172031,0,0,1431.630005,0.1,Beech-maple forest,forest,66,33.67491648,0.396513562,0.003746835,0.182977235,ML=medium low,2x5,2011,8/16/2011,major
HU1195,97,41.48727677,-81.93666061,no,25,20,1,43.813784,124.572985,43.813784,98.42500305,35.22902465,0,14.19483411,98.42500305,46.01194755,196.8500061,46.36840522,354.8760071,99.80961004,220.0850067,3.305596232,112.510038,20310.61989,4.814760208,5.623770237,5.439529896,3.89625001,14.19483411,14.19483411,14.19483411,14.19483411,14.19483411,14.19483411,14.19483411,14.19483411,2.137929916,5.75635004,8.723640442,0.620689988,0.411168009,0.306326002,0.620689988,0.406091005,0.295228004,0.620689988,0.406091005,0.300776988,0,0,0.00554939,0,0.071066,0.0155383,0,0,0.00554939,0,0,0,0,0.101522997,0.169810995,0.379310012,0.416244,0.477248013,0,0,0,0,0.071066,0.0155383,0,0,0,0,0.0964467,0.146504,0,0.00507614,0.0233074,0.379310012,0.517765999,0.647059023,0,0,0,0,0,0,0,0,0.018867901,0,0.00507614,0.00554939,1961.219971,7968.649902,24596.69922,0.04,Mesic Floodplain Forest,forest,53,17.66501151,0.327638228,0.405160765,0.123881868,L=low,1x4,2011,8/22/2011,minor
MS1103,111,41.29547284,-81.7821699,no,15,65,1,937.670341,1184.479463,663.769998,787.4000244,255.9419457,492.125,156.512266,220.0850067,77.96001998,3907.360107,1184.479463,688.9749756,121.411832,405.8169861,111.7397548,34.73556219,23072.60694,1.744160056,2.212899923,3.637989998,3.950720072,156.512266,156.512266,156.512266,156.512266,156.512266,156.512266,156.512266,156.512266,0,0.451777011,3.277470112,1,0.918781996,0.732518971,0.586206973,0.492386013,0.53274101,0.586206973,0.492386013,0.53274101,0,0,0,0,0,0,0,0,0,0,0,0,0,0.0101523,0.085460603,0,0.071066,0.123195998,0,0,0,0,0,0,0,0,0,0,0.0101523,0.084350698,0,0,0.00110988,0,0.081218302,0.208656996,0,0,0,0,0,0,0,0,0.0588235,0.413792998,0.426396012,0.199778005,0,2860.649902,12224.2998,0.1,"""MIXED"" FORESTS",forest,40,16.0475484,0.269187486,0.071245882,0.194628341,M=Medium,2x5,2011,6/15/2011,major
MS1115,112,41.32018622,-81.81139793,no,60,43,1,278.361726,284.60907,278.361726,501.8710022,161.862858,405.8169861,116.1141419,573.9110107,186.3555478,846.684021,275.9884726,1252.75,272.5295338,196.8500061,59.931826,115.1232422,21496.91995,8.749939919,9.323610306,7.342189789,6.352869987,116.1141419,116.1141419,116.1141419,116.1141419,116.1141419,116.1141419,116.1141419,116.1141419,0,5.913710117,5.976689816,1,0.852792025,0.648168981,0.79310298,0.720812023,0.53274101,0.79310298,0.720812023,0.53274101,0,0,0,0,0,0,0,0,0.028856801,0,0,0,0,0.116751,0.120976999,0,0.0152284,0.153163001,0,0,0,0,0,0,0,0,0.00665927,0,0.030456901,0.042175401,0,0.086294398,0.078801297,0,0.131980002,0.27414,0,0,0,0,0,0,0,0.0152284,0.042175401,0.206897005,0.131980002,0.115427002,0,785.8950195,16238,0.05,"""MIXED"" FORESTS",forest,43,18.55778285,0.581577447,0.096382642,0.148110389,ML=medium low,1x5,2011,6/13/2011,major
MS1126,113,41.35078456,-81.83652059,no,30,306,1,469.601348,577.740759,412.835818,354.8760071,120.8870144,0,19.11850513,688.9749756,219.7601648,1377.949951,429.7658195,1100.420044,212.5665498,1279.530029,203.9584769,120.8457776,19737.55172,0.277070999,0.460707009,0.648586988,2.651590109,19.11850513,19.11850513,19.11850513,19.11850513,19.11850513,19.11850513,19.11850513,19.11850513,0.931034982,2.61420989,3.513870001,0.65517199,0.659897983,0.739179015,0.482758999,0.345178008,0.491676003,0.482758999,0.345178008,0.520533025,0,0,0.028856801,0.068965502,0.025380701,0.00554939,0,0,0.00221976,0,0,0,0,0.050761402,0.073251903,0.275862008,0.263958991,0.176470995,0,0,0,0.068965502,0.025380701,0.00554939,0,0,0,0,0.050761402,0.062153202,0,0,0.0110988,0.275862008,0.314720988,0.249723002,0,0,0,0,0,0,0,0,0.00332963,0.172414005,0.314720988,0.218646005,714.5839844,3118.870117,12742.90039,0.1,Atypical Upland Forest,forest,46,19.69463856,0.385624391,0.395307099,0.146160417,M=medium,2x5,2011,7/5/2011,major
MS1131,114,41.33526,-81.83741,no,35,97,1,331.240777,374.186838,317.528962,354.8760071,101.1334977,98.42500305,51.06535372,840.9439697,252.6446391,1064.630005,333.1781481,311.2470093,58.8992702,311.2470093,96.18922042,34.48998281,21178.34411,14.83759975,5.933819771,6.006790161,5.385489941,51.06535372,51.06535372,51.06535372,51.06535372,51.06535372,51.06535372,51.06535372,51.06535372,1.241379976,7.071070194,7.770259857,0.79310298,0.604061007,0.619311988,0.724138021,0.365482002,0.39289701,0.724138021,0.365482002,0.39289701,0,0,0,0,0,0,0,0,0.00554939,0,0,0,0,0.172589004,0.156492993,0.206897005,0.167512998,0.199778005,0,0,0,0,0,0,0,0,0,0,0.167512998,0.117647,0,0.00507614,0.038845699,0.206897005,0.340101987,0.356270999,0,0,0,0,0,0,0,0.055837601,0.018867901,0.068965502,0.238579005,0.226414993,1032.209961,3788.219971,19340.40039,0.08,"""MIXED"" FORESTS",forest,40,17.45536179,0.158414935,0.345199963,0.244464514,MH=medium high,2X4,2011,7/5/2011,major
MS1135,115,41.30740964,-81.79440237,no,65,85,1,184.696593,361.731982,69.696036,573.9110107,181.21812,501.8710022,152.6662873,98.42500305,11.74023921,1027.589966,303.9657911,2246.590088,609.1595784,492.125,14.84701577,589.2614628,22189.44996,1.475000024,4.458000183,5.058119774,6.329269886,152.6662873,152.6662873,152.6662873,152.6662873,152.6662873,152.6662873,152.6662873,152.6662873,0,0.0101523,0.075471699,1,0.964466989,0.926747978,0.620689988,0.649746001,0.503884971,0.620689988,0.690355003,0.533851027,0,0.040609099,0.029966701,0,0,0,0,0,0,0,0,0,0,0,0,0,0.035533,0.062153202,0,0,0,0,0,0,0,0,0,0,0,0,0,0,0,0,0.035533,0.062153202,0,0,0,0,0,0,0,0,0.0110988,0.379310012,0.274111986,0.39289701,0,1350.869995,10306,0.1,Other-Declining White Pine Stand,forest,53,24.37483032,0.459493233,0.320516764,0.139907161,M=medium,2X5,2011,7/6/2011,major
MS1147,116,41.29791127,-81.79771741,no,75,281,1,189.442043,669.928373,171.892506,2106.389893,635.0898629,1217.449951,373.4426223,98.42500305,28.84896818,1953.680054,589.8953206,2092.540039,618.0494434,793.5280151,222.9974848,601.5915138,23271.21418,0.491432995,1.215610027,1.411030054,4.602089882,373.4426223,373.4426223,373.4426223,373.4426223,373.4426223,373.4426223,373.4426223,373.4426223,0,0,0.00443951,1,1,0.988901019,0,0.370557994,0.441731006,0,0.370557994,0.441731006,0,0,0,0,0,0,0,0,0,0,0,0,0,0,0,0,0,0.0110988,0,0,0,0,0,0,0,0,0,0,0,0,0,0,0,0,0,0.0110988,0,0,0,0,0,0,0,0,0,1,0.629441977,0.547169983,0,0,1495.459961,0.1,Beech-red oak forest,forest,61,20.65460973,0.515625236,0.001602588,0.15583705,MH=medium high,2X5,2011,7/6/2011,major
MS1151,117,41.29702239,-81.78962242,no,16,7,1,494.038679,1311.000282,229.182069,1279.530029,367.6265726,1003.73999,305.2634587,598.6959839,196.553156,3967.639893,1223.205836,1087.140015,308.6186238,709.7529907,58.45386728,306.1622265,23118.86191,5.156869888,5.705550194,5.982309818,4.586599827,349.9841045,305.2634587,349.9841045,349.9841045,305.2634587,349.9841045,305.2634587,305.2634587,0,0,1.163149953,1,1,0.927857995,0.620689988,0.527918994,0.594895005,0.620689988,0.527918994,0.594895005,0,0,0,0,0,0,0,0,0,0,0,0,0,0,0.035516098,0,0,0.036626,0,0,0,0,0,0,0,0,0,0,0,0.035516098,0,0,0,0,0,0.072142102,0,0,0,0,0,0,0,0,0,0.379310012,0.472081006,0.33296299,0,0,6687.279785,0.1,Sugar maple forest,forest,46,20.98442646,0.118707542,0.027281832,0.16075808,H=high,2X5,2011,7/12/2011,major
MS1163,118,41.3123757,-81.79953955,yes,0,69,1,281.352681,428.436625,199.565791,139.1940002,65.63747451,98.42500305,23.78176008,556.776001,162.1262561,1279.530029,407.5766341,573.9110107,131.7409347,0,14.93383449,66.37741117,21850.92244,1.974550009,6.700729847,4.959760189,6.170159817,23.78176007,23.78176007,23.78176007,23.78176007,23.78176007,23.78176007,23.78176007,23.78176007,6.137929916,3.065989971,4.021090031,0.310344994,0.538070977,0.611543,0.172414005,0.253807008,0.344062001,0.172414005,0.274111986,0.395117015,0,0.0203046,0.051054399,0,0,0,0,0.040609099,0.033296298,0,0,0,0.275862008,0.126903996,0.126525998,0.413792998,0.274111986,0.221975997,0,0,0,0,0,0,0,0,0,0.241378993,0.081218302,0.077691503,0.034482799,0.045685299,0.0488346,0.689655006,0.401015013,0.34850201,0,0,0,0,0,0,0,0.0203046,0.00665927,0.137931004,0.263958991,0.216426,867.4829712,5235.52002,20666,0,Streams and Rivers,forest,n/a,n/a,n/a,n/a,n/a,,,2011,9/26/2011,major
MS1167,119,41.29271922,-81.78961705,no,35,27,1,326.481485,1559.890601,326.481485,660.2550049,196.0526543,295.2749939,101.7444093,846.684021,272.4358497,4814.779785,1480.268054,501.8710022,119.4393264,1060.069946,76.31274788,74.81605994,23567.49345,2.376230001,5.61191988,4.705500126,2.944420099,109.3651671,101.7444093,109.3651671,109.3651671,101.7444093,109.3651671,101.7444093,101.7444093,0,4.994919777,8.26636982,1,0.781726003,0.591565013,0.517241001,0.568527997,0.369589001,0.517241001,0.568527997,0.369589001,0,0,0,0,0.0203046,0.00887902,0,0,0,0,0,0,0,0.126903996,0.206437007,0,0.071066,0.193119004,0,0,0,0,0.0203046,0.00887902,0,0,0,0,0.116751,0.196447998,0,0.0101523,0.0099889,0,0.197970003,0.399556011,0,0,0,0,0,0,0,0,0,0.482758999,0.213198006,0.221975997,0,1754.900024,8057.120117,0.04,Crataegus shrub thicket,forest,47,15.125,0.17793048,0.44447473,0.124143778,M=medium,2X2,2011,7/13/2011,major
MS1179,120,41.3245187,-81.81266234,no,35,41,1,12.462294,147.76644,12.462294,98.42500305,37.3422847,0,7.557229361,196.8500061,71.10806446,440.1700134,139.087224,598.6959839,162.9422147,295.2749939,78.27621056,47.91699514,21119.95477,5.219039917,15.05620003,10.62829971,6.054120064,7.557229359,7.557229359,7.557229359,7.557229359,7.557229359,7.557229359,7.557229359,7.557229359,1.793099999,8.314720154,8.193120003,0.620689988,0.467005014,0.514982998,0.517241001,0.406091005,0.451719999,0.517241001,0.406091005,0.451719999,0,0,0,0,0,0.0110988,0,0.00507614,0.00110988,0,0,0,0,0.142131999,0.166482002,0.379310012,0.335025012,0.290787995,0,0,0,0,0,0.0110988,0,0,0,0,0.0659898,0.106547996,0,0.076142102,0.059933402,0.379310012,0.477156997,0.457269996,0,0,0,0,0,0,0,0.050761402,0.0155383,0.103448004,0.060913701,0.063262999,1383.48999,5986.430176,22481.5,0.04,Mesic Floodplain Forest,forest,27,14.25140569,0.239563328,0.476175073,0.17327067,M=medium,1x4,2011,7/27/2011,major
MS1190,121,41.35514357,-81.84518974,no,40,50,1,409.432591,334.279053,288.156477,98.42500305,48.08503127,0,14.46076756,492.125,139.9304899,1100.420044,334.2790528,590.5499878,105.3306359,492.125,123.8493231,79.68694156,19810.03539,1.784279943,2.336659908,3.283469915,3.169879913,14.46076755,14.46076755,14.46076755,14.46076755,14.46076755,14.46076755,14.46076755,14.46076755,1.862069964,1.807109952,1.894559979,0.586206973,0.746192992,0.760266006,0,0.258882999,0.46725899,0,0.314720988,0.486126989,0,0.055837601,0.018867901,0,0,0,0,0,0,0,0,0,0,0.030456901,0.0344062,0.413792998,0.223350003,0.183129996,0,0,0,0,0,0,0,0,0,0,0.030456901,0.0344062,0,0,0,0.413792998,0.253807008,0.217536002,0,0,0,0,0,0,0,0,0.0221976,0.586206973,0.431472003,0.27414,1587.959961,6247.100098,22189.5,0.06,Maple-Ash-Elm forest,forest,40,21.91346618,0.054476264,0.359038703,0.163051856,M=medium,2x3,2011,8/11/2011,major
MS1199,122,41.3051089,-81.79015618,no,8,45,1,80.487742,678.279791,76.249472,1279.530029,408.7739427,1122.219971,364.3554196,196.8500061,76.24947159,1980.77002,609.0811566,1087.140015,326.3772086,1409.22998,316.0316139,327.714806,22294.92107,3.037100077,6.885529995,6.709420204,5.558919907,367.5012041,364.3554196,367.5012041,367.5012041,364.3554196,367.5012041,364.3554196,364.3554196,0,0,0.420643985,1,1,0.947835982,0.689655006,0.431472003,0.549390018,0.689655006,0.431472003,0.558269024,0,0,0.00887902,0,0,0,0,0,0,0,0,0,0,0,0.0110988,0,0,0.041065499,0,0,0,0,0,0,0,0,0,0,0,0.0110988,0,0,0,0,0,0.052164301,0,0,0,0,0,0,0,0,0,0.310344994,0.568527997,0.389566988,0,0,5241.52002,0.1,Mesic Floodplain Forest,forest,59,28,0.101921434,0.02885437,0.117619456,MH=medium high,2x5,2011,7/12/2011,major
NC1104,138,41.53236395,-81.40952465,no,30,358,1,2166.273426,2083.179104,2157.956689,196.8500061,76.5714451,98.42500305,49.78891623,7004.790039,2129.085608,6819.790039,2083.179104,688.9749756,175.9092058,139.1940002,49.31212387,77.12844095,24125.16736,0.588117003,0.89210099,1.425930023,6.696420193,121.8915475,49.78891623,121.8915475,121.8915475,49.78891623,121.8915475,49.78891623,49.78891623,8.310339928,5.720809937,4.877910137,0.758620977,0.598985016,0.632629991,0.758620977,0.598985016,0.632629991,0.758620977,0.598985016,0.632629991,0,0,0,0,0.081218302,0.072142102,0,0,0,0,0,0,0.172414005,0.121826999,0.106547996,0.068965502,0.197970003,0.160932004,0,0,0,0,0.081218302,0.072142102,0,0,0,0.137931004,0.116751,0.097669303,0.034482799,0.00507614,0.00887902,0.241378993,0.319797009,0.267480999,0,0,0,0,0,0.00443951,0,0,0.0233074,0,0,0,515.2189941,5273.879883,22460.30078,0.04,Mesic Floodplain Forest,forest,34,13.62659937,0.1404413,0.551516167,0.154473041,H=High,2x2,2011,6/22/2010,major
NC1113,139,41.58606218,-81.4248829,no,13,22,1,275.298605,381.743384,275.298605,885.8250122,287.0019916,311.2470093,93.97134093,846.684021,271.2224101,1201.430054,381.7433843,793.5280151,224.0316565,1409.22998,411.273991,72.81826285,24722.97331,5.278279781,14.49750042,14.36079979,10.54749966,93.97134093,93.97134093,93.97134093,93.97134093,93.97134093,93.97134093,93.97134093,93.97134093,0,0.720812023,3.719199896,1,0.862944007,0.684795022,1,0.862944007,0.684795022,1,0.862944007,0.684795022,0,0,0,0,0,0.0155383,0,0,0,0,0,0,0,0.00507614,0.078801297,0,0.131980002,0.219756007,0,0,0,0,0,0.0155383,0,0,0,0,0.00507614,0.078801297,0,0,0,0,0.137055993,0.298557013,0,0,0,0,0,0.00110988,0,0,0,0,0,0,37.80889893,3549.100098,13001.7002,0.1,"""MIXED"" FORESTS",forest,47,23.76900329,0.417631672,0.214942406,0.172229604,M=medium,2X5,2011,6/20/2011,major
NC1120,140,41.5621996,-81.43354,yes,20,41,1,35.736146,35.968148,35.736146,220.0850067,76.39551859,98.42500305,34.76116735,98.42500305,48.12862023,98.42500305,35.96814797,622.4940186,183.5648558,354.8760071,101.7471455,336.1736998,23049.96751,1.030179977,1.628749967,1.67129004,1.98676002,34.76116735,34.76116735,34.76116735,34.76116735,34.76116735,34.76116735,34.76116735,34.76116735,2.517240047,3.690360069,3.097670078,0.206897005,0.456853002,0.670365989,0.206897005,0.421319991,0.652607977,0.206897005,0.441623986,0.659267008,0,0.0203046,0.00665927,0,0,0.021087701,0,0,0,0,0,0,0.34482801,0.192892998,0.097669303,0.448276013,0.299492002,0.174251005,0,0,0,0,0,0.021087701,0,0,0,0.275862008,0.162437007,0.089900099,0.068965502,0.030456901,0.00776915,0.79310298,0.492386013,0.271919996,0,0,0,0,0,0.00665927,0,0.050761402,0.029966701,0,0.0152284,0.0110988,1801.75,7507.509766,23387,0,Mowed area in parking lot,open,n/a,n/a,n/a,n/a,n/a,,,2011,10/3/2011,major
NC1129,141,41.5760518,-81.425918,no,23,10,1,147.356754,345.477916,19.398617,1147.819946,358.7249491,695.9699707,225.0935357,0,19.39861733,573.9110107,176.5222105,1320.51001,288.8261916,1752.410034,493.0936652,654.214331,24196.98416,3.566349983,4.406010151,6.46239996,10.27859974,225.0935357,225.0935357,225.0935357,225.0935357,225.0935357,225.0935357,225.0935357,225.0935357,0,0,0.833518028,1,0.994924009,0.882353008,1,0.949239016,0.863484979,1,0.994924009,0.882353008,0,0.045685299,0.018867901,0,0.00507614,0.029966701,0,0,0,0,0,0,0,0,0.0255272,0,0,0.062153202,0,0,0,0,0.00507614,0.029966701,0,0,0,0,0,0.0255272,0,0,0,0,0,0.087680399,0,0,0,0,0,0,0,0,0,0,0,0,0,396.1329956,7495.859863,0.1,Beech-maple forest,forest,63,27.95426938,0.489057107,0.030749922,0.160334589,L=Low,2x5,2011,6/29/2011,major
NC1140,142,41.55643602,-81.42452641,no,15,70,1,227.42373,626.025004,156.325706,768.723999,230.5560544,749.5830078,221.074945,501.8710022,156.3257001,1953.680054,590.5467487,1577.869995,432.8932451,1338.719971,387.7574296,432.7540527,23558.80489,3.391060114,4.346549988,5.355470181,9.463640213,221.074945,221.074945,221.074945,221.074945,221.074945,221.074945,221.074945,221.074945,0,0,0.553829014,1,1,0.923417985,1,1,0.923417985,1,1,0.923417985,0,0,0,0,0,0.00332963,0,0,0,0,0,0,0,0,0.00554939,0,0,0.059933402,0,0,0,0,0,0.00332963,0,0,0.00110988,0,0,0.00332963,0,0,0.00221976,0,0,0.065482803,0,0,0,0,0,0,0,0,0.00665927,0,0,0,0,262.5629883,11642.5,0.1,Beech-maple forest,forest,47,22.98819573,0.355789272,0.06329477,0.213898352,ML=medium low,2x5,2011,7/19/2011,major
NC1145,143,41.583293,-81.424534,no,41,316,1,310.425896,265.650827,310.425896,787.4000244,252.926695,688.9749756,223.357996,0,14.8235754,787.4000244,265.6508273,1556.23999,464.941211,2076.280029,636.8283277,370.6722448,24621.8527,11.37590027,18.15530014,16.31940079,10.30340004,223.357996,223.357996,223.357996,223.357996,223.357996,223.357996,223.357996,223.357996,0,0,0.599334002,1,0.994924009,0.907880008,1,0.994924009,0.907880008,1,0.994924009,0.907880008,0,0,0,0,0.00507614,0.0244173,0,0,0,0,0,0,0,0,0.00443951,0,0,0.063262999,0,0,0,0,0.00507614,0.0244173,0,0,0,0,0,0.00443951,0,0,0,0,0,0.067702599,0,0,0,0,0,0,0,0,0,0,0,0,0,464.6830139,13557.7998,0.04,Beech-maple forest,forest,66,26.2446682,0.517403607,0.003715084,0.206259985,MH=medium high,1X4,2011,7/18/2011,major
NC1156,144,41.54237379,-81.41337354,no,15,55,1,1015.209977,930.012802,1006.055783,393.7000122,110.6526284,295.2749939,86.33734542,3180.209961,975.0000128,2998.330078,930.0128023,811.6329956,158.7850143,220.0850067,70.40419553,112.784406,24040.79361,0.385549992,2.7035501,2.999419928,4.714869976,93.77786766,86.33734542,93.77786766,93.77786766,86.33734542,93.77786766,86.33734542,86.33734542,0,3.416239977,3.898999929,0.862069011,0.649746001,0.620422006,0.862069011,0.649746001,0.612653017,0.862069011,0.649746001,0.620422006,0,0,0.00221976,0,0.035533,0.082130998,0,0,0,0,0,0.00554939,0,0.0659898,0.082130998,0,0.121826999,0.138734996,0,0,0,0,0.035533,0.082130998,0,0,0,0,0.0659898,0.077691503,0,0,0.00443951,0,0.187817007,0.220865995,0,0,0,0,0,0,0.137931004,0.126903996,0.076581597,0,0,0,151.1430054,5587.080078,24239.40039,0.1,Cottonwood Forest,forest,13,12.67105187,0.108989338,0.691479962,0.194444444,ML=medium low,2x5,2011,7/20/2011,major
NC1161,145,41.57942889,-81.4344852,no,57,320,1,184.661787,284.927663,63.408923,880.3400269,275.0336852,98.42500305,28.44587009,196.8500061,63.40891511,907.434021,284.9276628,787.4000244,225.4164687,840.9439697,246.2866771,169.2051783,23689.08705,0.625371993,0.802178979,0.745230973,1.85374999,116.8281028,116.8281028,28.4458701,116.8281028,28.4458701,28.4458701,116.8281028,28.4458701,0,0.974618971,5.451720238,0.724138021,0.680203021,0.554938972,0.482758999,0.609136999,0.521642983,0.482758999,0.609136999,0.533851027,0,0,0.0122087,0.275862008,0.233502999,0.109878004,0,0,0.00110988,0,0,0,0,0.0101523,0.108768001,0,0.076142102,0.216426,0,0,0,0,0.035533,0.0610433,0,0,0,0,0.0101523,0.105438001,0,0,0.00332963,0,0.086294398,0.325194001,0.275862008,0.197970003,0.0488346,0,0,0,0,0,0.00887902,0.241378993,0.071066,0.021087701,904.1929932,5764.939941,16279.2998,0.1,Red maple thickets and woodlands,forest,33,17.34454765,0.09755146,0.856543063,0.169266819,M=medium,2x5,2011,7/18/2011,major
NC1168,146,41.5280608,-81.412235,no,20,100,1,2564.892266,2487.333374,2518.784058,590.5499878,195.5281218,220.0850067,63.53175253,8319.679688,2534.638765,8126.470215,2487.333374,1122.219971,185.1944172,196.8500061,46.5039739,70.18739464,23819.05993,1.182250023,1.439329982,1.373540044,6.216639996,63.53175252,63.53175252,63.53175252,63.53175252,63.53175252,63.53175252,63.53175252,63.53175252,0,5.279190063,6.408430099,0.79310298,0.624365985,0.604883015,0.79310298,0.624365985,0.593784988,0.79310298,0.624365985,0.604883015,0,0,0.0110988,0,0.076142102,0.0344062,0,0,0,0,0,0,0,0.126903996,0.115427002,0.034482799,0.086294398,0.208656996,0,0,0,0,0.076142102,0.0344062,0,0,0,0,0.101522997,0.105438001,0,0.025380701,0.0099889,0.034482799,0.213198006,0.324084014,0,0,0,0,0,0.0099889,0.172414005,0.086294398,0.0266371,0,0,0,217.8840027,4797.790039,24691,0.04,Sycamore Woodland,forest,40,16.43656638,0.138203783,0.408279563,0.152738106,L=low,2x2,2011,7/25/2011,major
NC1177,147,41.5709938,-81.41631,no,62,110,1,340.996247,194.828156,46.139734,492.125,143.6396763,0,14.37139428,98.42500305,30.5432987,660.2550049,194.8281563,974.3579712,221.2116977,556.776001,46.13085115,188.106431,24735.51117,0.820425987,1.414039969,1.384610057,5.459030151,14.37139428,14.37139428,14.37139428,14.37139428,14.37139428,14.37139428,14.37139428,14.37139428,1.758620024,4.67512989,3.539400101,0.551724017,0.467005014,0.541620016,0.551724017,0.441623986,0.536071002,0.551724017,0.467005014,0.541620016,0,0,0,0.448276013,0.35532999,0.235293999,0,0,0,0,0.025380701,0.00554939,0,0,0.0221976,0,0.030456901,0.127636001,0,0,0,0.448276013,0.35532999,0.235293999,0,0,0,0,0,0.019977801,0,0,0.00221976,0,0.030456901,0.149834007,0,0,0,0,0,0,0,0.147208005,0.073251903,0,0,0,793.4689941,3863.580078,21741,0.04,Atypical Upland Forest,forest,29,13.57142857,0.004453054,0.589639971,0.191033687,L=Low,1x4,2011,8/9/2011,major
NC1184,148,41.5680035,-81.43599495,no,11,350,1,22.960463,287.548568,22.960463,295.2749939,94.524478,196.8500061,65.22968538,354.8760071,111.3158207,840.9439697,263.3013218,1013.349976,230.2904863,622.4940186,164.5903391,274.8730362,23083.48396,0.295872003,0.408394009,0.45994699,3.916039944,65.22968539,65.22968539,65.22968539,65.22968539,65.22968539,65.22968539,65.22968539,65.22968539,0,2.01522994,5.628190041,0.965516984,0.695430994,0.568257987,0.827585995,0.634518027,0.534960985,0.827585995,0.634518027,0.553829014,0,0,0.018867901,0,0.0101523,0.0488346,0,0,0.00221976,0,0,0,0,0.0964467,0.152052999,0.034482799,0.197970003,0.228634998,0,0,0,0,0.0101523,0.018867901,0,0,0,0,0.0964467,0.140954003,0,0,0.0110988,0.034482799,0.29441601,0.380688012,0,0,0.029966701,0,0,0,0,0,0,0.137931004,0.060913701,0.0144284,381.9440002,6429.990234,19629.40039,0.1,Red maple thickets and woodlands,forest,22,14.6,0.049812682,0.86173165,0.197054612,M=medium,2x5,2011,8/10/2011,major
NC1193,149,41.57445035,-81.4210299,yes,20,347,1,91.46895,47.643713,61.500444,220.0850067,101.1362485,196.8500061,51.52237967,196.8500061,61.50044353,98.42500305,14.01132298,196.8500061,22.96681455,885.8250122,273.5337142,337.5382075,24507.3998,1.115659952,1.816720009,2.429549932,9.869050026,51.52237967,51.52237967,51.52237967,51.52237967,51.52237967,51.52237967,51.52237967,51.52237967,11.48279953,5.969540119,2.33295989,0.103448004,0.329948992,0.71143198,0.103448004,0.329948992,0.705882013,0.103448004,0.329948992,0.71143198,0,0,0,0,0.025380701,0.0244173,0,0,0,0,0,0.00554939,0.482758999,0.126903996,0.037735801,0.413792998,0.517765999,0.192009002,0,0,0.0099889,0,0.025380701,0.0144284,0,0,0,0.482758999,0.126903996,0.037735801,0,0,0,0.896552026,0.64467001,0.229745001,0,0,0,0,0,0,0,0,0.0344062,0,0,0,899.4329834,4862.120117,10769.2002,0,Mowed area in parking lot,open,n/a,n/a,n/a,n/a,n/a,,,2011,10/3/2011,major
OE1116,151,41.43110137,-81.66585758,no,10,347,1,71.145005,324.279269,71.145005,1849.23999,582.1270417,295.2749939,94.88564034,196.8500061,77.56979488,405.8169861,129.4781418,907.434021,126.6310151,295.2749939,77.32074598,128.8140345,7169.505533,0.179496005,0.623054028,0.979474008,6.42869997,94.88564035,94.88564035,94.88564035,94.88564035,94.88564035,94.88564035,94.88564035,94.88564035,6.034480095,12.83759975,19.98340034,0,0.238579005,0.316314995,0,0.228425995,0.310766011,0,0.228425995,0.310766011,0,0,0,1,0.736041009,0.312985986,0,0,0.0221976,0,0,0,0,0.0152284,0.250831991,0,0,0.073251903,0,0,0,1,0.736041009,0.312985986,0,0,0,0,0,0.149834007,0,0.0152284,0.100998998,0,0.0152284,0.324084014,0,0,0,0,0,0,0,0.0101523,0.0221976,0,0.0101523,0.00554939,246.1849976,4390.129883,15582.2998,0.02,Grapevine Tangle,forest,10,10.66666667,0.001132093,0.510789086,0.227318654,L=low,1x2,2011,6/14/2011,minor
OE1180,152,41.42952764,-81.66792263,no,80,345,1,77.869606,507.983291,77.869606,1100.420044,360.3169305,98.42500305,30.99874385,98.42500305,31.80226164,501.8710022,150.73623,1027.589966,186.799896,295.2749939,95.8078477,87.5286724,7282.625562,0.779154003,2.349289894,3.379950047,6.931280136,30.99874385,30.99874385,30.99874385,30.99874385,30.99874385,30.99874385,30.99874385,30.99874385,2.517240047,6.350249767,20.21199989,0.862069011,0.609136999,0.413984001,0.862069011,0.609136999,0.406215012,0.862069011,0.609136999,0.406215012,0,0,0,0.103448004,0.35532999,0.295228004,0,0,0.0488346,0,0,0,0,0.0101523,0.168700993,0,0,0.045504998,0,0,0,0.103448004,0.35532999,0.295228004,0,0,0,0,0.00507614,0.071032196,0,0.00507614,0.097669303,0,0.0101523,0.214205995,0,0,0,0,0,0,0.034482799,0.025380701,0.0221976,0,0,0.00776915,641.039978,4762.029785,16323.09961,0.04,Old field (>10 years),forest,36,11.84948338,0.111006647,0.387354566,0.111072154,H=high,1x4,2011,8/8/2011,minor
RR1102,165,41.46594625,-81.8303345,no,35,281,1,69.993218,136.703113,52.523941,139.1940002,60.08390779,0,5.551926032,98.42500305,16.64637911,311.2470093,79.79088658,989.1589966,77.73724917,295.2749939,88.1727378,214.6982239,11792.22669,21.72830009,17.55150032,14.05379963,9.649950027,5.551926029,5.551926029,5.551926029,5.551926029,5.551926029,5.551926029,5.551926029,5.551926029,1.172410011,3.025379896,5.028860092,0.517241001,0.532994986,0.485017002,0.517241001,0.532994986,0.43729201,0.517241001,0.532994986,0.43729201,0,0,0,0,0.040609099,0.00887902,0,0,0,0,0,0,0,0.055837601,0.110987999,0.413792998,0.233502999,0.277469009,0,0,0,0,0.040609099,0.00887902,0,0,0.00221976,0,0.050761402,0.0954495,0,0.00507614,0.0155383,0.413792998,0.289339989,0.388457,0,0,0,0,0,0,0.068965502,0.137055993,0.115427002,0,0,0.047724701,2505.699951,6913.600098,23283.40039,0.1,"""MIXED"" FORESTS",forest,50,20.22325394,0.08639256,0.048501339,0.118479298,MH=medium high,2x5,2011,6/13/2011,major
RR1106,166,41.44214718,-81.84527096,no,100,15,1,50.934294,142.109008,50.934294,98.42500305,39.62246516,0,3.836439999,196.8500061,56.62905957,440.1700134,125.577088,598.6959839,118.8987418,220.0850067,61.44746514,86.30040514,13841.38361,0.477064013,0.813749015,2.91869998,7.263840199,3.836439997,3.836439997,3.836439997,3.836439997,3.836439997,3.836439997,3.836439997,3.836439997,1.931030035,3.812180042,5.332960129,0.206897005,0.421319991,0.48834601,0.172414005,0.335025012,0.455049992,0.172414005,0.335025012,0.469478011,0,0,0.0144284,0.103448004,0.040609099,0.0244173,0,0,0,0,0,0,0.034482799,0.086294398,0.128746003,0.65517199,0.426396012,0.327414006,0,0,0,0.103448004,0.040609099,0.0244173,0,0,0,0.034482799,0.076142102,0.120976999,0,0.0101523,0.00776915,0.689655006,0.512690008,0.456160009,0,0,0,0,0,0,0,0.025380701,0.031076601,0.034482799,0.086294398,0.018867901,1418.51001,8062.75,27929,0.04,Young field (<5 years),open,0,6.736096793,0,0.554076073,0,H=high,2x2,2011,6/15/2011,major
RR1110,167,41.39061529,-81.87254258,no,65,43,1,56.31766,256.661205,26.839559,787.4000244,261.2178093,98.42500305,53.52790583,139.1940002,26.83955862,891.276001,256.6612046,984.25,193.0898641,98.42500305,19.76395003,172.3146842,18737.68221,0.859085977,5.263840199,3.710999966,6.697909832,53.52790583,53.52790583,53.52790583,53.52790583,53.52790583,53.52790583,53.52790583,53.52790583,0.172414005,0.431472003,3.214210033,0.758620977,0.822335005,0.544950008,0.275862008,0.451777011,0.415093988,0.275862008,0.451777011,0.415093988,0,0,0,0,0,0,0,0,0.00443951,0,0,0,0,0.0152284,0.228634998,0.241378993,0.157360002,0.205327004,0,0,0,0,0,0,0,0,0,0,0.0101523,0.156492993,0,0.00507614,0.072142102,0.241378993,0.172589004,0.433961987,0,0,0,0,0,0,0,0.00507614,0.016648199,0.482758999,0.370557994,0.129856005,1663.040039,7491.5,27325.59961,0.1,Mesic Floodplain Forest,forest,44,16.66987149,0.144769991,0.21383534,0.145001928,L=low,2x5,2011,6/14/2011,major
RR1118,168,41.40868551,-81.88356377,yes,80,335,1,13.790734,121.982531,13.790734,393.7000122,117.6123253,196.8500061,63.24529847,311.2470093,88.79713408,98.42500305,18.00728959,98.42500305,17.30895562,98.42500305,9.355949071,249.5681764,18389.60011,4.270579815,6.856750011,7.359690189,7.377679825,63.24529847,63.24529847,63.24529847,63.24529847,63.24529847,63.24529847,63.24529847,63.24529847,0,0.695430994,3.736959934,0.689655006,0.725888014,0.688124001,0.448276013,0.487309992,0.533851027,0.448276013,0.487309992,0.549390018,0,0,0.0155383,0,0,0,0,0,0,0,0,0,0,0.0152284,0.092119902,0,0.142131999,0.132074997,0,0,0,0,0,0,0,0,0,0,0.0101523,0.088790201,0,0.00507614,0.00332963,0,0.157360002,0.224195004,0,0,0,0,0,0,0.310344994,0.116751,0.087680399,0.241378993,0.238579005,0.138734996,422.2919922,5600.649902,18797.09961,0,Streams and Rivers,forest,n/a,n/a,n/a,n/a,n/a,,,2011,9/26/2011,major
RR1138,169,41.39486214,-81.88916062,no,85,53,1,471.18813,580.392652,10.116753,98.42500305,21.21320606,196.8500061,47.84588234,0,10.11675301,1718.920044,529.057815,492.125,53.05214266,984.25,281.8770841,26.35664846,19599.579,0.580860019,0.838521004,0.816347003,4.901410103,47.84588234,47.84588234,47.84588234,47.84588234,47.84588234,47.84588234,47.84588234,47.84588234,4.689660072,5.959390163,4.061039925,0.103448004,0.152283996,0.523862004,0.103448004,0.152283996,0.403995991,0.103448004,0.152283996,0.403995991,0,0,0,0.275862008,0.167512998,0.038845699,0,0,0,0,0,0,0,0.091370597,0.072142102,0.620689988,0.588832021,0.346282005,0,0,0,0.275862008,0.071066,0.0155383,0,0,0,0,0.091370597,0.071032196,0,0,0.00110988,0.620689988,0.680203021,0.41842401,0,0.0964467,0.0233074,0,0,0,0,0,0.018867901,0,0,0.119866997,802.9299927,5554.759766,24995.90039,0.04,Young field (<5 years),forest,16,7.937253933,0,0.738901074,0.17084397,M=medium,2X2,2011,7/7/2011,major
RR1150,170,41.47696,-81.82661,no,30,282,1,33.913852,234.005312,33.913852,98.42500305,29.66286243,0,0.674903906,556.776001,156.5022795,787.4000244,234.0053118,196.8500061,35.29976178,695.9699707,201.7429205,27.36094583,11242.11417,19.00749969,16.3519001,12.61489964,7.772220135,0.674903908,0.674903908,0.674903908,0.674903908,0.674903908,0.674903908,0.674903908,0.674903908,2.241379976,16.92889977,19.44169998,0.65517199,0.350253999,0.280799001,0.65517199,0.350253999,0.280799001,0.65517199,0.350253999,0.280799001,0,0,0,0,0,0,0,0.0101523,0.018867901,0,0,0,0.068965502,0.390863001,0.41842401,0.275862008,0.218273997,0.198668003,0,0,0,0,0,0,0,0,0,0.068965502,0.263958991,0.280799001,0,0.126903996,0.137624994,0.34482801,0.609136999,0.617092013,0,0,0,0,0,0,0,0.030456901,0.0832408,0,0,0,2329.959961,7477.740234,18260.09961,0.1,Beech-red oak forest,forest,36,14.62059865,0.329462215,0.001214709,0.160798402,VH=very high,2x5,2011,7/13/2011,major
RR1154,171,41.43075207,-81.84245506,no,60,75,1,320.499518,522.234932,128.483516,556.776001,180.8289412,440.1700134,120.3420193,354.8760071,128.4835162,1013.349976,313.0000916,492.125,98.19173265,556.776001,159.932173,80.31410352,14190.71947,11.71539974,8.407770157,10.84819984,5.650350094,123.8599776,120.3420193,123.8599776,123.8599776,120.3420193,123.8599776,120.3420193,120.3420193,0,4.832489967,11.15869999,1,0.751268983,0.501664996,1,0.690355003,0.407325,1,0.690355003,0.407325,0,0,0,0,0,0.0233074,0,0,0.0110988,0,0,0,0,0.116751,0.297446996,0,0.060913701,0.108768001,0,0,0,0,0,0.019977801,0,0,0,0,0.116751,0.221975997,0,0,0.075471699,0,0.177664995,0.406215012,0,0,0.00332963,0,0,0,0,0.071066,0.057713699,0,0.060913701,0.094339602,0,2406.070068,12663,0.06,"""MIXED"" FORESTS",forest,61,21.9120499,0.153697146,0.034883017,0.120982606,ML=medium low,2x3,2011,7/25/2011,major
RR1158,172,41.44375881,-81.83401071,yes,0,20,1,459.958247,531.647336,381.429291,1574.800049,480.6069233,295.2749939,76.14652813,907.434021,267.2236288,405.8169861,113.2185778,1718.920044,191.9019423,840.9439697,92.25399075,524.0769654,12909.68379,0.214947,0.677628994,0.931307971,4.052882,76.14652813,76.14652813,76.14652813,76.14652813,76.14652813,76.14652813,76.14652813,76.14652813,1.413789988,1.588829994,1.19422996,0.034482799,0.091370597,0.287458003,0,0.055837601,0.226414993,0.034482799,0.091370597,0.264151007,0.034482799,0.035533,0.032186501,0,0.071066,0.055493899,0,0,0,0,0,0.00554939,0,0,0.00887902,0.965516984,0.837562978,0.541620016,0,0,0,0,0.071066,0.055493899,0,0,0,0,0,0.00776915,0,0,0.00110988,0.965516984,0.837562978,0.550499022,0,0,0,0,0,0,0,0,0.106547996,0,0,0.0233074,277.1440125,2939.219971,12549.7998,0,Mowed Golf Course,open,n/a,n/a,n/a,n/a,n/a,,,2011,9/27/2011,major
RR1166,173,41.413375,-81.8746321,no,65,18,1,235.156779,297.87188,124.958423,196.8500061,69.61541894,139.1940002,54.38180607,311.2470093,116.9576666,793.5280151,259.7163106,630.2280273,83.64044488,278.3880005,72.6815157,46.39514776,17482.14628,7.868750095,10.70960045,10.9914999,7.69941,54.38180607,54.38180607,54.38180607,54.38180607,54.38180607,54.38180607,54.38180607,54.38180607,2.482759953,7.456850052,7.532740116,0.758620977,0.451777011,0.485017002,0.586206973,0.340101987,0.396225989,0.586206973,0.340101987,0.400665998,0,0,0.00443951,0,0,0,0,0.0203046,0.021087701,0,0,0,0.068965502,0.197970003,0.185350001,0.103448004,0.238579005,0.246392995,0,0,0,0,0,0,0,0,0,0.034482799,0.121826999,0.112098001,0.034482799,0.076142102,0.073251903,0.172414005,0.436547995,0.431742996,0,0,0,0,0,0,0.068965502,0.091370597,0.062153202,0.172414005,0.111675002,0.084350698,740.0980225,3843.610107,19047,0.1,Cottonwood Forest,forest,46,21.01903899,0.048213487,0.065631555,0.184763382,ML=Medium low,2x5,2011,8/8/2011,major
RR1170,174,41.44435305,-81.8359,yes,0,72,1,308.882369,386.789184,308.882369,1082.680054,331.2008859,405.8169861,110.6659498,880.3400269,270.9274088,440.1700134,127.9862473,1189.27002,98.80041397,969.3740234,204.7319359,358.8273734,13026.19873,0.364096999,1.298889995,1.207540035,3.173520088,110.6659498,110.6659498,110.6659498,110.6659498,110.6659498,110.6659498,110.6659498,110.6659498,1.551720023,1.766499996,3.263040066,0,0.035533,0.206437007,0,0,0.159822002,0,0.035533,0.199778005,0,0.035533,0.0344062,0,0.035533,0.0610433,0,0,0,0,0,0.00554939,0,0,0.052164301,1,0.928933978,0.605992973,0,0,0,0,0.035533,0.0610433,0,0,0,0,0,0.037735801,0,0,0.0144284,1,0.928933978,0.658158004,0,0,0,0,0,0,0,0,0.074361801,0,0,0.00665927,0,1700.650024,14511.09961,0,Mowed Golf Course,open,n/a,n/a,n/a,n/a,n/a,,,2011,9/29/2011,major
RR1174,175,41.38938239,-81.8688055,no,60,359,1,71.446667,94.483212,71.446667,405.8169861,140.5326519,196.8500061,59.25183717,0,2.599418121,311.2470093,94.48321236,440.1700134,68.0660744,492.125,36.88902734,55.40631714,18573.27702,16.28050041,11.14150047,9.292309761,5.4542799,59.25183716,59.25183716,59.25183716,59.25183716,59.25183716,59.25183716,59.25183716,59.25183716,0.103448004,4.832489967,8.380689621,0.965516984,0.664974988,0.541620016,0.965516984,0.527918994,0.366259992,0.965516984,0.527918994,0.366259992,0,0,0,0,0,0,0,0,0.00110988,0,0,0,0,0.106599003,0.266371012,0.034482799,0.197970003,0.180910006,0,0,0,0,0,0,0,0,0,0,0.106599003,0.220865995,0,0,0.045504998,0.034482799,0.304569006,0.447281003,0,0,0,0,0,0,0,0.030456901,0.0099889,0,0.137055993,0.175360993,1208.650024,6911.990234,22733.19922,0.1,"""MIXED"" FORESTS",forest,49,16.58312395,0.070363073,0.40312975,0.209645895,ML=medium low,2x5,2011,7/27/2011,major
RR1182,176,41.41234818,-81.88299011,no,9,84,1,225.170761,260.714979,52.146141,492.125,154.6235633,630.2280273,190.5960391,196.8500061,52.14617647,196.8500061,59.12701016,989.1589966,244.8611338,811.6329956,206.8663503,231.62133,18145.58374,7.479589939,4.801929951,6.778950214,7.471668,190.5960391,190.5960391,190.5960391,190.5960391,190.5960391,190.5960391,190.5960391,190.5960391,0,0.284263998,3.569370031,1,0.959390998,0.726970017,1,0.690355003,0.514982998,1,0.837562978,0.560487986,0,0.147208005,0.045504998,0,0,0,0,0,0,0,0,0,0,0.00507614,0.067702599,0,0.035533,0.138734996,0,0,0,0,0,0,0,0,0,0,0.00507614,0.047724701,0,0,0.019977801,0,0.040609099,0.206437007,0,0,0,0,0,0,0,0,0.066592701,0,0.121826999,0.166482002,0,1729.849976,17333.69922,0.1,"""MIXED"" FORESTS",forest,43,18.70924141,0.432452088,0.355931204,0.134807276,h=high,2x5,2011,7/28/2011,major
SC1108,186,41.45236463,-81.40720345,no,11,40,1,3365.492541,639.245007,113.340763,492.125,154.9132874,278.3880005,92.25181022,220.0850067,81.86413627,405.8169861,113.4685093,749.5830078,186.5511437,354.8760071,94.72156664,105.454151,24323.63294,0.266698986,3.564310074,4.021930218,7.366960049,92.25181021,92.25181021,92.25181021,92.25181021,92.25181021,92.25181021,92.25181021,92.25181021,0,4.24364996,6.881239891,1,0.487309992,0.430633008,0.758620977,0.426396012,0.397336006,1,0.461928993,0.413984001,0.241378993,0.035533,0.016648199,0,0.045685299,0.047724701,0,0,0,0,0,0,0,0.055837601,0.126525998,0,0.289339989,0.335182995,0,0,0.00110988,0,0.040609099,0.029966701,0,0.040609099,0.0110988,0,0.050761402,0.107657999,0,0.00507614,0.018867901,0,0.345178008,0.461708993,0,0.00507614,0.016648199,0,0,0,0,0.081218302,0.0488346,0,0.025380701,0.016648199,23.89030075,3680.439941,17466.30078,0.05,Mixed emergent marsh,forest,53,18.1422947,0.279164082,0.454577986,0,MH=medium high,1X5,2011,7/12/2011,major
SC1112,187,41.4188452,-81.420212,no,10,13,1,170.316539,107.802756,23.504747,590.5499878,187.6612001,98.42500305,42.29058116,0,23.50476817,311.2470093,84.10307614,1814.869995,81.1272367,1217.449951,354.3333247,522.7824004,24246.91215,4.145999908,9.126159668,7.480120182,7.512410164,42.29058117,42.29058117,42.29058117,42.29058117,42.29058117,42.29058117,42.29058117,42.29058117,5.310339928,5.157360077,2.739180088,0.758620977,0.649746001,0.759155989,0.551724017,0.456853002,0.692564011,0.758620977,0.649746001,0.751387,0.206897005,0.192892998,0.0588235,0,0,0.0099889,0,0,0,0,0,0,0.068965502,0.086294398,0.0466149,0.172414005,0.263958991,0.184239998,0,0,0,0,0,0.0099889,0,0,0,0.034482799,0.076142102,0.0443951,0.034482799,0.0101523,0.00221976,0.241378993,0.350253999,0.230855003,0,0,0,0,0,0,0,0,0,0,0,0.00776915,1093.630005,7356.600098,29005.90039,0.04,Mesic Floodplain Forest,forest,57,21.72233066,0.29218013,0.494670867,0.117797006,MH=medium high,1X4,2011,6/24/2011,major
SC1119,188,41.41310594,-81.46102156,no,29,44,1,65.855694,118.207897,65.855694,278.3880005,89.08951866,98.42500305,15.53631876,0,24.65149655,139.1940002,57.27032313,405.8169861,83.90912365,1476.380005,288.0993951,55.23549768,21321.99894,5.072790146,6.496059895,5.635200024,4.405600071,15.53631876,15.53631876,15.53631876,15.53631876,15.53631876,15.53631876,15.53631876,15.53631876,5.586209774,6.071070194,8.339619637,0.379310012,0.421319991,0.322973996,0.379310012,0.421319991,0.322973996,0.379310012,0.421319991,0.322973996,0,0,0,0,0.025380701,0.031076601,0,0,0.00110988,0,0,0,0.137931004,0.106599003,0.201997995,0.482758999,0.44670099,0.442840993,0,0,0,0,0.025380701,0.031076601,0,0,0,0.137931004,0.106599003,0.177579999,0,0,0.0244173,0.620689988,0.55329901,0.644838989,0,0,0,0,0,0,0,0,0,0,0,0,1016.640015,8836.730469,25058.69922,0.04,Young field (<5 years),forest,9,8.621054497,0.039192966,0.955456342,0.196194728,M=medium,2x2,2011,6/28/2011,major
SC1124,189,41.434264,-81.417385,no,60,95,1,1249.049862,98.712035,33.128564,98.42500305,29.19730385,278.3880005,95.2218573,98.42500305,33.12856356,220.0850067,68.37948285,220.0850067,71.03122823,354.8760071,92.86266381,31.39482113,23951.17742,0.241242006,0.829795003,1.077370048,8.232410431,95.2218573,95.2218573,95.2218573,95.2218573,95.2218573,95.2218573,95.2218573,95.2218573,11.48279953,6.269040108,2.657049894,0,0.299492002,0.599334002,0,0.233502999,0.566038013,0,0.233502999,0.56714797,0,0,0.00110988,0,0.137055993,0.093229704,0,0,0,0,0,0,0.275862008,0.116751,0.0488346,0.724138021,0.44670099,0.229745001,0,0,0,0,0.137055993,0.066592701,0,0,0,0.275862008,0.116751,0.0488346,0,0,0,1,0.563452005,0.278578997,0,0,0.0266371,0,0,0,0,0,0.028856801,0,0.0659898,0.032186501,99.98010254,5955.459961,26620.30078,0.1,"""MIXED"" FORESTS",forest,53,18.67524313,0.388867892,0.501875218,0.118811317,H=high,2X5,2011,6/23/2011,major
SC1128,190,41.4141563,-81.434518,no,15,102,1,14.914768,906.831545,14.914768,0,11.64331763,196.8500061,46.85591225,0,25.60350043,3057.52002,906.8315454,695.9699707,30.45555219,530.0349731,131.613567,21.88461564,23313.89138,3.94949007,7.337230206,8.482469559,6.131060123,46.85591225,46.85591225,46.85591225,46.85591225,46.85591225,46.85591225,46.85591225,46.85591225,2.034480095,4.604060173,5.571589947,0.862069011,0.58375603,0.549390018,0.862069011,0.58375603,0.541620016,0.862069011,0.58375603,0.549390018,0,0,0.00776915,0,0,0.017758001,0,0,0,0,0,0,0.034482799,0.071066,0.093229704,0.103448004,0.345178008,0.339623004,0,0,0,0,0,0.017758001,0,0,0,0.034482799,0.071066,0.091009997,0,0,0.00221976,0.137931004,0.416244,0.432852,0,0,0,0,0,0,0,0,0,0,0,0,1354.030029,8771.19043,27905.40039,0.04,Beech-red oak forest,forest,67,25.62512554,0.625201939,0.249561003,0.162407981,L=Low,1x4,2011,6/28/2011,major
SC1144,191,41.43927428,-81.40158825,no,49,25,1,2229.314223,633.642511,137.515613,556.776001,164.9002026,354.8760071,98.82189094,311.2470093,101.3003997,1978.319946,598.3838153,969.3740234,99.54729211,1260.459961,349.2189509,59.09327654,25087.75681,11.81289959,13.01430035,13.00650024,9.620349884,98.82189094,98.82189094,98.82189094,98.82189094,98.82189094,98.82189094,98.82189094,98.82189094,0,1.081220031,3.006659985,1,0.893401027,0.701443017,1,0.852792025,0.648168981,1,0.893401027,0.684795022,0,0.040609099,0.036626,0,0,0.043285199,0,0,0,0,0,0,0,0.0152284,0.059933402,0,0.091370597,0.174251005,0,0,0,0,0,0.043285199,0,0,0,0,0.0152284,0.059933402,0,0,0,0,0.106599003,0.234183997,0,0,0,0,0,0,0,0,0.021087701,0,0,0.016648199,0,3625.23999,19187.69922,0.1,Beech-maple forest,forest,77,30.89596424,0.595756327,0.076605062,0.137698277,MH=medium high,2X5,2011,7/12/2011,major
SC1160,192,41.40495272,-81.40297662,yes,0,280,1,1147.447236,1133.732663,36.764534,98.42500305,36.92795213,0,0.950264515,98.42500305,36.76453388,3524.110107,1070.405418,354.8760071,42.41617704,98.42500305,3.631887004,35.72255005,26142.08949,1.583610058,5.917880058,5.287419796,5.358910084,0.950264512,0.950264512,0.950264512,0.950264512,0.950264512,0.950264512,0.950264512,0.950264512,6.172410011,2.289340019,1.583799958,0.413792998,0.573603988,0.688124001,0.379310012,0.527918994,0.66703701,0.413792998,0.573603988,0.683685005,0.034482799,0.045685299,0.016648199,0.103448004,0.137055993,0.142064005,0,0,0,0,0,0,0.103448004,0.0659898,0.043285199,0.379310012,0.187817007,0.117647,0,0,0.027746901,0.103448004,0.137055993,0.114317,0,0,0,0.103448004,0.0659898,0.042175401,0,0,0.00110988,0.482758999,0.253807008,0.160932004,0,0,0,0,0.035533,0.00887902,0,0,0,0,0,0.00443951,2708.159912,9843.05957,34376.39844,0,Mowed,forest,n/a,n/a,n/a,n/a,n/a,,,2011,9/27/2011,major
SC1172,193,41.45306271,-81.40457388,yes,0,70,1,3500.689893,592.084087,246.287155,295.2749939,94.99597181,0,3.582005475,278.3880005,83.96261815,793.5280151,246.6925699,530.0349731,134.8601962,98.42500305,12.0064901,24.37487486,24525.66409,2.248140097,1.023249984,1.927579999,6.49778986,87.0860008,87.0860008,87.0860008,87.0860008,87.0860008,87.0860008,87.0860008,87.0860008,0.172414005,5.299489975,8.270810127,0.551724017,0.406091005,0.403995991,0.551724017,0.370557994,0.341841996,0.551724017,0.406091005,0.387347013,0,0.035533,0.045504998,0,0.00507614,0.028856801,0,0,0,0,0,0,0,0.0964467,0.158712998,0.034482799,0.350253999,0.36293,0,0,0,0,0.00507614,0.019977801,0.206897005,0.050761402,0.0110988,0,0.0964467,0.139844999,0,0,0.018867901,0.034482799,0.44670099,0.521642983,0,0,0.00887902,0,0,0,0.206897005,0.091370597,0.0344062,0,0,0.016648199,1098.579956,5605.5,18460.5,0,Streams and Rivers,forest,n/a,n/a,n/a,n/a,n/a,,,2011,9/27/2011,major
SC1176,194,41.41701687,-81.42694417,no,60,339,1,188.433139,475.010519,36.01544,530.0349731,193.2747178,492.125,158.4004276,98.42500305,36.01544273,1338.719971,392.0322218,1147.819946,318.522828,835.1640015,123.1999592,195.8601739,23788.6902,4.322020054,4.730760098,7.776060104,7.89136982,158.4004276,158.4004276,158.4004276,158.4004276,158.4004276,158.4004276,158.4004276,158.4004276,0,0.319797009,1.732519984,1,0.928933978,0.805770993,1,0.928933978,0.802442014,1,0.928933978,0.805770993,0,0,0.00332963,0,0.0101523,0.042175401,0,0,0,0,0,0,0,0,0.032186501,0,0.060913701,0.119866997,0,0,0,0,0.0101523,0.042175401,0,0,0,0,0,0.031076601,0,0,0.00110988,0,0.060913701,0.152052999,0,0,0,0,0,0,0,0,0,0,0,0,0,3519.959961,24480.80078,0.1,Beech-red oak forest,forest,70,27,0.893847609,0.010904021,0.151859098,M=medium,2X5,2011,8/5/2011,major
SC1183,195,41.4139175,-81.464058,no,12,83,1,61.994802,385.03072,2.133769,196.8500061,43.51198758,0,6.996733519,0,2.133769398,1003.73999,312.6364908,196.8500061,59.79791774,1087.140015,327.0290701,23.06605904,21053.58619,5.816889763,7.662620068,6.79433012,4.828219891,6.996733519,6.996733519,6.996733519,6.996733519,6.996733519,6.996733519,6.996733519,6.996733519,1.862069964,5.695429802,8.218649864,0.620689988,0.421319991,0.326303989,0.620689988,0.421319991,0.326303989,0.620689988,0.421319991,0.326303989,0,0,0,0,0.071066,0.0344062,0,0,0,0,0,0,0.068965502,0.177664995,0.204218,0.310344994,0.329948992,0.435072005,0,0,0,0,0.071066,0.0344062,0,0,0,0.068965502,0.172589004,0.182019994,0,0.00507614,0.0221976,0.379310012,0.507614017,0.639289975,0,0,0,0,0,0,0,0,0,0,0,0,1875.420044,9549.099609,24425.5,0.1,"""MIXED"" FORESTS",forest,33,14.5780943,0.154294582,0.108115636,0.191441053,H=High,2x5,2011,8/2/2011,major
SC1188,196,41.43251445,-81.41730532,no,44,86,1,1054.701812,113.828192,0.191716,220.0850067,96.63570658,98.42500305,32.37525284,0,0.191691744,393.7000122,113.8281922,709.7529907,202.3704038,622.4940186,135.9928239,97.0655806,24010.80925,0.802716017,1.232259989,1.424990058,7.545470238,32.37525284,32.37525284,32.37525284,32.37525284,32.37525284,32.37525284,32.37525284,32.37525284,3.206899881,3.3197999,2.66704011,0.137931004,0.406091005,0.641508996,0.137931004,0.375634998,0.602663994,0.137931004,0.375634998,0.614871979,0,0,0.0122087,0.034482799,0.142131999,0.089900099,0,0,0,0,0,0,0,0.050761402,0.0466149,0.827585995,0.360406011,0.186459005,0,0,0,0.034482799,0.142131999,0.066592701,0,0,0,0,0.050761402,0.0466149,0,0,0,0.827585995,0.411168009,0.233073995,0,0,0.0233074,0,0,0,0,0.040609099,0.035516098,0,0.030456901,0.0266371,1083.349976,7634.919922,23755.80078,0.04,Young field (<5 years),open,13,7.8,0.001592804,0.876292202,0.179936724,None recorded,2x2,2011,8/11/2011,major
SC1192,197,41.4188158,-81.434001,no,20,59,1,469.588535,880.322149,444.686026,501.8710022,174.7904556,220.0850067,80.34823103,1294.579956,407.1298677,2686.47998,838.734947,393.7000122,107.9263904,1003.73999,143.0477968,19.09047672,23166.17821,16.19799995,19.22170067,15.69099998,7.03290987,80.34823103,80.34823103,80.34823103,80.34823103,80.34823103,80.34823103,80.34823103,80.34823103,0,2.477159977,3.660379887,0.965516984,0.812183022,0.68590498,0.965516984,0.812183022,0.68590498,0.965516984,0.812183022,0.68590498,0,0,0,0,0.0101523,0.0244173,0,0,0,0,0,0,0,0.060913701,0.076581597,0.034482799,0.116751,0.213097006,0,0,0,0,0.0101523,0.0244173,0,0,0,0,0.060913701,0.072142102,0,0,0.00443951,0.034482799,0.177664995,0.289678007,0,0,0,0,0,0,0,0,0,0,0,0,274.1289978,4296.990234,23173.80078,0.05,Beech forest,forest,67,28.29615047,0.659061101,0.009909441,0.26924987,H=high,1x5,2011,8/17/2011,major
WC1008,200,41.36966761,-81.69278478,no,22,320,1,810.519389,1097.095558,348.468775,440.1700134,134.8079181,98.42500305,16.41585467,0,16.47414249,1122.219971,335.7922005,393.7000122,63.76614295,98.42500305,23.35179788,63.27067214,13609.45786,6.120100021,8.511099815,14.3441,7.327270031,16.41585467,16.41585467,16.41585467,16.41585467,16.41585467,16.41585467,16.41585467,16.41585467,1.517240047,10.84770012,16.80019951,0.689655006,0.512690008,0.394006997,0.689655006,0.512690008,0.394006997,0.689655006,0.512690008,0.394006997,0,0,0,0,0,0.00332963,0,0,0,0,0,0,0.034482799,0.274111986,0.426192999,0.275862008,0.213198006,0.176470995,0,0,0,0,0,0.00332963,0,0,0,0.034482799,0.269035995,0.410654992,0,0.00507614,0.0155383,0.310344994,0.487309992,0.602663994,0,0,0,0,0,0,0,0,0,0,0,0,1433.099976,6974.419922,17822.5,0.08,Mesic Floodplain Forest,forest,36,17.4077656,0.206167711,0.400211517,0.208777733,H=high,2x4,2010,6/28/2010,minor
WC1376,203,41.38103328,-81.6968314,no,12,20,1,439.160549,254.024219,35.255919,835.1640015,263.3530322,492.125,159.7242206,0,12.00766018,405.8169861,147.0485809,768.723999,225.0819845,405.8169861,137.0281931,190.9170385,12350.10184,6.56843996,10.38150024,11.74590015,10.15400028,159.7242206,159.7242206,159.7242206,159.7242206,159.7242206,159.7242206,159.7242206,159.7242206,0,0.055837601,6.660379887,1,0.959390998,0.752497017,1,0.908629,0.734739006,1,0.908629,0.734739006,0,0,0,0,0,0,0,0,0,0,0,0,0,0.0101523,0.160932004,0,0.030456901,0.086570501,0,0,0,0,0,0,0,0,0,0,0.0101523,0.137624994,0,0,0.0233074,0,0.040609099,0.247502998,0,0,0,0,0,0,0,0,0,0,0.050761402,0.017758001,0,1604.550049,11970,0.05,Dry-Mesic Oak Forest and Woodland,forest,54,20.41241452,0.69208802,0.247135499,0.14480545,H=high,1x5,2010,7/28/2010,minor
WC1388,204,41.38036422,-81.70156575,no,60,280,1,726.482395,367.491751,408.301409,393.7000122,104.4857819,220.0850067,65.62809508,1082.680054,314.8227912,1233.26001,367.4917505,492.125,58.42702774,1771.650024,520.2646615,55.52698083,12439.45572,7.775949955,16.37280083,10.82619953,6.440609932,117.0428435,65.62809508,117.0428435,117.0428435,65.62809508,117.0428435,65.62809508,65.62809508,1.310340047,17.02029991,20.06550026,0.965516984,0.532994986,0.401775986,0.965516984,0.532994986,0.401775986,0.965516984,0.532994986,0.401775986,0,0,0,0,0,0,0,0,0.00221976,0,0,0,0.034482799,0.390863001,0.476137996,0,0.076142102,0.119866997,0,0,0,0,0,0,0,0,0,0.034482799,0.289339989,0.344062001,0,0.101522997,0.132074997,0.034482799,0.467005014,0.596004009,0,0,0,0,0,0,0,0,0,0,0,0,364.5329895,3318.52002,8445.620117,0.05,Beech-maple forest,forest,36,15.56365229,0.300211537,0.377470318,0.148717127,VH=very high,1x5,2010,8/2/2010,minor
WC3420,205,41.3782138,-81.69644533,no,15,300,1,735.386048,123.502234,83.832798,393.7000122,107.5912107,196.8500061,50.22009646,278.3880005,83.83276619,278.3880005,81.49583042,440.1700134,120.6511343,630.2280273,196.1322669,14.11581683,12662.50004,10.0333004,16.95350075,15.77709961,9.126210213,50.22009645,50.22009645,50.22009645,50.22009645,50.22009645,50.22009645,50.22009645,50.22009645,0.241378993,9.974619865,13.3774004,0.862069011,0.634518027,0.60710299,0.862069011,0.609136999,0.594895005,0.862069011,0.609136999,0.594895005,0,0,0,0,0,0,0,0,0,0,0,0,0,0.228425995,0.317425013,0.137931004,0.137055993,0.075471699,0,0,0,0,0,0,0,0,0,0,0.208122,0.278578997,0,0.0203046,0.038845699,0.137931004,0.365482002,0.39289701,0,0,0,0,0,0,0,0,0,0,0.025380701,0.0122087,805.0809937,3972.610107,11654.5,0.04,"""MIXED"" FORESTS",forest,23,12.93158175,0.112489299,0.152607163,0.197555351,M=medium,1x4,2010,8/2/2010,minor
WC3596,207,41.38440643,-81.69773363,no,5,350,1,176.391931,484.906392,176.391931,1185.189941,377.585815,98.42500305,40.10006054,98.42500305,35.53495772,793.5280151,242.7039067,492.125,143.6003456,630.2280273,175.7505493,33.440567,11977.54317,9.539759636,10.94349957,10.76159954,9.761070251,40.10006055,40.10006055,40.10006055,40.10006055,40.10006055,40.10006055,40.10006055,40.10006055,0,0.994924009,2.320749998,0.862069011,0.781726003,0.736958981,0.862069011,0.781726003,0.720310986,0.862069011,0.781726003,0.720310986,0,0,0,0,0,0,0,0,0,0,0,0,0,0.060913701,0.071032196,0.137931004,0.157360002,0.192009002,0,0,0,0,0,0,0,0,0,0,0.060913701,0.064372897,0,0,0.00665927,0.137931004,0.218273997,0.26304099,0,0,0,0,0,0,0,0,0,0,0,0.016648199,611.0430298,3615.669922,14230.09961,0.1,Dry-Mesic Oak Forest and Woodland,forest,47,20.78460969,0.448292358,0.359956737,0.130260348,VH=very high,2x5,2010,8/3/2010,minor
WC3668,208,41.37930244,-81.69372875,no,30,240,1,603.926989,333.746329,5.866867,716.5449829,216.0332995,440.1700134,140.7559734,0,5.866878154,749.5830078,233.5287789,660.2550049,159.3430084,295.2749939,42.40144902,88.26067797,12539.26846,1.752879977,2.946369886,4.25921011,9.749199867,165.6088109,140.7559734,165.6088109,165.6088109,140.7559734,165.6088109,140.7559734,140.7559734,0,3.426399946,9.479470253,1,0.883248985,0.641508996,0.931034982,0.837562978,0.624861002,0.931034982,0.837562978,0.624861002,0,0,0,0,0,0,0,0,0.00443951,0,0,0,0,0.076142102,0.218646005,0,0.040609099,0.135405004,0,0,0,0,0,0,0,0,0,0,0.060913701,0.188678995,0,0.0152284,0.029966701,0,0.116751,0.354050994,0,0,0,0,0,0,0,0,0,0.068965502,0.045685299,0.016648199,0,2776.570068,14339.7002,0.1,Mesic Floodplain Forest,forest,55,21.61532378,0.28047109,0.283203249,0.149589268,H=high,2x5,2010,8/2/2010,minor
BC1024,1,41.4134749,-81.75319701,no,70,7,2,84.738838,55.479581,84.738838,220.0850067,69.09012648,98.42500305,6.94966589,0,0.431237775,98.42500305,36.11369202,417.5820007,36.85080896,354.8760071,100.0142925,81.49235405,10065.25874,4.345950127,4.947700024,4.486390114,2.53147006,6.949665889,6.949665889,6.949665889,6.949665889,6.949665889,6.949665889,6.949665889,6.949665889,2.689660072,14.12689972,25.91900063,0.517241001,0.380710989,0.209766999,0.517241001,0.279188007,0.144283995,0.517241001,0.279188007,0.144283995,0,0,0,0,0,0,0,0,0.0255272,0,0,0,0,0.324873,0.579356015,0.482758999,0.29441601,0.185350001,0,0,0,0,0,0,0,0,0,0,0.289339989,0.504993975,0,0.035533,0.074361801,0.482758999,0.619288981,0.764706016,0,0,0,0,0,0,0,0,0,0,0.101522997,0.065482803,1541.699951,5702.819824,10520.2002,0.05,Beech-maple forest,forest,54,21.31718139,0.343599241,0.20783236,0.170458214,H=high,1x5,2010,6/23/2010,minor
BC1046,2,41.37805425,-81.83956071,no,74,28,2,206.463974,389.756979,206.463974,417.5820007,108.044203,278.3880005,85.2130854,749.5830078,235.4607537,660.2550049,218.5864314,695.9699707,86.56327149,880.3400269,254.1369291,1.369406313,17597.84358,1.203799963,2.288049936,2.216320038,2.124910116,85.2130854,85.2130854,85.2130854,85.2130854,85.2130854,85.2130854,85.2130854,85.2130854,0,2.847719908,9.523859978,1,0.857868016,0.508324027,0.65517199,0.649746001,0.367370009,0.65517199,0.649746001,0.367370009,0,0,0,0,0,0,0,0,0,0,0,0,0,0.071066,0.258601993,0,0.0659898,0.172031,0,0,0,0,0,0,0,0,0,0,0.0659898,0.231964007,0,0.00507614,0.0266371,0,0.137055993,0.430633008,0,0,0,0,0.00507614,0.049944501,0,0,0.0110988,0.34482801,0.208122,0.140954003,56.98419952,4188.950195,16651.69922,0.04,Mixed emergent marsh,forest,10,6.717514421,0,0.711622431,0,H=high,2x2,2010,7/20/2010,minor
BC1078,3,41.36788074,-81.82850171,no,23,348,2,168.601198,462.712888,168.601198,984.25,295.331855,278.3880005,88.54568299,1122.219971,344.7213362,573.9110107,164.5921822,695.9699707,197.1660428,417.5820007,62.50627093,115.8779411,17830.37189,2.478110075,5.377409935,4.129730225,2.980690002,185.3821015,175.5906881,88.54568299,185.3821015,88.54568299,88.54568299,175.5906881,88.54568299,0,1.065989971,26.55380058,1,0.842639983,0.344062001,0.862069011,0.690355003,0.271919996,0.896552026,0.720812023,0.278578997,0.034482799,0.030456901,0.00665927,0,0.086294398,0.102109,0,0,0.059933402,0,0,0,0,0.045685299,0.415093988,0,0.025380701,0.078801297,0,0,0,0,0,0.0155383,0,0,0,0,0.025380701,0.183129996,0,0.0203046,0.231964007,0,0.071066,0.493896008,0,0.086294398,0.086570501,0,0,0,0,0,0,0.103448004,0.121826999,0.065482803,147.6499939,4953.330078,15062,0.08,Maple-Ash swamp,forest,44,17.75592091,0.0552528,0.195337572,0.123511932,H=high,2x4,2010,9/2/2010,minor
BE1004,7,41.38148127,-81.55597234,no,5,340,2,497.469539,512.806752,47.089877,974.3579712,322.2505656,846.684021,275.836079,139.1940002,47.08987649,1537.449951,446.1359913,1113.550049,337.8673141,405.8169861,108.0635044,323.0196715,16834.68217,6.418379784,8.87749958,8.624360085,10.84819984,275.836079,275.836079,275.836079,275.836079,275.836079,275.836079,275.836079,275.836079,0,0,2.951169968,1,0.944162011,0.819090009,1,0.898477018,0.75582701,1,0.944162011,0.812430978,0,0.045685299,0.033296298,0,0,0.016648199,0,0,0,0,0,0.0233074,0,0,0.085460603,0,0,0.033296298,0,0,0,0,0,0.00887902,0,0,0,0,0,0.085460603,0,0,0,0,0,0.118757002,0,0,0.00776915,0,0,0,0,0.055837601,0.045504998,0,0,0.00665927,0,0,4884.959961,0.03,Mesic Floodplain Forest,forest,63,20.17822376,0.090412168,0.411159349,0.11888187,MH=medium high,1x3,2010,6/24/2010,major
BE1011,8,41.37299363,-81.50531899,no,10,40,2,47.70723,61.768399,39.258761,98.42500305,31.27025735,0,20.08994742,840.9439697,249.8515197,98.42500305,30.31220277,278.3880005,58.36341022,630.2280273,149.9172691,24.44318282,20561.58298,6.304910183,10.10750008,7.78249979,5.336150169,20.08994742,20.08994742,20.08994742,20.08994742,20.08994742,20.08994742,20.08994742,20.08994742,4.310339928,5.629439831,15.47719955,0.65517199,0.497462004,0.291898012,0.65517199,0.477156997,0.286347985,0.65517199,0.477156997,0.286347985,0,0,0,0,0,0.0099889,0,0,0.00776915,0,0,0,0.241378993,0.208122,0.369589001,0.103448004,0.29441601,0.320755005,0,0,0,0,0,0.0099889,0,0,0,0.241378993,0.203045994,0.337402999,0,0.00507614,0.032186501,0.34482801,0.502538025,0.690343976,0,0,0,0,0,0,0,0,0,0,0.0203046,0.00554939,734.7310181,5377.970215,19072.09961,0.06,Old Field (>10 years),forest,30,10.78253949,0.418102151,0.439325016,0.180335696,ML=medium low,2x3,2010,6/22/2010,major
BE1015,9,41.38146958,-81.55977949,no,5,340,2,415.439563,445.495298,24.065209,405.8169861,137.7810485,278.3880005,63.53029891,98.42500305,24.06520924,1489.439941,444.3289956,530.0349731,150.3475068,405.8169861,97.39935037,139.3192883,16619.96311,0.901877999,1.892609954,3.332159996,10.87360001,63.5302989,63.5302989,63.5302989,63.5302989,63.5302989,63.5302989,63.5302989,63.5302989,0,3.700510025,3.817980051,1,0.741117001,0.665926993,0.724138021,0.573603988,0.628190994,0.827585995,0.710659981,0.659267008,0.103448004,0.137055993,0.031076601,0,0.101522997,0.137624994,0,0,0,0,0,0,0,0.101522997,0.105438001,0,0.040609099,0.054384001,0,0,0,0,0.050761402,0.035516098,0,0,0,0,0.101522997,0.104328997,0,0,0.00110988,0,0.142131999,0.159822002,0,0.050761402,0.102109,0,0,0,0,0.0152284,0.036626,0.172414005,0.030456901,0.00665927,224.3869934,3625.899902,13091,0.1,Red maple thickets and woodlands,forest,7,10.32795559,0.005040577,0.979434447,0.156536697,VH=very high,2x5,2010,6/22/2010,major
BE1020,10,41.3862587,-81.53752729,yes,60,350,2,36.813404,125.389051,36.813404,440.1700134,124.0473722,98.42500305,19.25647817,98.42500305,26.47885215,98.42500305,33.81718178,405.8169861,31.45694989,354.8760071,96.14063241,149.9019071,17562.74641,1.730949998,3.172869921,5.766409874,9.366020203,19.25647817,19.25647817,19.25647817,19.25647817,19.25647817,19.25647817,19.25647817,19.25647817,1.827589989,7.228429794,17.1697998,0.689655006,0.685279012,0.46281901,0.689655006,0.685279012,0.46281901,0.689655006,0.685279012,0.46281901,0,0,0,0.137931004,0.030456901,0.00665927,0,0.0101523,0.037735801,0,0,0,0.034482799,0.131980002,0.277469009,0.137931004,0.121826999,0.207546994,0,0,0,0.137931004,0.030456901,0.00665927,0,0,0,0.034482799,0.086294398,0.148724005,0,0.045685299,0.128746003,0.172414005,0.253807008,0.485017002,0,0,0,0,0,0,0,0.0203046,0.00776915,0,0,0,764.059021,3545.199951,10532.2002,0,Mowed Ball Field,forest,n/a,n/a,n/a,n/a,n/a,,,2010,7/26/2010,major
BE1031,11,41.37359533,-81.56972009,no,10,30,2,135.994741,135.195783,84.895995,139.1940002,52.60476366,98.42500305,26.26626803,220.0850067,77.66372146,393.7000122,135.1957826,1003.73999,155.6371628,556.776001,149.7341284,263.6913367,16751.92111,12.79090023,11.40439987,14.54370022,8.677789688,36.14797682,26.26626803,36.14797682,36.14797682,26.26626803,36.14797682,26.26626803,26.26626803,3.655169964,1.111680031,1.451719999,0.758620977,0.878172994,0.803551972,0.758620977,0.878172994,0.802442014,0.758620977,0.878172994,0.802442014,0,0,0,0,0,0.032186501,0,0,0,0,0,0,0.137931004,0.035533,0.028856801,0.103448004,0.045685299,0.106547996,0,0,0,0,0,0.032186501,0,0,0,0.137931004,0.035533,0.0255272,0,0,0.00332963,0.241378993,0.081218302,0.135405004,0,0,0,0,0,0,0,0.040609099,0.028856801,0,0,0.00110988,1352.069946,3635.709961,20639.30078,0.1,"""MIXED"" FORESTS",forest,67,32.60587151,0.287573627,0.047628096,0.112761551,H=high,2x5,2010,6/23/2010,major
BE1047,12,41.37281627,-81.55135718,no,15,335,2,145.219964,260.31653,39.262814,492.125,143.3791609,530.0349731,165.6583507,98.42500305,39.26283106,573.9110107,172.4445143,1409.22998,375.8689836,556.776001,144.2544157,319.1298588,17805.56082,11.32839966,15.04510021,13.4289999,10.83990002,165.6583507,165.6583507,165.6583507,165.6583507,165.6583507,165.6583507,165.6583507,165.6583507,0,0.964466989,2.446170092,1,0.93908602,0.833518028,1,0.913706005,0.779133976,1,0.93908602,0.833518028,0,0.025380701,0.0466149,0,0,0,0,0,0,0,0,0.00776915,0,0.0203046,0.055493899,0,0.040609099,0.110987999,0,0,0,0,0,0,0,0,0,0,0.0203046,0.055493899,0,0,0,0,0.060913701,0.166482002,0,0,0,0,0,0,0,0,0,0,0,0,0,3468.350098,23580.59961,0.1,Beech-maple forest,forest,67,31.80408779,0.550675365,0.048004096,0.180084675,M=medium,2x5,2010,7/19/2010,major
BE1059,13,41.3518401,-81.57155229,no,40,20,2,112.991461,715.792444,112.991461,393.7000122,98.67833069,196.8500061,56.36965669,0,13.23170305,1409.22998,460.1451845,1980.77002,74.99924541,1283.310059,400.6798478,94.21513332,18628.19613,1.86145997,2.560120106,2.775719881,5.560689926,85.19414189,85.19414189,56.36965669,85.19414189,56.36965669,56.36965669,85.19414189,56.36965669,0.034482799,2.888319969,5.522749901,0.137931004,0.370557994,0.539400995,0.137931004,0.370557994,0.539400995,0.137931004,0.370557994,0.539400995,0,0,0,0.827585995,0.467005014,0.214205995,0,0,0,0,0,0,0,0.071066,0.117647,0.034482799,0.091370597,0.128746003,0,0,0,0.206897005,0.304569006,0.178690001,0,0,0,0,0.071066,0.097669303,0,0,0.019977801,0.034482799,0.162437007,0.246392995,0.620689988,0.162437007,0.035516098,0,0,0,0,0,0,0,0,0,685.5089722,3902.830078,14384.09961,0.1,Dogwood Thickets,open,26,7.938566201,0.000387507,0.725218941,0.09891841,M=medium,2x5,2010,7/26/2010,major
BE1063,14,41.37854136,-81.54313286,no,15,295,2,286.032783,527.710212,286.032783,907.434021,301.2812349,716.5449829,225.8956341,974.3579712,306.1969247,933.7420044,271.2548029,969.3740234,277.6362989,1013.349976,294.9779628,360.2119894,17815.07643,1.971109986,2.280719995,2.391119957,4.653729916,225.8956341,225.8956341,225.8956341,225.8956341,225.8956341,225.8956341,225.8956341,225.8956341,4,5.832489967,7.280799866,0,0,0.170920998,0,0,0.163151994,0,0,0.170920998,0,0,0.00776915,0,0,0.00776915,0,0,0,0,0,0,0,0.025380701,0.077691503,1,0.974618971,0.743618011,0,0,0,0,0,0.00776915,0,0,0,0,0.025380701,0.074361801,0,0,0.00332963,1,1,0.821309984,0,0,0,0,0,0,0,0,0,0,0,0,0,674.7089844,12297.09961,0.04,Young Field (<5 years),open,7,4.4,2.28E-05,0.160002739,0,None recorded,1x4,2010,7/26/2010,major
BE1068,15,41.3874183,-81.54077587,no,40,50,2,290.006344,371.18966,33.190213,989.1589966,310.2814385,660.2550049,202.4747131,0,2.030848992,885.8250122,263.8737866,695.9699707,193.5375294,98.42500305,9.745763047,129.8360655,17275.03963,19.09370041,17.57299995,16.03739929,10.48799992,205.1866972,202.4747131,205.1866972,205.1866972,202.4747131,205.1866972,202.4747131,202.4747131,0,0.598985016,8.847949982,1,0.954315007,0.682574987,1,0.954315007,0.682574987,1,0.954315007,0.682574987,0,0,0,0,0.0101523,0.00887902,0,0,0.0155383,0,0,0,0,0.0152284,0.153163001,0,0,0.118757002,0,0,0,0,0.0101523,0.00887902,0,0,0.00443951,0,0.00507614,0.092119902,0,0.0101523,0.0610433,0,0.0152284,0.271919996,0,0,0,0,0,0,0,0.0203046,0.016648199,0,0,0,0,966.9660034,11220.40039,0.05,"""MIXED"" FORESTS",forest,66,32.15164959,0.61776573,0.075680391,0.135758046,MH=medium high,1x5,2010,7/21/2010,major
BE1079,16,41.37746571,-81.56170682,yes,35,330,2,32.113719,184.761733,17.957985,98.42500305,50.19379472,0,6.215182369,98.42500305,17.95796163,440.1700134,142.9194535,1978.319946,545.5941416,835.1640015,242.2397534,517.8224392,16846.08617,1.508380055,8.103569984,9.857709885,10.3689003,6.215182367,6.215182367,6.215182367,6.215182367,6.215182367,6.215182367,6.215182367,6.215182367,3.448280096,1.38578999,0.518312991,0.79310298,0.898477018,0.867924988,0.79310298,0.898477018,0.867924988,0.79310298,0.898477018,0.867924988,0,0,0,0,0,0.041065499,0,0,0,0,0,0,0.068965502,0.0203046,0.00776915,0.137931004,0.081218302,0.051054399,0,0,0,0,0,0.027746901,0,0,0,0.068965502,0.0203046,0.00776915,0,0,0,0.206897005,0.101522997,0.0588235,0,0,0.0133185,0,0,0,0,0,0.032186501,0,0,0,1722,5139.759766,16753.30078,0,Mowed Right of way,forest,n/a,n/a,n/a,n/a,n/a,,,2010,7/27/2010,major
BE1091,17,41.3799543,-81.50539401,no,15,20,2,86.565399,794.665738,77.46393,220.0850067,72.79701024,0,5.569252011,622.4940186,213.3005116,1676.119995,508.5703982,220.0850067,34.04373815,716.5449829,174.711552,20.57841709,20066.94226,2.080199957,3.899329901,5.023109913,5.916049957,5.569252012,5.569252012,5.569252012,5.569252012,5.569252012,5.569252012,5.569252012,5.569252012,3.89654994,5.507609844,8.66149044,0.620689988,0.64467001,0.536071002,0.620689988,0.64467001,0.522753,0.620689988,0.64467001,0.522753,0,0,0,0.137931004,0.0964467,0.032186501,0,0,0.0344062,0,0,0,0.137931004,0.152283996,0.219756007,0.103448004,0.091370597,0.166482002,0,0,0,0.137931004,0.0964467,0.032186501,0,0,0,0.137931004,0.147208005,0.167592004,0,0.00507614,0.052164301,0.241378993,0.243654996,0.386238009,0,0,0,0,0,0,0,0.0152284,0.0110988,0,0,0.0133185,1558.829956,7002.799805,19235,0.1,Beech-maple forest,forest,36,14.90482627,0.285590515,0.13167648,0.192217417,VH=very high,2x5,2010,8/11/2010,major
BE1095,18,41.37532018,-81.57571726,yes,0,329,2,334.042055,106.203933,86.548851,0,17.39011256,295.2749939,90.07905437,0,11.95927707,311.2470093,78.49128,278.3880005,55.91595302,98.42500305,27.21380752,108.3693291,16293.87993,2.14260006,3.176039934,3.180989981,9.722379684,90.07905437,90.07905437,90.07905437,90.07905437,90.07905437,90.07905437,90.07905437,90.07905437,22.82760048,12.70559978,7.0177598,0,0.208122,0.592674971,0,0.208122,0.573807001,0,0.208122,0.578245997,0,0,0,0,0.025380701,0.035516098,0,0,0.00221976,0,0,0.00443951,0.586206973,0.258882999,0.152052999,0.413792998,0.487309992,0.199778005,0,0,0,0,0.025380701,0.035516098,0,0,0,0.482758999,0.218273997,0.132074997,0.103448004,0.040609099,0.019977801,1,0.746192992,0.351830989,0,0,0,0,0,0,0,0.0203046,0.017758001,0,0,0.0144284,0,7824.930176,22231.09961,0,Paved,open,n/a,n/a,n/a,n/a,n/a,,,2010,8/31/2010,major
BE1140,25,41.37879278,-81.49486911,yes,999, ,2,148.383796,513.910344,2.427352,530.0349731,157.3100446,220.0850067,79.40902154,0,2.427347317,1676.119995,513.9103436,907.434021,236.779253,0,7.75120946,83.45794782,20841.25933,1.118229985,3.038419962,3.610960007,6.391990185,81.28174091,79.40902154,81.28174091,81.28174091,79.40902154,81.28174091,79.40902154,79.40902154,0.689655006,2.90354991,12.87679958,0.965516984,0.761421025,0.473917991,0.724138021,0.70558399,0.450610012,0.724138021,0.70558399,0.450610012,0,0,0,0,0.101522997,0.187569007,0,0,0,0,0,0,0.034482799,0.040609099,0.145393997,0,0.0964467,0.182019994,0,0,0,0,0.035533,0.039955601,0,0,0,0.034482799,0.040609099,0.138734996,0,0,0.00665927,0.034482799,0.137055993,0.327414006,0,0.0659898,0.147614002,0,0,0.00776915,0,0,0.00332963,0.241378993,0.055837601,0.0233074,968.3859863,9858.44043,26454.59961,0,Streams and Rivers,forest,n/a,n/a,n/a,n/a,n/a,,,2011,9/27/2011,major
BE1144,27,41.37981065,-81.5694315,no,999,58,2,572.483635,567.317854,200.953174,984.25,322.7302846,196.8500061,53.40472026,139.1940002,39.07025694,1693.369995,498.5076333,1505.609985,440.8920702,695.9699707,161.1087776,395.0868445,16229.80748,11.33300018,20.65880013,19.25279999,15.10589981,142.7854923,142.7854923,53.40472026,142.7854923,53.40472026,53.40472026,142.7854923,53.40472026,0,0,0.693674028,0.965516984,0.893401027,0.759155989,0.965516984,0.893401027,0.759155989,0.965516984,0.893401027,0.759155989,0,0,0,0.034482799,0.0964467,0.128746003,0,0,0,0,0,0,0,0,0.00776915,0,0,0.074361801,0,0,0,0,0.025380701,0.028856801,0,0,0,0,0,0.00776915,0,0,0,0,0,0.082130998,0.034482799,0.071066,0.099889003,0,0,0,0,0.0101523,0.029966701,0,0,0,539.7360229,2699.600098,15301.7002,0.1,"""MIXED"" FORESTS",forest,57,26.30437226,0.351830769,0.42621837,0.16830014,MH=medium high,2X5,2011,7/11/2011,major
BK1088,35,41.4470609,-81.73440445,no,15,350,2,8.49468,723.544641,8.49468,0,12.98820284,139.1940002,51.71483187,98.42500305,35.79001126,768.723999,259.1200533,393.7000122,82.3049664,590.5499878,93.53610702,24.42396108,6065.847177,1.187819958,7.025410175,8.834360123,4.818809986,51.71483187,51.71483187,51.71483187,51.71483187,51.71483187,51.71483187,51.71483187,51.71483187,19.65519905,33.29949951,33.60820007,0.068965502,0.091370597,0.106547996,0.068965502,0.091370597,0.106547996,0.068965502,0.091370597,0.106547996,0,0,0,0,0,0,0,0.025380701,0.0099889,0,0,0,0.379310012,0.654821992,0.712541997,0.551724017,0.228425995,0.170920998,0,0,0,0,0,0,0,0,0,0.34482801,0.390863001,0.490565985,0.034482799,0.263958991,0.221975997,0.931034982,0.883248985,0.883463025,0,0,0,0,0,0,0,0,0,0,0,0,827.4699707,3000.149902,8638.5,0.04,Young Field (<5 years),open,6,14.28355698,0.069036458,0.52921875,0.361111111,None recorded,1x4,2010,8/17/2010,minor
BR1013,38,41.30145983,-81.69432462,no,250,345,2,3628.545762,1471.158748,55.884974,196.8500061,37.1588164,196.8500061,63.05073143,196.8500061,55.88494268,4886.680176,1471.158748,311.2470093,84.97424179,393.7000122,105.319776,59.99846862,21184.59954,2.954349995,2.5338099,2.617399931,2.825020075,63.05073143,63.05073143,63.05073143,63.05073143,63.05073143,63.05073143,63.05073143,63.05073143,0.172414005,0.223350003,4.807990074,0.965516984,0.862944007,0.618201971,0.689655006,0.690355003,0.534960985,0.689655006,0.690355003,0.534960985,0,0,0,0,0.055837601,0.036626,0,0,0,0,0,0,0,0,0.122087002,0.034482799,0.081218302,0.223085001,0,0,0,0,0.055837601,0.036626,0,0,0,0,0,0.097669303,0,0,0.0244173,0.034482799,0.081218302,0.345171988,0,0,0,0,0,0,0,0,0,0.275862008,0.172589004,0.0832408,449.447998,5602.5,25666,0.05,Beech-maple forest,forest,54,22.06253738,0.323821714,0.105691914,0.155192898,H=high,1x5,2010,6/22/2010,major
BR1023,39,41.30185612,-81.76577607,yes,20,320,2,74.915808,463.550255,35.346631,220.0850067,69.57883687,98.42500305,29.06384343,196.8500061,35.34662313,1587.060059,462.1410652,311.2470093,12.6206138,98.42500305,16.80604576,6.57139345,21986.77622,5.046420097,4.340079784,3.530459881,3.282170057,29.06384343,29.06384343,29.06384343,29.06384343,29.06384343,29.06384343,29.06384343,29.06384343,3.827589989,3.725889921,2.602659941,0.413792998,0.29441601,0.514982998,0.413792998,0.284263998,0.287458003,0.413792998,0.29441601,0.316314995,0,0.0101523,0.028856801,0,0,0.0443951,0,0,0,0,0,0,0,0.228425995,0.123195998,0.586206973,0.477156997,0.317425013,0,0,0,0,0,0.0144284,0,0,0,0,0.223350003,0.122087002,0,0.00507614,0.00110988,0.586206973,0.70558399,0.440622002,0,0,0.029966701,0,0,0,0,0,0,0,0,0.198668003,1261.180054,7324.310059,22279,0,Mowed Pkwy Right of way,forest,n/a,n/a,n/a,n/a,n/a,,,2010,7/27/2010,major
BR1025,40,41.31032704,-81.60182278,no,15,30,2,113.335536,176.250356,30.160882,354.8760071,118.2591452,220.0850067,73.74721017,98.42500305,30.16087204,556.776001,161.9952972,907.434021,258.8898995,969.3740234,99.75093213,858.455831,21606.60393,4.44987011,2.328690052,4.55824995,13.52210045,73.74721016,73.74721016,73.74721016,73.74721016,73.74721016,73.74721016,73.74721016,73.74721016,0,0.360406011,0.0954495,1,0.796953976,0.926747978,0.896552026,0.680203021,0.869033992,0.896552026,0.680203021,0.869033992,0,0,0,0,0,0,0,0,0,0,0,0,0,0,0.00110988,0,0.203045994,0.072142102,0,0,0,0,0,0,0,0,0,0,0,0.00110988,0,0,0,0,0.203045994,0.073251903,0,0,0,0,0,0,0,0,0,0.103448004,0.116751,0.057713699,321.0809937,6433.080078,11812.2998,0.1,Dry-Mesic Oak Forest and Woodland,forest,64,30.83050437,0.1587239,0.110364453,0.134925253,H=high,2x5,2010,6/29/2010,major
BR1029,41,41.28343291,-81.56621251,no,25,358,2,1219.267609,3482.253977,256.021465,1577.869995,483.3210288,139.1940002,41.21562746,1398.880005,410.7882006,11224.2998,3399.643482,2026.689941,596.3238117,196.8500061,24.15620894,76.45034085,25515.15531,0.461133003,1.531299949,1.678990006,2.520169973,183.7522592,183.7522592,183.7522592,183.7522592,183.7522592,183.7522592,183.7522592,183.7522592,0,0,0.067702599,0.862069011,0.761421025,0.768036008,0.448276013,0.604061007,0.674805999,0.448276013,0.604061007,0.674805999,0,0,0,0,0.00507614,0.028856801,0,0,0,0,0,0,0,0,0.00887902,0,0,0.042175401,0,0,0.00443951,0,0.00507614,0.0244173,0.137931004,0.131980002,0.038845699,0,0,0.00887902,0,0,0,0,0,0.051054399,0,0,0,0,0,0,0,0.101522997,0.113208003,0.413792998,0.157360002,0.093229704,1092.339966,5844.629883,14139.2998,0.08,reed canary grass meadow,forest,10,6.25,0.000944127,0.962197171,0.314814815,H=high,2x4,2010,7/20/2010,major
BR1041,42,41.30609607,-81.6046857,no,10,350,2,178.741474,270.653779,19.230355,598.6959839,180.1732583,556.776001,183.598925,0,19.23035465,891.276001,259.3659776,907.434021,242.1714265,907.434021,244.7065053,819.7836792,21964.47648,13.53569984,10.15040016,11.87749958,12.9630003,183.598925,183.598925,183.598925,183.598925,183.598925,183.598925,183.598925,183.598925,0,0.0101523,0.116536997,1,0.974618971,0.913429022,1,0.832486987,0.827969015,1,0.832486987,0.847947001,0,0,0.019977801,0,0,0,0,0,0,0,0,0,0,0,0.00110988,0,0.025380701,0.085460603,0,0,0,0,0,0,0,0,0,0,0,0.00110988,0,0,0,0,0.025380701,0.086570501,0,0,0,0,0,0,0,0,0,0,0.142131999,0.065482803,0,2928.860107,14746.2002,0.1,Sugar maple forest,forest,73,28.30692585,0.319841044,0.082481166,0.136075048,MH=medium high,2x5,2010,7/14/2010,major
BR1043,43,41.34885052,-81.59550861,no,28,358,2,238.79409,2424.56955,233.575897,1147.819946,352.5243443,787.4000244,226.6983394,749.5830078,209.6627684,7594.689941,2325.404017,1602.23999,442.4124284,278.3880005,65.82586929,101.6076096,17906.48781,0.443666011,1.88598001,2.326519966,5.412590027,226.6983394,226.6983394,226.6983394,226.6983394,226.6983394,226.6983394,226.6983394,226.6983394,0,0,2.394010067,0.965516984,0.700507998,0.733628988,0.379310012,0.497462004,0.652607977,0.379310012,0.497462004,0.652607977,0,0,0,0,0,0.052164301,0,0,0,0,0,0,0,0,0.054384001,0,0,0.0443951,0,0,0,0,0,0.051054399,0,0,0.00110988,0,0,0.039955601,0,0,0.0144284,0,0,0.098779097,0,0,0.00110988,0,0,0,0.034482799,0.299492002,0.114317,0.586206973,0.203045994,0.0810211,0,292.9389954,16100.7998,0.1,Sycamore Woodland,forest,43,17.55064101,0.65243249,0.060108582,0.2,ML=medium low,2x5,2010,7/19/2010,major
BR1045,44,41.29810979,-81.58525201,no,22,325,2,997.797888,1302.450377,27.557701,1398.880005,441.1234848,1233.26001,382.659209,98.42500305,27.55768739,3937,1184.515869,907.434021,266.076224,278.3880005,61.53550993,194.79006,23381.44567,18.22979927,12.97179985,12.18949986,13.29609966,382.659209,382.659209,382.659209,382.659209,382.659209,382.659209,382.659209,382.659209,0,0,0.117647,1,1,0.960044026,1,0.964466989,0.877912998,1,0.96954298,0.92563802,0,0.00507614,0.047724701,0,0,0.00110988,0,0,0,0,0,0,0,0,0,0,0,0.038845699,0,0,0,0,0,0,0,0,0,0,0,0,0,0,0,0,0,0.038845699,0,0,0.00110988,0,0,0,0,0,0,0,0.030456901,0.0344062,0,0,4545.580078,0.1,"""MIXED"" FORESTS",forest,60,26.77312085,0.479985161,0.184532987,0.171919792,M=medium,2x5,2010,7/20/2010,major
BR1057,45,41.31737103,-81.60799781,no,50,320,2,122.180563,617.751777,41.293993,573.9110107,197.3905083,530.0349731,159.7729765,98.42500305,41.29401867,1900.900024,592.5714211,2019.51001,611.0809878,405.8169861,106.8849731,524.2404168,20692.83478,6.747739792,12.29940033,13.97999954,10.11690044,159.7729765,159.7729765,159.7729765,159.7729765,159.7729765,159.7729765,159.7729765,159.7729765,0,0.030456901,0.029966701,1,0.954315007,0.961153984,1,0.781726003,0.758046985,1,0.781726003,0.758046985,0,0,0,0,0,0,0,0,0,0,0,0,0,0,0,0,0.045685299,0.038845699,0,0,0,0,0,0,0,0,0,0,0,0,0,0,0,0,0.045685299,0.038845699,0,0,0,0,0,0,0,0,0,0,0.172589004,0.203107998,0,3038.379883,8247.150391,0.1,Beech-maple forest,forest,46,21.63594892,0.029865761,0.141532271,0.171799683,MH=medium high,2x5,2010,7/14/2010,major
BR1061,46,41.30418506,-81.59692984,no,20,10,2,188.872007,391.385322,16.493667,556.776001,188.6331832,530.0349731,172.5674027,0,16.49366072,1064.630005,336.6676775,1064.630005,325.896923,1185.189941,329.1418783,276.1452905,22390.12344,2.275130033,3.238470078,7.557479858,15.3039999,172.5674027,172.5674027,172.5674027,172.5674027,172.5674027,172.5674027,172.5674027,172.5674027,0,0.025380701,0.0099889,1,0.949239016,0.952274978,0.965516984,0.873095989,0.887902021,0.965516984,0.923857987,0.917868972,0,0.050761402,0.029966701,0,0,0,0,0,0,0,0,0,0,0,0,0,0.050761402,0.047724701,0,0,0,0,0,0,0,0,0,0,0,0,0,0,0,0,0.050761402,0.047724701,0,0,0,0,0,0,0,0,0,0.034482799,0.025380701,0.0344062,0,2719.73999,9545.55957,0.1,Dry-Mesic Oak Forest and Woodland,forest,57,24.18048081,0.395516668,0.538635556,0.140722686,H=high,2x5,2010,7/22/2010,major
BR1077,47,41.30471289,-81.75610755,no,16,330,2,160.603388,145.07899,160.603388,440.1700134,154.5793121,139.1940002,42.6332305,98.42500305,18.00836277,405.8169861,116.3281307,598.6959839,62.40833531,311.2470093,88.14150848,154.4064879,21470.61595,3.674839973,2.954849958,2.467339993,3.62312007,42.6332305,42.6332305,42.6332305,42.6332305,42.6332305,42.6332305,42.6332305,42.6332305,0,4.223350048,13.65699959,0.758620977,0.512690008,0.297446996,0.758620977,0.512690008,0.276360005,0.758620977,0.512690008,0.276360005,0,0,0,0.137931004,0.040609099,0.00887902,0,0,0.019977801,0,0,0,0,0.076142102,0.236404002,0.103448004,0.370557994,0.43729201,0,0,0,0.137931004,0.040609099,0.00887902,0,0,0,0,0.071066,0.165371999,0,0.00507614,0.071032196,0.103448004,0.44670099,0.673695982,0,0,0,0,0,0,0,0,0,0,0,0.021087701,1605.609985,6295.060059,18869.80078,0.08,Beech-maple forest,forest,50,16.12761607,0.245656851,0.058748916,0.202042471,M=medium,2x4,2010,8/5/2010,major
BR1089,48,41.31113162,-81.60778315,no,60,340,2,191.460272,514.545021,56.677642,974.3579712,304.7542899,1027.589966,309.1368393,139.1940002,56.67764248,1122.219971,327.4629238,1890.680054,543.5890744,630.2280273,27.07189276,1075.501177,21350.55305,19.6201992,18.82180023,20.04560089,12.07839966,309.1368393,309.1368393,309.1368393,309.1368393,309.1368393,309.1368393,309.1368393,309.1368393,0,0,0.062153202,1,1,0.931187987,1,0.903553009,0.807991028,1,0.918781996,0.844617009,0,0.0152284,0.036626,0,0,0,0,0,0,0,0,0,0,0,0,0,0,0.0688124,0,0,0,0,0,0,0,0,0,0,0,0,0,0,0,0,0,0.0688124,0,0,0,0,0,0,0,0,0,0,0.081218302,0.086570501,0,0,12025.2998,0.1,Beech-maple forest,forest,66,26.03075105,0.772209863,0.013104266,0.206115584,M=medium,2x5,2010,8/11/2010,major
BR1093,49,41.28950074,-81.58167905,no,15,325,2,344.489813,2045.732181,42.339946,1629.219971,493.8484662,1527.969971,445.8086223,98.42500305,42.33994581,6481.870117,1967.567017,2297.75,687.864302,1370.900024,398.104353,543.4675683,24379.09048,2.156330109,2.467530012,2.789870024,13.27330017,445.8086223,445.8086223,445.8086223,445.8086223,445.8086223,445.8086223,445.8086223,445.8086223,0,0,0.029966701,1,1,0.993341029,0.689655006,0.878172994,0.867924988,0.689655006,0.878172994,0.875693977,0,0,0.00776915,0,0,0,0,0,0,0,0,0,0,0,0,0,0,0.00665927,0,0,0,0,0,0,0,0,0,0,0,0,0,0,0,0,0,0.00665927,0,0,0,0,0,0,0,0,0,0.310344994,0.121826999,0.117647,0,0,749.0100098,0.1,"""MIXED"" FORESTS",forest,39,20.98357321,0.403260329,0.339429729,0.155820912,H=high,2x5,2010,8/12/2010,major
BW1006,62,41.40817566,-81.95886721,no,61,22,2,324.138956,1263.947959,324.138956,1060.069946,332.2569992,885.8250122,279.369198,1537.449951,474.324165,3781.370117,1154.011438,1181.099976,357.4011115,492.125,128.6158527,244.2148086,24055.29151,0.089765698,0.400866002,0.326225013,0.371945,279.369198,279.369198,279.369198,279.369198,279.369198,279.369198,279.369198,279.369198,0,0,0.457269996,1,1,0.901220977,0.758620977,0.746192992,0.530521989,0.758620977,0.746192992,0.530521989,0,0,0,0,0,0,0,0,0,0,0,0,0,0,0.019977801,0,0,0.078801297,0,0,0,0,0,0,0,0,0,0,0,0.019977801,0,0,0,0,0,0.098779097,0,0,0,0,0,0,0,0,0,0.241378993,0.253807008,0.370698988,0,0,7323.299805,0.1,Oak-Maple swamp,forest,61,24.42632108,0.351978526,0.490432072,0.135611655,VH=very high,2x5,2010,6/15/2010,minor
BW1050,63,41.41966952,-81.94483498,no,20,45,2,521.559549,506.950714,172.368502,984.25,290.9562748,295.2749939,81.4368422,295.2749939,97.00788938,1499.170044,453.2307729,880.3400269,209.7981683,1003.73999,158.3376535,78.73060616,22489.2026,0.718288004,0.564574003,0.561722994,0.780518,81.4368422,81.4368422,81.4368422,81.4368422,81.4368422,81.4368422,81.4368422,81.4368422,0,0,3.523859978,0.965516984,0.817259014,0.690343976,0.896552026,0.593909025,0.518312991,0.896552026,0.593909025,0.518312991,0,0,0,0,0,0,0,0,0,0,0,0,0,0.106599003,0.138734996,0.034482799,0.076142102,0.170920998,0,0,0,0,0,0,0,0,0,0,0.106599003,0.136515006,0,0,0.00221976,0.034482799,0.182741001,0.309655994,0,0,0,0,0,0,0,0,0,0.068965502,0.223350003,0.172031,311.756012,4079.550049,17393.5,0.1,"""MIXED"" FORESTS",forest,58,21.74353352,0.273584906,0.033409567,0.143129125,MH=medium high,2x5,2010,7/16/2010,minor
BW1070,64,41.41025136,-81.96836592,no,15,2,2,488.331135,1597.972849,488.331135,793.5280151,254.3728323,492.125,175.4786702,1189.27002,349.0865906,5104.830078,1556.623994,716.5449829,189.2933999,1324.170044,301.0764038,186.0531025,24702.54101,0.320452988,0.381801009,0.419010013,0.87786901,175.4786702,175.4786702,175.4786702,175.4786702,175.4786702,175.4786702,175.4786702,175.4786702,0,0.538070977,1.786280036,1,0.96954298,0.82574898,1,0.928933978,0.752497017,1,0.928933978,0.752497017,0,0,0,0,0,0.00554939,0,0,0,0,0,0,0,0.0152284,0.055493899,0,0.0152284,0.099889003,0,0,0,0,0,0.00554939,0,0,0,0,0.0152284,0.052164301,0,0,0.00332963,0,0.030456901,0.155383006,0,0,0,0,0,0,0,0,0,0,0.040609099,0.073251903,0,925.5750122,10734.40039,0.1,"""MIXED"" FORESTS",forest,64,25.21096175,0.204663022,0.304508933,0.121985046,MH=medium high,2x5,2010,8/2/2010,minor
EC1036,69,41.56391872,-81.53542176,yes,10,4,2,303.916346,378.67209,187.207834,98.42500305,18.07359253,0,17.92222827,556.776001,177.3577129,1064.630005,325.2285432,196.8500061,30.52172561,220.0850067,67.50007697,17.54727821,15413.51165,26.52319908,23.39900017,17.04920006,9.010419846,17.92222827,17.92222827,17.92222827,17.92222827,17.92222827,17.92222827,17.92222827,17.92222827,9.310339928,14.53299999,22.85569954,0.275862008,0.172589004,0.195338994,0.275862008,0.172589004,0.195338994,0.275862008,0.172589004,0.195338994,0,0,0,0,0,0.0122087,0,0,0.032186501,0,0,0,0.379310012,0.451777011,0.493896008,0.34482801,0.375634998,0.266371012,0,0,0,0,0,0.0122087,0,0,0,0.379310012,0.416244,0.388457,0,0.035533,0.105438001,0.724138021,0.827410996,0.760266006,0,0,0,0,0,0,0,0,0,0,0,0,988.7379761,3869.929932,12585,0,Vertical slope- no veg,forest,n/a,n/a,n/a,n/a,n/a,,,2010,7/20/2010,minor
EC1148,70,41.55057624,-81.52890047,no,80,350,2,21.875625,165.975501,21.875625,98.42500305,36.00647841,98.42500305,10.48302307,98.42500305,26.28392527,530.0349731,165.9755011,405.8169861,123.3755569,0,5.755162338,84.45007678,15194.27948,4.540090084,15.04430008,16.69350052,7.539889812,29.60974982,10.48302307,29.60974982,29.60974982,10.48302307,29.60974982,10.48302307,10.48302307,5,8.294420242,13.18869972,0.586206973,0.390863001,0.270810008,0.586206973,0.390863001,0.269699991,0.586206973,0.390863001,0.269699991,0,0,0,0,0,0.0122087,0,0,0.00887902,0,0,0,0.137931004,0.137055993,0.258601993,0.275862008,0.472081006,0.449501008,0,0,0,0,0,0.0122087,0,0,0,0.137931004,0.121826999,0.206437007,0,0.0152284,0.052164301,0.413792998,0.609136999,0.708101988,0,0,0,0,0,0,0,0,0,0,0,0.00110988,1988.390015,8833.820313,24202.69922,0.05,Mesic Floodplain Forest,forest,40,15.2027958,0.225572682,0.354110219,0.14617647,L=low,1x5,2011,7/14/2011,minor
HI1002,72,41.20649429,-81.72437844,no,30,40,2,1039.265325,204.414386,10.748334,1574.800049,499.4597749,492.125,156.6282934,0,10.74833444,492.125,170.9064562,1113.550049,166.8468983,793.5280151,228.5097404,304.4379685,31836.07302,4.594979763,4.929800034,6.127349854,8.200739861,514.6401804,514.6401804,156.6282934,439.7918843,156.6282934,156.6282934,439.7918843,156.6282934,0,0,0,1,0.928933978,0.793563008,1,0.913706005,0.760266006,1,0.913706005,0.760266006,0,0,0,0,0.071066,0.182019994,0,0,0,0,0,0,0,0,0.00221976,0,0,0.00110988,0,0,0.021087701,0,0,0,0,0,0,0,0,0.00221976,0,0,0,0,0,0.00332963,0,0.071066,0.160932004,0,0,0,0,0,0.019977801,0,0.0152284,0.033296298,0,1773.380005,7824.200195,0.1,Old Clearcut (>25 years),forest,44,18.734994,0.187453864,0.223085004,0.157360935,MH=medium high,2x5,2010,6/16/2010,major
HI1005,73,41.25618657,-81.68759068,no,25,358,2,3900.016051,487.698188,104.722704,1082.680054,341.5920312,1003.73999,310.8709493,278.3880005,104.7227215,1453.22998,458.8033498,793.5280151,196.0100463,709.7529907,170.7951476,147.0029984,26217.23015,6.503590107,6.063310146,5.29403019,5.288370132,360.9049682,360.9049682,310.8709493,360.9049682,310.8709493,310.8709493,360.9049682,310.8709493,0,0,0.096559398,1,1,0.917868972,0.620689988,0.822335005,0.679244995,0.620689988,0.822335005,0.679244995,0,0,0,0,0,0.038845699,0,0,0,0,0,0,0,0,0.00110988,0,0,0.039955601,0,0,0,0,0,0.00110988,0,0,0,0,0,0.00110988,0,0,0,0,0,0.041065499,0,0,0.037735801,0,0,0,0,0,0.00221976,0.379310012,0.177664995,0.238624007,0,0,8385.049805,0.1,"""MIXED"" FORESTS",forest,67,31.38078785,0.225254595,0.057672007,0.17419407,L=low,2x5,2010,6/18/2010,major
HI1009,74,41.22137267,-81.70828871,no,30,310,2,31.507693,288.808878,31.507693,196.8500061,60.53056317,278.3880005,80.5974585,393.7000122,115.0155986,891.276001,288.8088782,1673.22998,354.2381936,768.723999,222.1128685,716.9053355,30104.21926,6.486710072,5.370399952,6.170969963,7.220980167,80.5974585,80.5974585,80.5974585,80.5974585,80.5974585,80.5974585,80.5974585,80.5974585,0,0.258882999,0.253051996,1,0.873095989,0.792452991,0.448276013,0.598985016,0.649278998,0.586206973,0.746192992,0.709212005,0.137931004,0.147208005,0.059933402,0,0,0.043285199,0,0,0,0,0,0,0,0,0.00443951,0,0.126903996,0.066592701,0,0,0,0,0,0.0221976,0,0,0,0,0,0.00443951,0,0,0,0,0.126903996,0.071032196,0,0,0.021087701,0,0,0,0,0,0.093229704,0.413792998,0.126903996,0.0832408,418.3840027,5988.299805,17612.09961,0.1,Mesic Floodplain Forest,forest,47,22.40448134,0.209259931,0.368853902,0.141489055,ML=medium low,2x5,2010,6/17/2010,major
HI1018,75,41.21203372,-81.70256269,no,35,315,2,558.001128,532.460577,420.222236,1181.099976,363.4863958,1181.099976,359.6381582,98.42500305,17.29007249,1676.119995,514.6339621,2158.629883,523.5698548,98.42500305,21.86496918,472.2279228,31125.22959,0.369459987,3.387360096,3.224329948,6.975059986,359.6381582,359.6381582,359.6381582,359.6381582,359.6381582,359.6381582,359.6381582,359.6381582,0,0,0.035516098,1,1,0.97003299,0.689655006,0.634518027,0.719201028,0.689655006,0.634518027,0.751387,0,0,0.032186501,0,0,0,0,0,0,0,0,0,0,0,0,0,0,0.0244173,0,0,0,0,0,0,0,0,0,0,0,0,0,0,0,0,0,0.0244173,0,0,0,0,0,0,0,0,0.00554939,0.310344994,0.365482002,0.218646005,0,0,4736.450195,0.1,Mesic Floodplain Forest,forest,43,26.94438717,0.205120394,0.100298787,0.184627232,H=high,2x5,2010,7/6/2010,major
HI1021,76,41.22034036,-81.73189692,no,20,270,2,708.568462,719.036028,27.40637,590.5499878,171.0654651,393.7000122,114.6890475,98.42500305,27.40637043,492.125,133.6466764,716.5449829,208.6514769,393.7000122,102.9237363,41.8015214,30363.708,6.413149834,4.329710007,4.163090229,6.723189831,114.6890475,114.6890475,114.6890475,114.6890475,114.6890475,114.6890475,114.6890475,114.6890475,0,0.730964005,0.665926993,1,0.868019998,0.863484979,0.620689988,0.70558399,0.690343976,0.620689988,0.70558399,0.764706016,0,0,0.074361801,0,0,0.0266371,0,0,0,0,0,0,0,0.0152284,0.00887902,0,0.116751,0.100998998,0,0,0,0,0,0.00443951,0,0,0,0,0.0152284,0.00887902,0,0,0,0,0.131980002,0.109878004,0,0,0.0221976,0,0,0,0,0,0,0.379310012,0.162437007,0.098779097,0,3101,13707.2002,0.06,Sugar maple forest,forest,50,17.939925,0.017135141,0.218734548,0.195961786,M=medium,2x3,2010,7/7/2010,major
HI1034,77,41.21015622,-81.69336481,yes,37,20,2,1295.896382,1012.100459,289.103755,1260.459961,396.3730713,709.7529907,220.2465394,295.2749939,84.71476619,3140.360107,943.0879872,2185.389893,322.3082594,0,0.077851535,167.6380504,31324.57435,2.107039928,8.514980316,8.817930222,8.804030418,355.9712689,355.9712689,355.9712689,220.2465394,355.9712689,220.2465394,220.2465394,220.2465394,0,0,0.085460603,1,0.994924009,0.880132973,0.448276013,0.659897983,0.690343976,0.448276013,0.659897983,0.691453993,0,0,0.00110988,0,0.00507614,0.105438001,0,0,0,0,0,0,0,0,0.00110988,0,0,0.0133185,0,0.00507614,0.043285199,0,0,0.00221976,0,0,0,0,0,0.00110988,0,0,0,0,0,0.0144284,0,0,0.059933402,0,0,0,0,0,0,0.551724017,0.335025012,0.188678995,0,653.4630127,6435.22998,0.01,"""MIXED"" FORESTS",forest,60,30.80750351,0.129092563,0.076318576,0.100938009,MH=medium high,1x2,2010,7/8/2010,major
HI1037,78,41.21658648,-81.68945407,yes,25,350,2,1450.232316,893.407047,92.413209,295.2749939,93.16156895,98.42500305,52.56105333,295.2749939,92.41320908,2734.72998,833.1021507,835.1640015,5.571252782,749.5830078,198.9991909,118.0825269,30612.34411,4.462629795,4.800970078,6.656939983,7.413899899,128.8229385,128.8229385,128.8229385,52.56105333,128.8229385,52.56105333,52.56105333,52.56105333,0,0.121826999,0.260821015,0.137931004,0.472081006,0.526081979,0.137931004,0.472081006,0.495005995,0.137931004,0.472081006,0.495005995,0,0,0,0.862069011,0.461928993,0.406215012,0,0,0,0,0,0,0,0,0.00332963,0,0.0659898,0.064372897,0.862069011,0.390863001,0.199778005,0,0,0,0,0,0,0,0,0.00332963,0,0,0,0,0.0659898,0.067702599,0,0.071066,0.206437007,0,0,0,0,0,0,0,0,0.031076601,1112.02002,6747.029785,24439.80078,0,Mowed lawn,open,n/a,n/a,n/a,n/a,n/a,,,2010,8/31/2010,major
HI1053,79,41.21531922,-81.7042073,no,55,290,2,226.9398,296.55299,157.318951,688.9749756,202.6307595,716.5449829,208.0665774,98.42500305,53.00273079,974.3579712,296.5529902,1409.22998,433.3364557,139.1940002,3.581277301,694.4271763,30764.14439,0.430150986,3.183880091,3.163909912,7.478809834,208.0665774,208.0665774,208.0665774,208.0665774,208.0665774,208.0665774,208.0665774,208.0665774,0,0,0.280799001,0.862069011,0.959390998,0.905659974,0.551724017,0.730964005,0.731410027,0.551724017,0.812183022,0.775804996,0,0.081218302,0.0443951,0,0,0.029966701,0,0,0,0,0,0,0,0,0.00554939,0,0,0.041065499,0,0,0,0,0,0,0,0,0,0,0,0.00554939,0,0,0,0,0,0.0466149,0,0,0.029966701,0,0,0,0.137931004,0.040609099,0.017758001,0.310344994,0.147208005,0.129856005,0,762.401001,9333.5,0.1,Mesic Floodplain Forest,forest,49,30.25315411,0.090684483,0.030934768,0.163227349,H=high,2x5,2010,7/26/2010,major
HI1066,80,41.21194574,-81.72499862,no,20,350,2,433.114279,806.218539,20.830688,2715.169922,852.2065352,1673.22998,532.3459198,98.42500305,20.83069061,2460.629883,739.9114079,2936.300049,730.7993102,2854.330078,826.1973041,601.6788816,31237.00108,3.51067996,4.422830105,4.303299904,7.499030113,782.0545856,782.0545856,532.3459198,600.2809945,532.3459198,532.3459198,600.2809945,532.3459198,0,0,0,1,1,1,0.931034982,0.857868016,0.752497017,0.931034982,0.857868016,0.802442014,0,0,0.049944501,0,0,0,0,0,0,0,0,0,0,0,0,0,0,0,0,0,0,0,0,0,0,0,0,0,0,0,0,0,0,0,0,0,0,0,0,0,0,0,0,0,0,0.068965502,0.142131999,0.197558001,0,0,0,0.1,Sugar maple forest,forest,57,31.00680929,0.222280914,0.001945425,0.220372293,M=medium,2x5,2010,8/9/2010,major
HI1069,81,41.25338249,-81.69153454,no,10,78,2,3477.955265,932.340246,345.220354,98.42500305,38.91178535,98.42500305,26.87354458,1046.27002,345.220394,2894.77002,903.7145403,749.5830078,236.8478614,311.2470093,19.24742644,16.19645663,26524.45918,7.251870155,4.798429966,6.143280029,5.688519955,26.87354458,26.87354458,26.87354458,26.87354458,26.87354458,26.87354458,26.87354458,26.87354458,0,0,0.352941006,0.79310298,0.923857987,0.893451989,0.65517199,0.710659981,0.670365989,0.65517199,0.710659981,0.680355012,0,0,0.0099889,0,0,0,0,0,0,0,0,0,0,0,0.0221976,0.206897005,0.035533,0.0488346,0,0,0,0,0,0,0,0,0.00332963,0,0,0.021087701,0,0,0.00110988,0.206897005,0.035533,0.071032196,0,0,0,0,0,0,0,0.040609099,0.032186501,0.137931004,0.213198006,0.213097006,1264.069946,1694.349976,6614.669922,0.05,Mesic Floodplain Forest,forest,67,25.25,0.177625764,0.27759152,0.120891678,M=medium,1x5,2010,7/28/2010,major
HI1073,82,41.22653157,-81.70235541,no,25,0,2,524.219308,543.155984,524.219308,440.1700134,139.9909355,196.8500061,53.55858863,984.25,297.9579471,440.1700134,114.5745473,440.1700134,67.02691746,1320.51001,370.3457222,139.7405331,29515.1845,4.906310081,17.95420074,14.00179958,7.455070019,79.23545368,79.23545368,53.55858864,79.23545368,53.55858864,53.55858864,79.23545368,53.55858864,0,0.776650012,0.664816976,0.931034982,0.741117001,0.746948004,0.931034982,0.715735972,0.721421003,0.931034982,0.715735972,0.726970017,0,0,0.00554939,0.034482799,0.101522997,0.115427002,0,0,0,0,0,0,0,0.0152284,0.0110988,0.034482799,0.142131999,0.126525998,0,0,0,0,0,0,0,0,0,0,0.0152284,0.0110988,0,0,0,0.034482799,0.157360002,0.137624994,0.034482799,0.101522997,0.115427002,0,0,0,0,0,0,0,0.025380701,0.019977801,698.3499756,4661.259766,24962.5,0.04,Blackberry and Dogwood thicket,forest,40,15.87657311,0.184515973,0.513893701,0.1135603,MH=medium high,1x4,2010,7/27/2010,major
HI1082,83,41.20810894,-81.70092981,no,60,340,2,995.494094,586.037455,101.308921,1673.22998,501.5475652,660.2550049,203.5021731,311.2470093,101.3089209,1676.119995,503.6709686,2069.27002,556.2835248,1113.550049,327.3400038,506.2333025,31558.00614,4.066490173,9.204589844,8.342980385,5.665040016,501.0228143,501.0228143,495.5512532,203.5021731,495.5512532,203.5021731,203.5021731,203.5021731,0,0,0.00221976,1,0.989848018,0.875693977,0.65517199,0.58375603,0.576026976,0.79310298,0.710659981,0.634850025,0.137931004,0.126903996,0.0588235,0,0.0101523,0.123195998,0,0,0,0,0,0,0,0,0,0,0,0.00110988,0,0.0101523,0.114317,0,0,0,0,0,0,0,0,0,0,0,0,0,0,0.00110988,0,0,0.00887902,0,0,0,0,0,0,0.206897005,0.279188007,0.240843996,0,478.3039856,5190.140137,0.05,"""MIXED"" FORESTS",forest,55,24.63088621,0.186545053,0.262882705,0.153404331,M=medium,1x5,2010,8/9/2010,major
HI1085,84,41.22644051,-81.71746865,yes,60,60,2,79.261043,76.882193,79.261043,220.0850067,73.76747905,98.42500305,8.175465831,0,28.90219092,278.3880005,76.88219286,688.9749756,139.0744924,196.8500061,49.23653984,108.1153333,29583.93101,7.360499859,7.006340027,6.762219906,5.909279823,8.175465834,8.175465834,8.175465834,8.175465834,8.175465834,8.175465834,8.175465834,8.175465834,0.448276013,1.781730056,1.905660033,0.586206973,0.38578701,0.513872981,0.379310012,0.319797009,0.421754003,0.586206973,0.380710989,0.48834601,0,0.030456901,0.053274099,0,0.0152284,0.059933402,0,0,0,0.206897005,0.030456901,0.0133185,0.103448004,0.040609099,0.038845699,0.172414005,0.213198006,0.193119004,0,0,0,0,0.0152284,0.032186501,0,0,0,0.068965502,0.035533,0.037735801,0.034482799,0.00507614,0.00110988,0.275862008,0.253807008,0.231964007,0,0,0.027746901,0,0,0,0.137931004,0.345178008,0.194229007,0,0.00507614,0.0255272,1284.359985,8181.919922,31887.19922,0,Paved,forest,n/a,n/a,n/a,n/a,n/a,,,2010,8/31/2010,major
HI1098,85,41.20385954,-81.69657592,no,37,65,2,1588.682761,352.755613,192.323644,590.5499878,195.3783064,0,5.067434854,590.5499878,192.3236445,840.9439697,271.6834941,1197.390015,118.9088076,880.3400269,253.1662219,1.894416051,32024.87839,3.10303998,5.323110104,4.926660061,4.39098978,211.0812079,211.0812079,5.067434853,116.4941668,5.067434853,5.067434853,116.4941668,5.067434853,0,0.0153061,0.071942396,0.689655006,0.436547995,0.461708993,0.551724017,0.345178008,0.365150005,0.551724017,0.345178008,0.372918993,0,0,0.00776915,0.310344994,0.543147027,0.279689014,0,0,0,0,0,0,0,0,0,0,0.0152284,0.019977801,0,0.243654996,0.163151994,0,0,0.0099889,0,0,0,0,0,0,0,0,0,0,0.0152284,0.019977801,0.310344994,0.299492002,0.106547996,0,0,0,0,0,0.0099889,0.137931004,0.091370597,0.088790201,1997.119995,7604.580078,22774.30078,0.1,"""MIXED"" FORESTS",forest,57,29.22147732,0.136280912,0.14626081,0.155109793,MH=medium high,2x5,2010,8/10/2010,major
MS1003,98,41.34808396,-81.83665009,no,55,142,2,172.316383,453.008029,172.316383,501.8710022,164.7355669,590.5499878,180.5236531,196.8500061,54.54963633,1527.969971,446.5798863,1087.140015,303.5936147,1003.73999,138.6562526,290.2384967,19983.67964,0.790750027,0.70490098,1.249279976,3.027909994,180.5236531,180.5236531,180.5236531,180.5236531,180.5236531,180.5236531,180.5236531,180.5236531,0,0.00507614,3.779129982,1,0.959390998,0.732518971,0.620689988,0.497462004,0.435072005,0.620689988,0.497462004,0.499444991,0,0,0.064372897,0,0,0.00554939,0,0,0,0,0,0,0,0,0.092119902,0,0.040609099,0.169810995,0,0,0,0,0,0.00554939,0,0,0,0,0,0.092119902,0,0,0,0,0.040609099,0.261931002,0,0,0,0,0,0,0,0,0,0.379310012,0.461928993,0.233073995,0,2176.300049,13284.2998,0.1,Beech-maple forest,forest,63,25.93067681,0.637630792,0.043024142,0.153578226,MH=medium high,2x5,2010,7/11/2010,major
MS1007,99,41.30787201,-81.78503081,yes,50,290,2,175.965751,301.359427,173.874814,98.42500305,21.68110894,0,16.71568208,0,13.54792875,989.1589966,283.0217721,354.8760071,63.05468241,278.3880005,54.0771807,35.15114204,21855.42034,1.696920037,5.144050121,6.411300182,4.908810139,16.71568208,16.71568208,16.71568208,16.71568208,16.71568208,16.71568208,16.71568208,16.71568208,3.586210012,1.406090021,2.335180044,0.586206973,0.746192992,0.775804996,0.206897005,0.309644997,0.445060998,0.206897005,0.309644997,0.451719999,0,0,0.00665927,0,0,0,0,0,0,0,0,0,0.103448004,0.0203046,0.047724701,0.310344994,0.223350003,0.164261997,0,0,0,0,0,0,0,0,0,0.103448004,0.0203046,0.042175401,0,0,0.00554939,0.413792998,0.243654996,0.211987004,0,0,0,0,0,0,0,0.0101523,0.0122087,0.379310012,0.436547995,0.324084014,1383.359985,7530.140137,23375.40039,0,Mowed/Gravel Roadway,forest,n/a,n/a,n/a,n/a,n/a,,,2010,7/27/2010,major
MS1014,100,41.34589613,-81.83338132,no,30,347,2,124.352086,333.307111,124.352086,295.2749939,87.11621184,98.42500305,31.3111306,354.8760071,105.3013479,1147.819946,333.3071105,405.8169861,39.07293291,139.1940002,19.68740787,36.52328817,20018.12911,13.89970016,10.98680019,7.158919811,3.398880005,31.3111306,31.3111306,31.3111306,31.3111306,31.3111306,31.3111306,31.3111306,31.3111306,9.586210251,12.67010021,12.49499989,0.65517199,0.532994986,0.472808003,0.413792998,0.319797009,0.271919996,0.413792998,0.365482002,0.308546007,0,0.045685299,0.036626,0,0,0,0,0,0,0,0,0,0.241378993,0.375634998,0.306326002,0.103448004,0.091370597,0.220865995,0,0,0,0,0,0,0,0,0,0.241378993,0.375634998,0.268590003,0,0,0.037735801,0.34482801,0.467005014,0.527191997,0,0,0,0,0,0,0,0,0,0.241378993,0.167512998,0.164261997,797.8510132,4333.879883,14056.40039,0.02,Blackberry and Grape Tangle,forest,42,15.75341908,2.49E-05,0.361214837,0.109984394,H=high,1x2,2010,7/12/2010,major
MS1019,101,41.29230612,-81.80074923,no,39,352,2,211.132111,1067.703181,180.786722,492.125,163.4462027,98.42500305,38.73697126,98.42500305,41.86858516,3366.649902,1028.512202,556.776001,102.7757843,787.4000244,185.9658185,83.77166343,23943.51776,0.449176013,1.290699959,1.156769991,2.700370073,38.73697127,38.73697127,38.73697127,38.73697127,38.73697127,38.73697127,38.73697127,38.73697127,0.241378993,6.335030079,6.879020214,0.79310298,0.624365985,0.590454996,0.517241001,0.360406011,0.337402999,0.517241001,0.370557994,0.345171988,0,0.0101523,0.00776915,0.103448004,0.035533,0.00776915,0,0,0,0,0,0,0,0.172589004,0.180910006,0.103448004,0.167512998,0.220865995,0,0,0,0.103448004,0.035533,0.00776915,0,0,0,0,0.172589004,0.176470995,0,0,0.00443951,0.103448004,0.340101987,0.401775986,0,0,0,0,0,0,0,0,0,0.275862008,0.253807008,0.245282993,1062.27002,3117.050049,13296,0.1,Beech-red oak forest,forest,43,19.82481414,0.41764869,0.364290171,0.159588557,H=high,2x5,2010,6/22/2010,major
MS1035,102,41.33070128,-81.82864957,no,60,358,2,37.566292,367.992592,37.566292,139.1940002,41.52714491,98.42500305,14.51480108,354.8760071,113.4992903,1147.819946,367.9925924,1217.449951,338.904202,196.8500061,18.09215816,329.1753129,21197.95461,0.44648999,4.386740208,3.189009905,4.14097023,14.51480108,14.51480108,14.51480108,14.51480108,14.51480108,14.51480108,14.51480108,14.51480108,0.034482799,0.873095989,1.422860026,0.827585995,0.730964005,0.744728029,0.379310012,0.340101987,0.401775986,0.379310012,0.340101987,0.401775986,0,0,0,0,0,0.031076601,0,0,0,0,0,0,0,0.00507614,0.0255272,0.172414005,0.177664995,0.167592004,0,0,0,0,0,0.00887902,0,0,0,0,0.00507614,0.0255272,0,0,0,0.172414005,0.182741001,0.193119004,0,0,0.0221976,0,0,0,0,0.086294398,0.031076601,0.448276013,0.390863001,0.342952013,1572.25,8266.94043,26172.5,0.1,"""MIXED"" FORESTS",forest,58,23.23834833,0.349815273,0.319589663,0.156576536,M=medium,2x5,2010,6/14/2010,major
MS1039,103,41.30291414,-81.78154662,no,13,355,2,253.508971,862.500879,7.667869,749.5830078,247.5233411,793.5280151,253.3321123,98.42500305,7.667869391,2762.919922,862.5008795,974.3579712,138.9195845,220.0850067,25.95402451,100.8332064,22274.15498,1.139199972,1.486789942,1.470070004,6.320549965,253.3321123,253.3321123,253.3321123,253.3321123,253.3321123,253.3321123,253.3321123,253.3321123,0,0,0.783573985,1,1,0.89567101,0.310344994,0.604061007,0.584905982,0.310344994,0.604061007,0.596004009,0,0,0.0110988,0,0,0,0,0,0,0,0,0,0,0,0.021087701,0,0,0.0832408,0,0,0,0,0,0,0,0,0,0,0,0.021087701,0,0,0,0,0,0.104328997,0,0,0,0,0,0,0,0,0,0.689655006,0.395938993,0.299667001,0,51.86240005,13396.59961,0.1,Mesic Floodplain Forest,forest,57,22.77192583,0.066674529,0.22604933,0.114706328,M=medium,2x5,2010,7/6/2010,major
MS1051,104,41.30505273,-81.80419821,no,90,354,2,184.039485,363.20347,92.143527,440.1700134,149.5594788,880.3400269,270.1498742,98.42500305,34.09994652,989.1589966,310.9910691,1574.800049,300.6783712,928.539978,262.2667455,273.5372954,22752.54392,2.409310102,2.171940088,2.207760096,6.447740078,270.1498742,270.1498742,270.1498742,270.1498742,270.1498742,270.1498742,270.1498742,270.1498742,0,0,3.779129982,1,1,0.81132102,0.827585995,0.77157402,0.644838989,0.827585995,0.77157402,0.694783986,0,0,0.049944501,0,0,0.0099889,0,0,0.00221976,0,0,0,0,0,0.069922298,0,0,0.106547996,0,0,0,0,0,0.0099889,0,0,0,0,0,0.037735801,0,0,0.032186501,0,0,0.176470995,0,0,0,0,0,0,0,0,0,0.172414005,0.228425995,0.116536997,0,0,12848,0.1,Beech-maple forest,forest,39,17.19570608,0.670100718,2.09E-05,0.177335655,VH=very high,2x5,2010,7/20/2010,major
MS1062,105,41.3624906,-81.86071462,yes,100,11,2,181.257638,302.70007,123.722267,98.42500305,27.83113124,556.776001,159.7596851,98.42500305,22.70688067,354.8760071,108.2701434,139.1940002,42.55661969,139.1940002,24.0969657,18.90918831,20070.59693,8.931949615,5.906589985,4.224009991,1.925150037,159.7596851,159.7596851,159.7596851,159.7596851,159.7596851,159.7596851,159.7596851,159.7596851,7.172410011,14.21829987,15.68480015,0,0.025380701,0.107657999,0,0.025380701,0.105438001,0,0.025380701,0.107657999,0,0,0,0,0,0,0,0.00507614,0.00665927,0,0,0.00221976,0.206897005,0.345178008,0.370698988,0.448276013,0.487309992,0.413984001,0,0,0,0,0,0,0,0.00507614,0.00554939,0.206897005,0.329948992,0.324084014,0,0.0152284,0.0466149,0.65517199,0.832486987,0.784684002,0,0,0,0,0,0,0.34482801,0.131980002,0.0954495,0,0,0,0,1063.170044,9223.44043,0,Mowed Area,forest,n/a,n/a,n/a,n/a,n/a,,,2010,9/2/2010,major
MS1067,106,41.3446936,-81.8472185,no,11,130,2,407.389488,510.754208,53.07467,311.2470093,111.7204575,139.1940002,49.90731527,98.42500305,28.25585079,1673.22998,510.7542076,622.4940186,181.3072261,1013.349976,292.1033338,78.82293585,20820.01888,0.066326797,1.017099977,1.931210041,3.75158,49.90731527,49.90731527,49.90731527,49.90731527,49.90731527,49.90731527,49.90731527,49.90731527,0.103448004,7.578680038,11.11540031,0.896552026,0.70558399,0.508324027,0.896552026,0.64467001,0.372918993,0.896552026,0.64467001,0.372918993,0,0,0,0,0,0,0,0,0.00110988,0,0,0,0,0.152283996,0.278578997,0.103448004,0.142131999,0.207546994,0,0,0,0,0,0,0,0,0,0,0.101522997,0.241953,0,0.050761402,0.036626,0.103448004,0.29441601,0.486126989,0,0,0,0,0,0,0,0,0.00443951,0,0.060913701,0.135405004,633.4299927,3974.570068,16343.7998,0.1,"""MIXED"" FORESTS",forest,40,17.09818195,0.103511583,0.521630282,0.149523807,H=high,2x5,2010,7/8/2010,major
MS1071,107,41.31226674,-81.79425526,no,27,57,2,68.724272,161.828088,68.724272,196.8500061,74.17349215,196.8500061,78.34595322,220.0850067,73.08570735,492.125,161.8280878,622.4940186,180.5221918,196.8500061,32.67769079,116.1560569,21686.58216,5.069859982,10.96759987,8.093259811,5.156889915,78.34595322,78.34595322,78.34595322,78.34595322,78.34595322,78.34595322,78.34595322,78.34595322,0.103448004,2.893399954,2.296339989,0.965516984,0.624365985,0.72586,0.65517199,0.289339989,0.386238009,0.65517199,0.345178008,0.413984001,0,0.055837601,0.027746901,0,0,0,0,0,0,0,0,0,0,0.076142102,0.072142102,0.034482799,0.284263998,0.186459005,0,0,0,0,0,0,0,0,0,0,0.076142102,0.067702599,0,0,0.00443951,0.034482799,0.360406011,0.258601993,0,0,0,0,0,0,0,0.0152284,0.0155383,0.310344994,0.279188007,0.311875999,718.7059937,8711.780273,22656.80078,0.1,Mesic Floodplain Forest,forest,47,18,0.195187602,0.097366581,0.132539984,MH=medium high,2x5,2010,8/3/2010,major
MS1083,108,41.29940739,-81.80574526,no,10,10,2,139.46812,280.762012,10.991245,688.9749756,205.8065049,492.125,164.4552558,0,10.99124548,846.684021,254.0319306,1279.530029,305.6390849,1147.819946,344.863769,174.9536262,23378.49345,6.092209816,4.41328001,5.626649857,4.431310177,164.4552558,164.4552558,164.4552558,164.4552558,164.4552558,164.4552558,164.4552558,164.4552558,0,3.050760031,5.927859783,1,0.888324976,0.68146503,0.79310298,0.558376014,0.513872981,0.79310298,0.58375603,0.519423008,0,0.025380701,0.00554939,0,0.00507614,0.00665927,0,0,0,0,0,0,0,0.0659898,0.124306001,0,0.040609099,0.187569007,0,0,0,0,0.00507614,0.00665927,0,0,0,0,0.030456901,0.0832408,0,0.035533,0.041065499,0,0.106599003,0.311875999,0,0,0,0,0,0,0,0,0,0.206897005,0.304569006,0.162042007,0,3145.25,8227.780273,0.1,"""MIXED"" FORESTS",forest,30,16.27763922,0.17594911,0.358665494,0.143881348,H=high,2x5,2010,8/2/2010,major
MS1087,109,41.29922827,-81.77396326,no,36,330,2,407.178216,406.519016,368.108013,1283.310059,393.8836158,1233.26001,357.2976405,98.42500305,40.08309683,1367.359985,406.5190159,1893.23999,532.6650623,196.8500061,51.85837558,505.3867207,22463.00407,2.841150045,5.423699856,6.424960136,5.409009933,357.2976405,357.2976405,357.2976405,357.2976405,357.2976405,357.2976405,357.2976405,357.2976405,0,0,0.321864992,1,1,0.927857995,0.620689988,0.563452005,0.544950008,0.620689988,0.563452005,0.560487986,0,0,0.0155383,0,0,0,0,0,0,0,0,0,0,0,0.0110988,0,0,0.018867901,0,0,0,0,0,0,0,0,0,0,0,0.0110988,0,0,0,0,0,0.029966701,0,0,0,0,0,0,0,0,0.042175401,0.379310012,0.436547995,0.367370009,0,0,3064.659912,0.06,Beech-maple forest,forest,42,17.462565,0.626815088,0.000779921,0.193011123,M=medium,2x3,2010,8/18/2010,major
MS1099,110,41.31752422,-81.81761865,no,45,315,2,478.532681,573.614802,478.532681,492.125,156.8763899,98.42500305,28.40423476,1872.660034,585.5539507,1574.800049,485.2067179,393.7000122,93.29671148,1100.420044,324.53943,11.1542576,22000.6537,11.32520008,13.81519985,13.64789963,7.067029953,28.40423476,28.40423476,28.40423476,28.40423476,28.40423476,28.40423476,28.40423476,28.40423476,0,4.365479946,15.01439953,0.172414005,0.243654996,0.227524996,0.172414005,0.243654996,0.206437007,0.172414005,0.243654996,0.206437007,0,0,0,0,0,0,0.310344994,0.29441601,0.154273003,0,0,0,0.172414005,0.263958991,0.378468007,0.34482801,0.197970003,0.239733994,0,0,0,0,0,0,0,0,0,0.068965502,0.126903996,0.195338994,0.103448004,0.137055993,0.183129996,0.517241001,0.461928993,0.618201971,0,0,0,0,0,0,0,0,0,0,0,0.021087701,1053.209961,4010.860107,10837.2002,0.1,"""MIXED"" FORESTS",forest,46,18.0124478,0.776923077,0.143849962,0.210172633,MH=medium high,2x5,2010,8/5/2010,major
NC1001,123,41.59964717,-81.43101275,yes,13,298,2,1292.748492,74.580191,1233.603437,530.0349731,173.188676,0,1.306487241,4035.429932,1233.603437,220.0850067,74.58019084,928.539978,64.14922077,492.125,139.978827,76.78175752,24943.64589,14.8046999,10.39420033,9.155440331,8.118969917,1.30648724,1.30648724,1.30648724,1.30648724,1.30648724,1.30648724,1.30648724,1.30648724,22.41379929,14.39589977,9.837470055,0.206897005,0.203045994,0.157602996,0.206897005,0.203045994,0.157602996,0.206897005,0.203045994,0.157602996,0,0,0,0,0,0.017758001,0,0,0,0,0,0,0.379310012,0.213198006,0.112098001,0.413792998,0.58375603,0.547169983,0,0,0,0,0,0.017758001,0,0,0,0.137931004,0.152283996,0.096559398,0.241378993,0.060913701,0.0155383,0.79310298,0.796953976,0.659267008,0,0,0,0,0,0,0,0,0.00332963,0,0,0,1226.839966,3964.629883,14049.59961,0,Steep Slope-Mixed Forest,forest,n/a,n/a,n/a,n/a,n/a,,,2010,7/26/2010,major
NC1012,124,41.56517868,-81.42237092,no,31,10,2,428.375331,773.983951,145.463112,311.2470093,98.40361615,220.0850067,74.79745503,220.0850067,75.79795863,1718.920044,536.4685503,2686.47998,708.4637051,1233.26001,292.8294941,522.1160499,24038.63668,2.632400036,8.879910469,9.154350281,9.229020119,74.79745503,74.79745503,74.79745503,74.79745503,74.79745503,74.79745503,74.79745503,74.79745503,0,1.472079992,1.855720043,1,0.959390998,0.891232014,1,0.944162011,0.885683,1,0.959390998,0.891232014,0,0,0,0,0.040609099,0.096559398,0,0,0,0,0.0152284,0.00554939,0,0,0.00443951,0,0,0.00443951,0,0,0,0,0.040609099,0.096559398,0,0,0,0,0,0.00443951,0,0,0,0,0,0.00887902,0,0,0,0,0,0,0,0,0.00332963,0,0,0,217.6080017,1773.900024,8439.129883,0.1,Sugar maple forest,forest,57,28.43450076,0.086928202,0.051050318,0.159560265,MH=medium high,2x5,2010,6/29/2010,major
NC1017,125,41.57005955,-81.43252334,no,65,2,2,102.032333,99.933231,4.047893,139.1940002,49.56151172,98.42500305,41.06617029,0,4.047893174,311.2470093,99.93323109,1479.650024,328.406056,196.8500061,35.10637783,566.5738617,23436.46413,25.0802002,9.384480476,8.67140007,5.766250134,41.06617029,41.06617029,41.06617029,41.06617029,41.06617029,41.06617029,41.06617029,41.06617029,3.655169964,1.741119981,1.230849981,0.79310298,0.761421025,0.79578203,0.79310298,0.634518027,0.716980994,0.79310298,0.741117001,0.754716992,0,0.106599003,0.037735801,0,0.091370597,0.059933402,0,0,0.00221976,0,0,0,0.068965502,0.055837601,0.057713699,0.137931004,0.091370597,0.084350698,0,0,0,0,0.035533,0.0233074,0,0,0,0.068965502,0.055837601,0.0488346,0,0,0.00887902,0.206897005,0.147208005,0.142064005,0,0.055837601,0.036626,0,0,0,0,0,0,0,0.0203046,0.041065499,937.4370117,5781.540039,16283.40039,0.1,Dry Oak forest and Woodland,forest,50,21.91065775,0.379394755,0.113893746,0.193408036,M=medium,2x5,2010,6/18/2010,major
NC1028,126,41.55493124,-81.42883446,no,33,330,2,59.498155,606.279209,59.498155,139.1940002,58.26549767,98.42500305,29.7826557,417.5820007,130.0272013,1893.23999,570.3675687,530.0349731,132.8681854,417.5820007,114.7509637,76.92711664,23165.80718,1.512500048,3.853879929,3.028140068,3.523869991,29.7826557,29.7826557,29.7826557,29.7826557,29.7826557,29.7826557,29.7826557,29.7826557,0.862069011,4.030459881,6.149829865,0.862069011,0.776650012,0.647059023,0.862069011,0.776650012,0.647059023,0.862069011,0.776650012,0.647059023,0,0,0,0,0,0.00776915,0,0,0,0,0,0,0,0.111675002,0.184239998,0.137931004,0.111675002,0.158712998,0,0,0,0,0,0.00776915,0,0,0,0,0.101522997,0.182019994,0,0.0101523,0.00221976,0.137931004,0.223350003,0.342952013,0,0,0,0,0,0.00221976,0,0,0,0,0,0,1061.959961,6081.970215,17442.90039,0.1,Beech-maple forest,forest,55,23.19253365,0.150092751,0.500272797,0.155820791,H=high,2x5,2010,6/30/2010,major
NC1033,127,41.58012536,-81.42071139,no,57,346,2,421.58311,201.833489,87.444787,573.9110107,162.4619287,278.3880005,65.39991444,0,15.18290596,393.7000122,106.675022,1774.380005,110.6103362,840.9439697,250.7390012,388.4580084,24772.74881,16.73220062,20.15270042,18.48590088,9.646180153,65.39991444,65.39991444,65.39991444,65.39991444,65.39991444,65.39991444,65.39991444,65.39991444,0,1.619289994,2.449500084,0.931034982,0.868019998,0.773585021,0.931034982,0.868019998,0.760266006,0.931034982,0.868019998,0.760266006,0,0,0,0.068965502,0.030456901,0.049944501,0,0,0,0,0,0,0,0.025380701,0.0488346,0,0.076142102,0.120976999,0,0,0.0155383,0.068965502,0.030456901,0.0344062,0,0,0,0,0.0203046,0.047724701,0,0.00507614,0.00110988,0,0.101522997,0.169810995,0,0,0,0,0,0,0,0,0.00665927,0,0,0.0133185,451.6390076,1718.189941,8569.209961,0.05,Beech-maple forest,forest,66,30.66792688,0.669794674,0.000133676,0.197394236,MH=medium high,1x5,2010,6/29/2010,major
NC1040,128,41.57178309,-81.43738735,no,71,332,2,246.324231,368.455303,196.840901,492.125,160.6865886,98.42500305,16.52799542,688.9749756,196.8409438,598.6959839,173.7662269,501.8710022,135.4034705,695.9699707,179.2761029,161.6369921,23131.85571,0.554964006,0.548121989,0.694419026,2.008929968,16.52799542,16.52799542,16.52799542,16.52799542,16.52799542,16.52799542,16.52799542,16.52799542,0,6.690360069,7.125420094,0.758620977,0.406091005,0.480576992,0.758620977,0.406091005,0.408434987,0.758620977,0.406091005,0.445060998,0,0,0.036626,0,0.106599003,0.053274099,0,0.0101523,0.00221976,0,0,0,0.068965502,0.269035995,0.184239998,0.172414005,0.208122,0.279689014,0,0,0,0,0.030456901,0.016648199,0,0,0,0.068965502,0.228425995,0.173141003,0,0.040609099,0.0110988,0.241378993,0.477156997,0.463928998,0,0.076142102,0.036626,0,0,0,0,0,0,0,0,0.035516098,827.40802,3379.5,17401,0.1,Maple-Ash-Elm forest,forest,22,16.08589747,0.004939351,0.61486016,0.197916667,MH=medium high,2x5,2010,7/13/2010,major
NC1044,129,41.56070631,-81.41309358,no,64,348,2,939.507926,990.560916,628.480968,440.1700134,143.2785877,295.2749939,87.7855407,440.1700134,155.6128298,3187.820068,971.4525675,598.6959839,89.94544242,354.8760071,75.60178318,65.45977438,24611.66644,0.571169019,1.125669956,0.973299026,6.797860146,87.7855407,87.7855407,87.7855407,87.7855407,87.7855407,87.7855407,87.7855407,87.7855407,0,4.096449852,1.797999978,1,0.670050979,0.72586,0.965516984,0.619288981,0.714761019,0.965516984,0.619288981,0.714761019,0,0,0,0,0,0.028856801,0,0,0,0,0,0,0,0.106599003,0.047724701,0,0.091370597,0.055493899,0,0,0,0,0,0.028856801,0,0.0203046,0.0099889,0,0.106599003,0.047724701,0,0,0,0,0.197970003,0.103219002,0,0,0,0,0,0,0,0.111675002,0.132074997,0.034482799,0.050761402,0.0110988,146.5460052,6543.049805,17070,0.1,"""MIXED"" FORESTS",forest,41,12.79204298,0.227433384,0.115422442,0.169650901,VH=very high,2x5,2010,7/14/2010,major
NC1049,130,41.59702849,-81.43424414,yes,53,332,2,1080.206886,327.341218,968.860558,405.8169861,136.9447957,295.2749939,93.22842359,3246.530029,968.8605578,907.434021,286.2998357,405.8169861,128.6135286,295.2749939,70.58813894,174.6668009,24568.4536,2.766259909,6.495560169,5.188499928,8.284310341,93.22842359,93.22842359,93.22842359,93.22842359,93.22842359,93.22842359,93.22842359,93.22842359,10.27589989,9.192890167,11.44279957,0,0.081218302,0.145393997,0,0.081218302,0.145393997,0,0.081218302,0.145393997,0,0,0,0.034482799,0.060913701,0.0144284,0,0,0.0155383,0,0,0,0.137931004,0.106599003,0.183129996,0.827585995,0.700507998,0.629301012,0,0,0,0.034482799,0.060913701,0.0144284,0,0,0,0.137931004,0.101522997,0.140954003,0,0.00507614,0.042175401,0.965516984,0.807106972,0.812430978,0,0,0,0,0,0,0,0.050761402,0.0122087,0,0,0,106.9609985,2849,12616.90039,0,Mowed  Golf Course,open,n/a,n/a,n/a,n/a,n/a,,,2010,7/29/2010,major
NC1056,131,41.54806642,-81.41890559,yes,37,18,2,291.98696,241.054894,289.989983,196.8500061,65.97297825,196.8500061,56.46651425,891.276001,284.5595335,749.5830078,241.054894,793.5280151,34.55050511,98.42500305,24.03057814,25.39360141,23748.13072,21.67639923,14.78040028,14.26959991,8.929010391,56.46651425,56.46651425,56.46651425,56.46651425,56.46651425,56.46651425,56.46651425,56.46651425,0.586206973,3.065989971,5.377359867,0.517241001,0.522843003,0.521642983,0.482758999,0.44670099,0.481687009,0.482758999,0.44670099,0.48834601,0,0,0.00665927,0,0,0,0,0,0,0,0,0,0,0.045685299,0.098779097,0.103448004,0.284263998,0.316314995,0,0,0,0,0,0,0,0,0,0,0.040609099,0.092119902,0,0.00507614,0.00665927,0.103448004,0.329948992,0.415093988,0,0,0,0,0,0,0.379310012,0.147208005,0.063262999,0.034482799,0.076142102,0.033296298,1043.069946,4263.169922,18801.19922,0,Eroded grassy slope,forest,n/a,n/a,n/a,n/a,n/a,,,2010,7/15/2010,major
NC1065,132,41.57009775,-81.42013304,no,59,330,2,123.124242,425.923391,59.220284,354.8760071,98.25261326,98.42500305,33.25252246,139.1940002,59.22028408,220.0850067,58.55023804,1623.27002,482.3824136,709.7529907,160.1648696,411.7811291,24402.03826,2.093760014,3.558690071,4.986979961,7.020269871,33.25252246,33.25252246,33.25252246,33.25252246,33.25252246,33.25252246,33.25252246,33.25252246,0,2.167510033,3.354049921,0.931034982,0.802030027,0.647059023,0.931034982,0.802030027,0.641508996,0.931034982,0.802030027,0.647059023,0,0,0,0.068965502,0.121826999,0.207546994,0,0,0,0,0,0.00554939,0,0,0.0155383,0,0.076142102,0.105438001,0,0,0,0.068965502,0.121826999,0.207546994,0,0,0,0,0,0.0155383,0,0,0,0,0.076142102,0.120976999,0,0,0,0,0,0,0,0,0.0244173,0,0,0,1024.849976,6689.189941,16946.90039,0.1,Green ash swamp,forest,33,15.80895559,0.017295054,0.765513663,0.177950295,MH=medium high,2x5,2010,7/27/2010,major
NC1076,133,41.56722161,-81.42072983,no,21,60,2,224.581331,534.115861,137.460761,98.42500305,26.44515162,98.42500305,27.55775566,405.8169861,137.4607612,811.6329956,275.086005,2491.919922,640.7058134,1320.51001,117.7769612,424.7547484,24244.32246,2.141619921,7.830510139,8.542039871,7.941189766,27.55775566,27.55775566,27.55775566,27.55775566,27.55775566,27.55775566,27.55775566,27.55775566,1.275859952,1.964470029,2.86458993,0.758620977,0.791877985,0.763595998,0.758620977,0.791877985,0.758046985,0.758620977,0.791877985,0.763595998,0,0,0,0.241378993,0.208122,0.198668003,0,0,0,0,0,0.00554939,0,0,0.00332963,0,0,0.017758001,0,0,0,0.241378993,0.208122,0.198668003,0,0,0,0,0,0.00332963,0,0,0,0,0,0.021087701,0,0,0,0,0,0,0,0,0.016648199,0,0,0,1601.719971,5825.589844,14707.7002,0.1,Maple-Ash-Elm forest,forest,43,15.93382542,0.00579672,0.68442461,0.178286911,M=medium,2x5,2010,7/27/2010,major
NC1081,134,41.57350074,-81.4303137,no,63,10,2,175.761638,284.678516,48.315547,98.42500305,25.94758677,98.42500305,26.26068682,98.42500305,48.31554681,907.434021,277.7011974,2339.540039,276.2563356,1122.219971,328.6543013,752.3326737,23750.06967,1.995360017,2.569099903,2.508690119,9.008520126,26.26068683,26.26068683,26.26068683,26.26068683,26.26068683,26.26068683,26.26068683,26.26068683,1.620689988,1.568529963,0.759155989,0.862069011,0.878172994,0.890121996,0.862069011,0.659897983,0.799112022,0.862069011,0.761421025,0.85571599,0,0.101522997,0.056603801,0,0,0.053274099,0,0,0,0,0,0,0,0.0152284,0.00887902,0.137931004,0.106599003,0.047724701,0,0,0,0,0,0.0144284,0,0,0,0,0.0152284,0.00887902,0,0,0,0.137931004,0.121826999,0.056603801,0,0,0.038845699,0,0,0,0,0,0,0,0.116751,0.0344062,961.4760132,4303.430176,13529.09961,0.1,Beech-maple forest,forest,43,18.54846232,0.579255747,0.000805081,0.318939175,M=medium,2x5,2010,8/5/2010,major
NC1092,135,41.5581401,-81.42663036,no,25,342,2,177.774105,368.74123,75.285916,590.5499878,181.8979076,492.125,151.0163512,295.2749939,75.28591583,1122.219971,334.0159281,1122.219971,287.4677159,1721.72998,510.2470444,260.1330624,23449.6384,1.48635006,2.361229897,2.194180012,6.142519951,151.0163512,151.0163512,151.0163512,151.0163512,151.0163512,151.0163512,151.0163512,151.0163512,0,0.314720988,2.104330063,1,0.944162011,0.872363985,1,0.944162011,0.872363985,1,0.944162011,0.872363985,0,0,0,0,0,0.00554939,0,0,0,0,0,0,0,0,0.052164301,0,0.055837601,0.0688124,0,0,0,0,0,0.00554939,0,0,0,0,0,0.049944501,0,0,0.00221976,0,0.055837601,0.120976999,0,0,0,0,0,0,0,0,0.00110988,0,0,0,0,2585.080078,11475.2002,0.1,Dry-Mesic Oak Forest and Woodland,forest,52,20.79787788,0.454500404,0.152250556,0.141116465,H=high,2X5,2010,8/5/2010,major
NC1097,136,41.57776783,-81.43125951,no,57,9,2,50.3716,116.572077,36.37628,98.42500305,42.69854597,98.42500305,36.0144435,98.42500305,36.37628006,393.7000122,116.5720774,1185.189941,287.9262101,501.8710022,114.0761481,349.7546194,23861.1718,2.392359972,1.934550047,3.315150023,4.299469948,36.48211863,36.0144435,36.48211863,36.48211863,36.0144435,36.48211863,36.0144435,36.0144435,3.827589989,1.700510025,1.318529963,0.758620977,0.761421025,0.807991028,0.758620977,0.761421025,0.756937027,0.758620977,0.761421025,0.78579402,0,0,0.028856801,0.034482799,0.126903996,0.103219002,0,0,0,0,0,0,0.103448004,0.040609099,0.0244173,0.103448004,0.040609099,0.055493899,0,0,0,0,0.086294398,0.056603801,0,0,0,0.103448004,0.040609099,0.0244173,0,0,0,0.206897005,0.081218302,0.079911202,0.034482799,0.040609099,0.0466149,0,0,0,0,0.030456901,0.00887902,0,0,0.0221976,1768.859985,5392.52002,17523.80078,0.1,Beech-maple forest,forest,54,21.06339637,0.856979429,0.017804772,0.156174557,M=medium,2x5,2010,8/25/2010,major
NC1100,137,41.56138617,-81.43780343,no,48,290,2,119.271258,198.268182,101.326855,492.125,124.7043243,0,9.732206543,556.776001,179.120075,440.1700134,124.6335918,440.1700134,118.9182409,139.1940002,19.9920099,126.5912301,22684.66809,0.704007983,1.228670001,1.275320053,1.819630027,9.732206545,9.732206545,9.732206545,9.732206545,9.732206545,9.732206545,9.732206545,9.732206545,0.34482801,6.451779842,11.37849998,0.551724017,0.319797009,0.326303989,0.482758999,0.279188007,0.302996993,0.482758999,0.279188007,0.315205008,0,0,0.0122087,0,0.0152284,0.027746901,0,0.00507614,0.0144284,0,0,0,0.034482799,0.208122,0.258601993,0.310344994,0.360406011,0.306326002,0,0,0,0,0.0152284,0.027746901,0,0,0,0.034482799,0.182741001,0.210877001,0,0.025380701,0.047724701,0.34482801,0.568527997,0.564927995,0,0,0,0,0,0.036626,0.103448004,0.091370597,0.029966701,0.068965502,0.040609099,0.0110988,774.1710205,4689.859863,18049.30078,0.1,Planted-Austrian Pine,forest,16,13.85804656,0.005338236,0.964364626,0.198386555,M=medium,2x5,2010,8/26/2010,major
OE1052,150,41.41835898,-81.6440244,no,40,9,2,31.487304,399.628734,31.487304,139.1940002,38.93923185,0,15.20299405,1463.189941,436.1770165,196.8500061,77.17599308,749.5830078,192.5941213,196.8500061,31.83586645,28.78031686,9185.800674,2.086390018,3.015079975,4.698160172,6.276100159,17.11915751,15.20299405,17.11915751,17.11915751,15.20299405,17.11915751,15.20299405,15.20299405,29.62070084,36.6344986,40.56489944,0.379310012,0.182741001,0.056603801,0.379310012,0.182741001,0.056603801,0.379310012,0.182741001,0.056603801,0,0,0,0,0.152283996,0.183129996,0.034482799,0.071066,0.098779097,0,0,0,0.482758999,0.543147027,0.542729974,0.068965502,0.0203046,0.112098001,0,0,0,0,0.152283996,0.183129996,0,0,0,0.137931004,0.203045994,0.247502998,0.34482801,0.340101987,0.295228004,0.551724017,0.563452005,0.654828012,0,0,0,0,0,0,0.034482799,0.030456901,0.00665927,0,0,0,459.7349854,2357.76001,4706.200195,0.08,Cottonwood Forest,forest,12,9.797958971,0,0.302450093,0.194189982,H=high,2x4,2010,7/22/2010,minor
RR1010,153,41.4033166,-81.89809263,no,10,50,2,978.95607,541.875821,371.43628,501.8710022,157.3679182,440.1700134,147.6389574,1152.040039,371.4362995,1453.22998,445.4294156,492.125,80.0965966,98.42500305,15.77936676,15.55135782,19739.48941,1.735430002,1.459010005,1.518219948,6.335370064,147.6389574,147.6389574,147.6389574,147.6389574,147.6389574,147.6389574,147.6389574,147.6389574,0,0.984772027,7.154270172,0.931034982,0.837562978,0.516093016,0.517241001,0.710659981,0.457269996,0.517241001,0.710659981,0.470587999,0,0,0.00665927,0,0,0.00665927,0,0,0.00110988,0,0,0.00665927,0,0.0203046,0.169810995,0,0.0659898,0.250831991,0,0,0,0,0,0.00665927,0,0,0,0,0.0203046,0.154273003,0,0,0.0155383,0,0.086294398,0.420643985,0,0,0,0,0,0,0.068965502,0.076142102,0.055493899,0.413792998,0.126903996,0.045504998,0,3891.939941,21301.69922,0.1,Mesic Floodplain Forest,forest,33,22.86002286,0.066416486,0.257513507,0.171839483,H=high,2x5,2010,6/24/2010,major
RR1022,154,41.46829004,-81.83154099,no,27,335,2,94.002566,121.81452,94.002566,278.3880005,113.7923314,139.1940002,46.77333933,98.42500305,21.1645264,311.2470093,96.90552558,1003.73999,137.763573,220.0850067,49.87711784,275.3673749,11828.53218,14.80189991,14.1559,12.91160011,9.84992981,46.77333933,46.77333933,46.77333933,46.77333933,46.77333933,46.77333933,46.77333933,46.77333933,2.965519905,7.619289875,12.18760014,0.689655006,0.411168009,0.408434987,0.689655006,0.390863001,0.360709995,0.689655006,0.390863001,0.360709995,0,0,0,0,0.040609099,0.00887902,0,0,0.00887902,0,0,0,0.103448004,0.187817007,0.249723002,0.103448004,0.274111986,0.211987004,0,0,0,0,0.040609099,0.00887902,0,0.0152284,0.00665927,0.068965502,0.116751,0.153163001,0.034482799,0.071066,0.096559398,0.206897005,0.461928993,0.461708993,0,0,0,0,0,0,0.103448004,0.071066,0.105438001,0,0.0203046,0.047724701,590.5499878,5269.890137,21638.40039,0.06,"""MIXED"" FORESTS",forest,41,16.90308509,0.209377066,0.151068831,0.15336054,H=high,2x3,2010,6/17/2010,major
RR1026,155,41.40309816,-81.8894741,no,9,44,2,342.038533,296.154883,30.121029,1082.680054,339.6947852,278.3880005,97.6430156,98.42500305,21.79476268,846.684021,255.836395,1122.219971,248.9610553,278.3880005,67.49714158,164.6418614,19131.79184,0.719099998,11.04800034,10.06669998,5.514309883,97.6430156,97.6430156,97.6430156,97.6430156,97.6430156,97.6430156,97.6430156,97.6430156,0,0.228425995,2.12319994,0.862069011,0.786801994,0.635959983,0.482758999,0.502538025,0.502775013,0.862069011,0.710659981,0.570477009,0.379310012,0.208122,0.067702599,0,0,0.017758001,0,0,0,0,0,0,0,0,0.057713699,0,0.106599003,0.227524996,0,0,0,0,0,0.017758001,0,0,0,0,0,0.054384001,0,0,0.00332963,0,0.106599003,0.285239011,0,0,0,0,0,0,0.137931004,0.106599003,0.0610433,0,0.076142102,0.065482803,74.08599854,1538.73999,24380.5,0.1,Planted-Austrian Pine,forest,29,16,0.111427265,0.410261684,0.155463326,VH=very high,2x5,2010,6/11/2010,major
RR1030,156,41.44960363,-81.83335651,no,43,30,2,43.932256,400.411466,43.932256,98.42500305,37.46768502,0,17.01593529,492.125,157.3394524,1100.420044,331.8443967,556.776001,78.50772548,354.8760071,23.33101644,66.00443254,12601.74111,14.13070011,20.01110077,15.89430046,6.316689968,17.01593529,17.01593529,17.01593529,17.01593529,17.01593529,17.01593529,17.01593529,17.01593529,1.965520024,4.345180035,10.45839977,0.517241001,0.431472003,0.271919996,0.482758999,0.38578701,0.219756007,0.482758999,0.38578701,0.234183997,0,0,0.0144284,0,0.00507614,0.032186501,0,0,0.018867901,0,0,0,0,0.086294398,0.217536002,0.482758999,0.401015013,0.391786993,0,0,0,0,0.00507614,0.032186501,0,0,0.00776915,0,0.071066,0.143173993,0,0.0152284,0.074361801,0.482758999,0.487309992,0.609323025,0,0,0,0,0,0,0,0.076142102,0.059933402,0.034482799,0.045685299,0.037735801,1340.099976,5867.370117,18177.80078,0.05,"""MIXED"" FORESTS",forest,24,13.31280471,0.120929951,0.013619736,0.149305556,VH=very high,1x5,2010,7/10/2010,major
RR1038,157,41.45302651,-81.82113905,no,5,83,2,265.312242,278.622446,255.178615,393.7000122,110.423713,295.2749939,87.01828773,793.5280151,255.1786146,891.276001,278.622446,393.7000122,72.36344609,573.9110107,170.7635572,5.297925591,11512.88934,12.81799984,18.77840042,18.40180016,7.059470177,87.01828774,87.01828774,87.01828774,87.01828774,87.01828774,87.01828774,87.01828774,87.01828774,0,11.75129986,26.77029991,1,0.604061007,0.388457,0.689655006,0.406091005,0.307435989,0.689655006,0.406091005,0.308546007,0,0,0.00110988,0,0,0,0,0.00507614,0.0954495,0,0,0,0,0.263958991,0.361820012,0,0.071066,0.0954495,0,0,0,0,0,0,0,0,0,0,0.197970003,0.173141003,0,0.0659898,0.188678995,0,0.335025012,0.457269996,0,0,0,0,0,0,0,0.055837601,0.0588235,0.310344994,0.197970003,0.079911202,162.9369965,3550.080078,13338.2998,0.06,Beech-maple forest,forest,43,19.25,0.687261683,0.123104549,0.184779396,H=high,1x6,2010,7/7/2010,major
RR1042,158,41.43094904,-81.85327996,yes,13,315,2,53.645144,440.399747,53.645144,98.42500305,42.77684034,0,17.2064324,417.5820007,137.1606783,1283.310059,396.6564214,220.0850067,47.65066423,556.776001,171.3093991,4.125428002,14979.96755,28.3288002,19.02770042,14.63199997,4.906149864,17.2064324,17.2064324,17.2064324,17.2064324,17.2064324,17.2064324,17.2064324,17.2064324,8.034480095,10.1928997,12.10319996,0.379310012,0.411168009,0.431742996,0.275862008,0.253807008,0.293008,0.275862008,0.253807008,0.293008,0,0,0,0,0,0.00110988,0,0,0,0,0,0,0.137931004,0.263958991,0.316314995,0.482758999,0.274111986,0.204218,0,0,0,0,0,0,0,0,0,0.137931004,0.263958991,0.315205008,0,0,0.00110988,0.620689988,0.538070977,0.520533025,0,0,0.00110988,0,0,0,0,0.050761402,0.0466149,0.103448004,0.157360002,0.138734996,1978.199951,5776.939941,12912.59961,0,Steep Slope-Mixed Forest,forest,n/a,n/a,n/a,n/a,n/a,,1x1,2010,7/28/2010,major
RR1054,159,41.4191218,-81.85919557,no,45,14,2,113.065495,191.078956,73.522071,278.3880005,80.08918329,0,6.059697064,220.0850067,73.52207077,688.9749756,191.0789555,907.434021,232.0110651,440.1700134,137.3213172,194.3020932,16045.83099,0.71765703,1.937049985,1.296380043,5.853096,6.059697066,6.059697066,6.059697066,6.059697066,6.059697066,6.059697066,6.059697066,6.059697066,4.103449821,6.050759792,19.69370079,0.620689988,0.573603988,0.39289701,0.068965502,0.238579005,0.225305006,0.068965502,0.238579005,0.225305006,0,0,0,0,0,0,0,0,0.062153202,0,0,0,0.068965502,0.162437007,0.352941006,0.310344994,0.197970003,0.135405004,0,0,0,0,0,0,0,0,0,0.034482799,0.106599003,0.193119004,0.034482799,0.055837601,0.159822002,0.379310012,0.360406011,0.48834601,0,0,0,0,0,0,0,0.0659898,0.056603801,0.551724017,0.335025012,0.167592004,840.1610107,6430.799805,15946,0.1,"""MIXED"" FORESTS",forest,40,19.69576292,0.0170096,0.014390676,0.193259581,M=medium,2x5,2010,7/15/2010,major
RR1058,160,41.4246234,-81.85502172,no,55,6,2,90.977137,540.298639,36.530607,98.42500305,26.34377167,295.2749939,95.7711503,98.42500305,25.29353582,1752.410034,540.2986385,846.684021,256.7578042,393.7000122,97.9596407,22.22406609,15439.40127,0.619566977,2.471250057,2.685519934,7.584899902,95.7711503,95.7711503,95.7711503,95.7711503,95.7711503,95.7711503,95.7711503,95.7711503,27.03450012,12.23859978,10.72480011,0.586206973,0.538070977,0.482796997,0.103448004,0.274111986,0.309655994,0.103448004,0.274111986,0.309655994,0,0,0,0,0,0,0.068965502,0.050761402,0.028856801,0,0,0,0.310344994,0.137055993,0.207546994,0.034482799,0.197970003,0.226414993,0,0,0,0,0,0,0,0,0,0.034482799,0.040609099,0.129856005,0.275862008,0.0964467,0.077691503,0.34482801,0.335025012,0.433961987,0,0,0,0,0,0,0,0.076142102,0.054384001,0.482758999,0.263958991,0.173141003,199.5269928,4614.870117,16669.59961,0.1,Cottonwood Forest,forest,44,19.67077512,0.049887657,0.064930852,0.197606358,M=medium,2x5,2010,7/19/2010,major
RR1074,161,41.39821459,-81.87916931,no,8,29,2,254.05342,445.342964,235.881976,98.42500305,34.05274088,196.8500061,52.28091411,622.4940186,197.9061774,1398.880005,405.273516,501.8710022,104.0164164,196.8500061,38.71380909,12.83085284,18698.02688,20.3621006,18.38330078,13.31070042,5.070449829,52.28091411,52.28091411,52.28091411,52.28091411,52.28091411,52.28091411,52.28091411,52.28091411,0.206897005,1.152279973,1.816869974,0.103448004,0.319797009,0.371809006,0.068965502,0.162437007,0.258601993,0.068965502,0.162437007,0.26304099,0,0,0.00443951,0,0,0,0,0,0.0122087,0,0,0,0.551724017,0.38578701,0.287458003,0.34482801,0.29441601,0.318535,0,0,0,0,0,0,0,0,0.00776915,0.206897005,0.258882999,0.186459005,0.34482801,0.126903996,0.100998998,0.896552026,0.680203021,0.605992973,0,0,0,0,0,0,0,0,0.00221976,0.034482799,0.157360002,0.108768001,527.6129761,2964.52002,20537.5,0.01,Sugar maple forest,forest,24,11.78376607,0.038019541,0.227914747,0.153705429,L=low,1x1,2010,8/4/2010,major
RR1086,162,41.46932334,-81.82466011,no,65,9,2,69.433807,288.36588,69.433807,278.3880005,93.23313618,417.5820007,124.8007552,0,7.045911818,907.434021,288.3658805,709.7529907,203.2538359,139.1940002,38.03119522,184.8716245,11242.66594,0.744967997,2.763950109,2.658829927,9.619810104,124.8007552,124.8007552,124.8007552,124.8007552,124.8007552,124.8007552,124.8007552,124.8007552,0,5.050759792,14.77470016,0.79310298,0.619288981,0.39289701,0.620689988,0.497462004,0.337402999,0.620689988,0.497462004,0.337402999,0,0,0,0,0,0,0,0,0.0099889,0,0,0,0,0.126903996,0.321864992,0,0.121826999,0.172031,0,0,0,0,0,0,0,0,0,0,0.111675002,0.223085001,0,0.0152284,0.098779097,0,0.248731002,0.493896008,0,0,0,0,0,0,0.206897005,0.131980002,0.103219002,0.172414005,0.121826999,0.055493899,0,5382.580078,21743.19922,0.1,Cottonwood Forest,forest,55,21.77324216,0.299504885,0.071991375,0.156693854,H=high,2x5,2010,8/17/2010,major
RR1090,163,41.40426292,-81.89101931,no,27,327,2,439.075063,222.331152,147.696997,598.6959839,176.7572671,220.0850067,84.18906976,98.42500305,27.21918212,598.6959839,175.1697069,598.6959839,106.5524077,196.8500061,36.05488328,36.34514574,19176.07669,0.958730996,1.017449975,2.504509926,6.608689785,84.18906976,84.18906976,84.18906976,84.18906976,84.18906976,84.18906976,84.18906976,84.18906976,0,0.812183022,2.029969931,0.862069011,0.730964005,0.673695982,0.482758999,0.538070977,0.56270802,0.482758999,0.61421299,0.627080977,0,0.076142102,0.064372897,0,0,0,0,0,0,0,0,0,0,0.0152284,0.045504998,0,0.131980002,0.210877001,0,0,0,0,0,0,0,0,0,0,0.0152284,0.043285199,0,0,0.00221976,0,0.147208005,0.256381989,0,0,0,0,0,0,0.137931004,0.121826999,0.069922298,0.379310012,0.116751,0.0466149,167.7779999,4571.189941,24146.40039,0.1,Beech-maple forest,forest,51,16.79378605,0.17671981,0.062648086,0.16380905,H=high,2x5,2010,8/30/2010,major
RR1094,164,41.43938857,-81.83177845,no,26,97,2,782.464251,955.064656,44.104982,139.1940002,58.46273581,98.42500305,39.28219474,98.42500305,34.15097664,2120.139893,633.1408932,311.2470093,80.98000911,393.7000122,96.27763559,49.71108711,12953.21674,20.87879944,14.41079998,14.3906002,6.466919899,39.28219474,39.28219474,39.28219474,39.28219474,39.28219474,39.28219474,39.28219474,39.28219474,2,8.335029602,12.80020046,0.827585995,0.456853002,0.390677005,0.827585995,0.436547995,0.360709995,0.827585995,0.456853002,0.37735799,0,0.0203046,0.016648199,0,0.0152284,0.00665927,0,0,0,0,0,0,0,0.213198006,0.306326002,0.172414005,0.208122,0.244173005,0,0,0,0,0.0152284,0.00665927,0,0,0,0,0.213198006,0.271919996,0,0,0.0344062,0.172414005,0.421319991,0.550499022,0,0,0,0,0,0,0,0.106599003,0.052164301,0,0,0.0133185,844.0300293,3167.189941,11617.09961,0.1,"""MIXED"" FORESTS",forest,30,15.89769927,0.17668433,0.464647994,0.207530304,H=high,2x5,2010,8/4/2010,major
SC1016,177,41.435608,-81.413053,no,44,6,2,1441.385605,467.831369,14.763997,501.8710022,167.1435177,98.42500305,27.72690751,0,14.76397657,660.2550049,199.0648431,933.7420044,277.8872164,196.8500061,38.64842255,49.80290304,24260.63839,0.331418008,1.887349963,2.707129955,7.158909798,144.0722605,144.0722605,27.7269075,144.0722605,27.7269075,27.7269075,144.0722605,27.7269075,0,0.045685299,2.011100054,0.65517199,0.766497016,0.608213007,0.482758999,0.700507998,0.56714797,0.482758999,0.700507998,0.573807001,0,0,0.00665927,0.34482801,0.167512998,0.115427002,0,0,0,0,0,0,0,0,0.045504998,0,0.040609099,0.176470995,0,0,0,0,0.045685299,0.088790201,0,0,0.0099889,0,0,0.045504998,0,0,0,0,0.040609099,0.221975997,0.34482801,0.121826999,0.0266371,0,0,0,0,0.025380701,0.0443951,0.172414005,0.0659898,0.0344062,759.4829712,4982.350098,24914.69922,0.1,Old Field (>10 years),forest,40,16.73625623,0.021014326,0.913973227,0.052210741,M=medium,2x5,2010,7/28/2010,major
SC1027,178,41.38452738,-81.4800582,yes,0,60,2,45.975341,45.837096,45.975341,98.42500305,31.33893551,98.42500305,26.1413881,98.42500305,47.09917533,196.8500061,45.83709631,1064.630005,309.158881,440.1700134,135.067449,87.01268486,21478.63747,7.727230072,6.547190189,6.930890083,6.453569889,92.79774188,26.1413881,92.79774188,92.79774188,26.1413881,92.79774188,26.1413881,26.1413881,6.275859833,10.51270008,9.485019684,0.724138021,0.588832021,0.570477009,0.448276013,0.538070977,0.553829014,0.724138021,0.588832021,0.564927995,0,0,0,0.034482799,0.050761402,0.107657999,0,0,0,0.275862008,0.050761402,0.0110988,0.172414005,0.091370597,0.089900099,0.068965502,0.213198006,0.173141003,0,0,0,0.034482799,0.050761402,0.107657999,0,0,0,0.172414005,0.091370597,0.089900099,0,0,0,0.241378993,0.304569006,0.26304099,0,0,0,0,0,0,0,0.055837601,0.0588235,0,0,0.00554939,969.4990234,6038.259766,24125,0,Mowed Hill,open,n/a,n/a,n/a,n/a,n/a,,,2010,7/26/2010,major
SC1032,179,41.44654936,-81.40754057,yes,61,2,2,2736.260683,183.386976,26.115627,590.5499878,173.1775649,98.42500305,25.3421064,98.42500305,22.15763466,492.125,155.9586251,688.9749756,205.6075556,98.42500305,0,13.33854337,24422.87042,2.817929983,2.180870056,1.819020033,7.714590073,70.4361189,70.4361189,25.3421064,70.4361189,25.3421064,25.3421064,70.4361189,25.3421064,0,1.492390037,2.546060085,0.586206973,0.487309992,0.620422006,0.551724017,0.416244,0.552718997,0.551724017,0.416244,0.561598003,0,0,0.00887902,0.137931004,0.279188007,0.112098001,0,0,0,0,0,0,0,0.025380701,0.047724701,0,0.071066,0.152052999,0,0,0,0,0.187817007,0.086570501,0,0,0,0,0.025380701,0.047724701,0,0,0,0,0.0964467,0.199778005,0.137931004,0.091370597,0.0255272,0,0,0,0.275862008,0.137055993,0.067702599,0.034482799,0.071066,0.0588235,799.5499878,5321.52002,18810.69922,0,Streams and Rivers,open,n/a,n/a,n/a,n/a,n/a,,,2010,7/26/2010,major
SC1048,180,41.41314999,-81.41317941,no,25,340,2,177.651672,245.34496,60.124229,220.0850067,90.81010461,98.42500305,38.34325616,139.1940002,59.91338136,598.6959839,174.6991429,501.8710022,110.979059,492.125,132.5220935,90.7124236,25017.01278,3.25248003,5.87789011,7.440499783,8.80368042,38.34325616,38.34325616,38.34325616,38.34325616,38.34325616,38.34325616,38.34325616,38.34325616,0.827585995,5.121829987,3.720309973,0.862069011,0.593909025,0.661486983,0.862069011,0.578679979,0.622641981,0.862069011,0.578679979,0.629301012,0,0,0.00665927,0,0,0.069922298,0,0,0,0,0,0,0.068965502,0.106599003,0.097669303,0.068965502,0.238579005,0.145393997,0,0,0,0,0,0.057713699,0,0,0,0.068965502,0.0964467,0.086570501,0,0.0101523,0.0110988,0.137931004,0.345178008,0.243063003,0,0,0.0122087,0,0,0,0,0.060913701,0.0255272,0,0.0152284,0.032186501,823.3800049,4379.149902,17185.69922,0.1,Beech-maple forest,forest,41,21.60246899,0.08822042,0.695963031,0.189582437,MH=medium high,2x5,2010,7/21/2010,major
SC1055,181,41.41055122,-81.47319946,no,12,40,2,27.550304,1168.259602,17.530308,98.42500305,41.90497679,417.5820007,124.0617516,0,17.53030079,3611,1113.473017,354.8760071,38.72078822,749.5830078,199.5332531,5.032842056,20523.254,1.466770053,2.511290073,2.593620062,3.230905,124.0617516,124.0617516,124.0617516,124.0617516,124.0617516,124.0617516,124.0617516,124.0617516,22.27589989,21.16749954,16.74469948,0,0.0659898,0.198668003,0,0.00507614,0.180910006,0,0.040609099,0.188678995,0,0,0,0,0.025380701,0.00776915,0,0,0,0,0.035533,0.00776915,0.586206973,0.482232988,0.374029011,0.413792998,0.426396012,0.419533998,0,0,0,0,0.025380701,0.00776915,0,0,0,0.586206973,0.431472003,0.331853986,0,0.050761402,0.042175401,1,0.908629,0.793563008,0,0,0,0,0,0,0,0,0,0,0.025380701,0.0099889,0,2328.560059,16890.19922,0.04,Planted-Austrian Pine,forest,9,12.33925212,0.052164847,0.799042579,0.197417379,MH=medium high,1x4,2010,7/15/2010,major
SC1060,182,41.42320659,-81.42543945,no,35,350,2,308.515117,317.786816,43.514862,787.4000244,242.2073112,695.9699707,215.0477293,98.42500305,43.51489112,598.6959839,181.2082225,1064.630005,259.5793399,933.7420044,163.0437934,242.2627235,23674.08674,6.594530106,8.301309586,8.537759781,8.752309799,216.7091845,215.0477293,216.7091845,216.7091845,215.0477293,216.7091845,215.0477293,215.0477293,0,0.086294398,2.201999903,1,0.994924009,0.765815973,1,0.994924009,0.726970017,1,0.994924009,0.765815973,0,0,0.038845699,0,0,0.031076601,0,0,0,0,0,0,0,0,0.0266371,0,0.00507614,0.176470995,0,0,0,0,0,0.031076601,0,0,0,0,0,0.0266371,0,0,0,0,0.00507614,0.203107998,0,0,0,0,0,0,0,0,0,0,0,0,0,682.9790039,24141.69922,0.04,Beech-maple forest,forest,67,27.64275585,0.072246531,0.113555455,0.153962157,MH=medium high,1x4,2010,7/27/2010,major
SC1064,183,41.41400498,-81.42698885,no,40,25,2,134.950937,280.051847,71.003631,492.125,131.0998055,492.125,143.0837663,196.8500061,71.00363125,989.1589966,280.0518468,598.6959839,179.1911172,1774.380005,215.2350289,168.1847327,23905.16641,2.423399925,5.009309769,6.241809845,5.716420174,143.0837663,143.0837663,143.0837663,143.0837663,143.0837663,143.0837663,143.0837663,143.0837663,0,1.01522994,2.129859924,1,0.852792025,0.75582701,1,0.852792025,0.734739006,1,0.852792025,0.749167979,0,0,0.0144284,0,0,0.059933402,0,0,0,0,0,0,0,0.00507614,0.036626,0,0.142131999,0.147614002,0,0,0,0,0,0.059933402,0,0,0,0,0.00507614,0.0344062,0,0,0.00221976,0,0.147208005,0.184239998,0,0,0,0,0,0,0,0,0,0,0,0.00665927,0,5982.740234,27488,0.1,Beech-red oak forest,forest,54,22.70911059,0.314402077,0.161524166,0.173047349,VH=very high,2x5,2010,7/27/2010,major
SC1075,184,41.38273453,-81.48313017,no,5,340,2,100.635013,146.092346,100.635013,354.8760071,112.0013662,139.1940002,16.80646245,492.125,144.8920221,492.125,126.3865851,974.3579712,130.8820975,393.7000122,118.8445931,70.78586094,21378.66162,5.320499897,11.78999996,10.50510025,5.844130039,16.80646245,16.80646245,16.80646245,16.80646245,16.80646245,16.80646245,16.80646245,16.80646245,2.137929916,6.543149948,6.825749874,0.724138021,0.472081006,0.543839991,0.724138021,0.472081006,0.527191997,0.724138021,0.472081006,0.538290977,0,0,0,0.034482799,0.116751,0.107657999,0,0,0,0,0,0.0110988,0,0.137055993,0.107657999,0.241378993,0.263958991,0.203107998,0,0,0,0.034482799,0.116751,0.088790201,0,0,0,0,0.137055993,0.106547996,0,0,0.00110988,0.241378993,0.401015013,0.310766011,0,0,0.018867901,0,0,0,0,0.0101523,0.037735801,0,0,0.00554939,1099.189941,6032.97998,26388.30078,0.03,"""MIXED"" FORESTS",forest,36,16.16930514,0.068890027,0.075457707,0.165265578,MH=medium high,1x3,2010,8/10/2010,major
SC1080,185,41.44181245,-81.41033946,no,9,32,2,2165.547109,221.927578,138.295727,0,14.65850051,98.42500305,6.331731188,492.125,138.2957273,793.5280151,221.9275779,417.5820007,56.99918166,933.7420044,257.6062888,15.6229652,24310.74817,2.200479984,5.99808979,7.983320236,7.583250046,23.51608349,6.331731191,23.51608349,23.51608349,6.331731191,23.51608349,6.331731191,6.331731191,8.206899643,3.157360077,2.38402009,0.586206973,0.649746001,0.56270802,0.482758999,0.522843003,0.490565985,0.482758999,0.522843003,0.497224987,0,0,0.00665927,0,0.055837601,0.170920998,0,0,0,0,0,0,0.172414005,0.060913701,0.062153202,0.241378993,0.233502999,0.158712998,0,0,0,0,0.055837601,0.152052999,0,0,0,0.172414005,0.060913701,0.055493899,0,0,0.00665927,0.413792998,0.29441601,0.220865995,0,0,0.018867901,0,0,0,0,0,0.045504998,0.103448004,0.126903996,0.065482803,1341.73999,6936.609863,31814.69922,0.1,"""MIXED"" FORESTS",forest,43,15.89438828,0.413640362,0.403839921,0.152570039,H=high,2x5,2010,8/9/2010,major
WA1084,198,41.45715181,-81.66367292,yes,5,4,2,225.011539,395.943802,225.011539,311.2470093,73.95220756,5678.879883,1724.371802,6312.259766,1922.027933,530.0349731,151.3322338,311.2470093,61.68087723,492.125,52.98595702,60.97706877,4623.679784,0.826189995,1.562029958,2.085109949,3.608390093,1724.371802,1724.371802,1724.371802,1724.371802,1724.371802,1724.371802,1724.371802,1724.371802,30.68969917,39.5583992,50.28639984,0,0,0,0,0,0,0,0,0,0,0,0,0,0.086294398,0.27414,0,0.0101523,0.037735801,0,0,0,0.689655006,0.700507998,0.533851027,0.310344994,0.203045994,0.154273003,0,0,0,0,0.086294398,0.27414,0,0,0,0.586206973,0.497462004,0.307435989,0.103448004,0.203045994,0.226414993,1,0.903553009,0.688124001,0,0,0,0,0,0,0,0,0,0,0,0,0,0,0,0,Disturbed soil,forest,n/a,n/a,n/a,n/a,n/a,,,2010,8/4/2010,minor
WA3980,199,41.45586655,-81.66042008,no,28,13,2,7.251091,219.593169,7.251091,139.1940002,44.72895235,5709.5,1743.270874,6071.310059,1861.905746,492.125,138.5615878,278.3880005,16.8661478,1260.459961,319.2382334,14.93708841,4892.818722,0.167602003,2.487190008,2.063090086,2.77989006,1743.270874,1743.270874,1743.270874,1743.270874,1743.270874,1743.270874,1743.270874,1743.270874,30.34480095,27.17770004,42.51279831,0,0,0,0,0,0,0,0,0,0,0,0,0,0,0.021087701,0,0,0.039955601,0,0,0,0.482758999,0.578679979,0.753606975,0.517241001,0.421319991,0.185350001,0,0,0,0,0,0.021087701,0,0,0,0.172414005,0.390863001,0.403995991,0.310344994,0.187817007,0.349611998,1,1,0.938956976,0,0,0,0,0,0,0,0,0,0,0,0,0,0,0,0.02,Cottonwood Thickets and Woodland,forest,20,8.292279829,0.001038271,0.494258363,0.084233145,None recorded,1x2,2010,40423,minor
WC1072,201,41.39143025,-81.69102643,no,30,19,2,63.593456,76.41901,63.593456,98.42500305,50.78675079,0,11.86064629,295.2749939,73.32680609,139.1940002,43.08666849,139.1940002,33.55175098,405.8169861,107.4467401,50.55785225,11194.29034,2.502619982,2.827039957,2.996999979,5.353569984,11.86064629,11.86064629,11.86064629,11.86064629,11.86064629,11.86064629,11.86064629,11.86064629,11.79310036,16.97970009,17.13759995,0.103448004,0.309644997,0.378468007,0.103448004,0.309644997,0.369589001,0.103448004,0.309644997,0.369589001,0,0,0,0,0,0,0,0.00507614,0.00443951,0,0,0,0.275862008,0.401015013,0.397336006,0.241378993,0.172589004,0.184239998,0,0,0,0,0,0,0,0,0,0.275862008,0.35532999,0.336293012,0,0.045685299,0.0610433,0.517241001,0.573603988,0.58157599,0,0,0,0.379310012,0.111675002,0.035516098,0,0,0,0,0,0.00887902,1105.030029,3784.73999,15505.90039,0.1,Red maple thickets and woodlands,forest,10,13.59779394,7.96E-05,0.802284395,0.353510187,VH=very high,2x5,2010,6/14/2010,minor
WC1136,202,41.38446105,-81.69260222,no,25,33,2,64.897173,421.113564,64.897173,573.9110107,185.2928634,139.1940002,58.16043679,0,18.80148355,598.6959839,191.04852,492.125,143.6273716,501.8710022,87.00238549,74.88849926,11966.59011,13.35480022,11.34669971,10.59570026,8.627180099,58.16043679,58.16043679,58.16043679,58.16043679,58.16043679,58.16043679,58.16043679,58.16043679,0.620689988,4,5.960040092,0.965516984,0.766497016,0.625971019,0.965516984,0.741117001,0.614871979,0.965516984,0.741117001,0.614871979,0,0,0,0,0,0.017758001,0,0,0,0,0,0,0,0.086294398,0.152052999,0.034482799,0.147208005,0.203107998,0,0,0,0,0,0.017758001,0,0,0,0,0.081218302,0.125415996,0,0.00507614,0.0266371,0.034482799,0.233502999,0.355161011,0,0,0,0,0,0.00110988,0,0,0,0,0.025380701,0.0110988,391.1759949,4064.129883,17467.09961,0.1,Dry-Mesic Oak Forest and Woodland,forest,25,17.29932561,0.376244709,0.439650766,0.183668974,VH=very high,2x5,2010,8/3/2010,minor
WC3484,206,41.39011374,-81.68979831,no,55,39,2,111.105354,133.63008,97.680662,622.4940186,199.9975244,278.3880005,87.65226641,98.42500305,13.48859806,405.8169861,117.9685419,630.2280273,173.1970297,590.5499878,148.2474458,199.6059789,11342.84028,12.26930046,8.877679825,8.121829987,6.512660027,87.65226641,87.65226641,87.65226641,87.65226641,87.65226641,87.65226641,87.65226641,87.65226641,0,2.126899958,12.15649986,1,0.751268983,0.491676003,1,0.751268983,0.482796997,1,0.751268983,0.482796997,0,0,0,0,0,0.0144284,0,0,0.00221976,0,0,0,0,0.050761402,0.286347985,0,0.081218302,0.169810995,0,0,0,0,0,0.0144284,0,0,0,0,0.045685299,0.254162014,0,0.00507614,0.032186501,0,0.131980002,0.456160009,0,0,0,0,0.116751,0.035516098,0,0,0,0,0,0.00887902,93.35690308,4323.089844,18807.5,0.1,"""MIXED"" FORESTS",forest,39,20.29426379,0.314052329,0.585934907,0.132510686,VH=very high,2x5,2010,7/26/2010,minor
WC3732,209,41.38890294,-81.69428548,no,15,67,2,34.344734,101.649927,34.344734,1082.680054,323.9657058,0,21.53029186,220.0850067,75.68623527,295.2749939,88.91863378,354.8760071,93.44545441,492.125,77.97121823,68.8715095,11473.185,3.985189915,9.421620369,8.991049767,7.67896986,21.53029187,21.53029187,21.53029187,21.53029187,21.53029187,21.53029187,21.53029187,21.53029187,0.275862008,6.482230186,7.299670219,0.65517199,0.477156997,0.559378028,0.482758999,0.436547995,0.550499022,0.482758999,0.436547995,0.550499022,0,0,0,0,0,0.00887902,0,0,0.00110988,0,0,0,0,0.203045994,0.179800004,0.310344994,0.269035995,0.215315998,0,0,0,0,0,0.00887902,0,0,0,0,0.157360002,0.154273003,0,0.045685299,0.0255272,0.310344994,0.472081006,0.395117015,0,0,0,0.034482799,0.050761402,0.035516098,0,0,0,0.172414005,0.040609099,0.00887902,1823.550049,7255.120117,19804.09961,0.05,Dry-Mesic Oak Forest and Woodland,forest,44,19.32758535,0.720524757,0.253935675,0.144691555,VH=very high,1x5,2010,7/26/2010,minor
