"Station","time.code","Deer.det","Coyote.det","start.date","end.date","days.available","days.inactive","days.active","Reservation","X","season","phase"
"BC1024","T1",12,0,2017-01-01,2017-01-16,16,0,16,"Big_Creek",NA,"winter","winter.forage"
"BC1024","T10",18,0,2017-05-25,2017-06-09,16,0,16,"Big_Creek",NA,"spring","fawning"
"BC1024","T11",13,1,2017-06-10,2017-06-25,16,0,16,"Big_Creek",NA,"spring","fawning"
"BC1024","T12",0,0,2017-06-26,2017-06-30,5,0,5,"Big_Creek",NA,"summer","fawning"
"BC1024","T13",6,0,2016-07-01,2016-07-10,10,0,10,"Big_Creek",NA,"summer","summer.forage"
"BC1024","T14",11,0,2016-07-11,2016-07-26,16,0,16,"Big_Creek",NA,"summer","summer.forage"
"BC1024","T15",14,0,2016-07-27,2016-08-11,16,0,16,"Big_Creek",NA,"summer","summer.forage"
"BC1024","T16",17,0,2016-08-12,2016-08-27,16,0,16,"Big_Creek",NA,"summer","summer.forage"
"BC1024","T17",21,0,2016-08-28,2016-09-12,16,0,16,"Big_Creek",NA,"summer","summer.forage"
"BC1024","T18",20,0,2016-09-13,2016-09-28,16,0,16,"Big_Creek",NA,"autumn","summer.forage"
"BC1024","T19",37,0,2016-09-29,2016-10-14,16,0,16,"Big_Creek",NA,"autumn","rut"
"BC1024","T2",10,0,2017-01-17,2017-02-01,16,0,16,"Big_Creek",NA,"winter","winter.forage"
"BC1024","T20",39,0,2016-10-15,2016-10-30,16,0,16,"Big_Creek",NA,"autumn","rut"
"BC1024","T21",84,0,2016-10-31,2016-11-15,16,0,16,"Big_Creek",NA,"autumn","rut"
"BC1024","T22",57,1,2016-11-16,2016-12-01,16,0,16,"Big_Creek",NA,"autumn","rut"
"BC1024","T23",27,0,2016-12-02,2016-12-17,16,0,16,"Big_Creek",NA,"autumn","rut"
"BC1024","T24",19,0,2016-12-18,2016-12-31,14,0,14,"Big_Creek",NA,"winter","rut"
"BC1024","T3",2,0,2017-02-02,2017-02-17,16,0,16,"Big_Creek",NA,"winter","winter.forage"
"BC1024","T4",6,0,2017-02-18,2017-03-05,16,0,16,"Big_Creek",NA,"winter","winter.forage"
"BC1024","T5",10,1,2017-03-06,2017-03-21,16,0,16,"Big_Creek",NA,"winter","winter.forage"
"BC1024","T6",4,0,2017-03-22,2017-04-06,16,0,16,"Big_Creek",NA,"spring","winter.forage"
"BC1024","T7",2,0,2017-04-07,2017-04-22,16,0,16,"Big_Creek",NA,"spring","fawning"
"BC1024","T8",15,0,2017-04-23,2017-05-08,16,0,16,"Big_Creek",NA,"spring","fawning"
"BC1024","T9",30,2,2017-05-09,2017-05-24,16,0,16,"Big_Creek",NA,"spring","fawning"
"BC1046","T1",22,21,2017-01-01,2017-01-16,16,0,16,"Big_Creek",NA,"winter","winter.forage"
"BC1046","T10",35,1,2017-05-25,2017-06-09,16,0,16,"Big_Creek",NA,"spring","fawning"
"BC1046","T11",37,1,2017-06-10,2017-06-25,16,0,16,"Big_Creek",NA,"spring","fawning"
"BC1046","T12",3,0,2017-06-26,2017-06-30,5,0,5,"Big_Creek",NA,"summer","fawning"
"BC1046","T13",36,1,2016-07-01,2016-07-10,10,0,10,"Big_Creek",NA,"summer","summer.forage"
"BC1046","T14",52,4,2016-07-11,2016-07-26,16,0,16,"Big_Creek",NA,"summer","summer.forage"
"BC1046","T15",39,0,2016-07-27,2016-08-11,16,0,16,"Big_Creek",NA,"summer","summer.forage"
"BC1046","T16",42,0,2016-08-12,2016-08-27,16,0,16,"Big_Creek",NA,"summer","summer.forage"
"BC1046","T17",16,0,2016-08-28,2016-09-12,16,0,16,"Big_Creek",NA,"summer","summer.forage"
"BC1046","T18",19,3,2016-09-13,2016-09-28,16,0,16,"Big_Creek",NA,"autumn","summer.forage"
"BC1046","T19",32,0,2016-09-29,2016-10-14,16,0,16,"Big_Creek",NA,"autumn","rut"
"BC1046","T2",60,17,2017-01-17,2017-02-01,16,0,16,"Big_Creek",NA,"winter","winter.forage"
"BC1046","T20",27,0,2016-10-15,2016-10-30,16,0,16,"Big_Creek",NA,"autumn","rut"
"BC1046","T21",62,4,2016-10-31,2016-11-15,16,0,16,"Big_Creek",NA,"autumn","rut"
"BC1046","T22",58,0,2016-11-16,2016-12-01,16,0,16,"Big_Creek",NA,"autumn","rut"
"BC1046","T23",46,12,2016-12-02,2016-12-17,16,0,16,"Big_Creek",NA,"autumn","rut"
"BC1046","T24",27,12,2016-12-18,2016-12-31,14,0,14,"Big_Creek",NA,"winter","rut"
"BC1046","T3",32,12,2017-02-02,2017-02-17,16,0,16,"Big_Creek",NA,"winter","winter.forage"
"BC1046","T4",36,13,2017-02-18,2017-03-05,16,0,16,"Big_Creek",NA,"winter","winter.forage"
"BC1046","T5",50,3,2017-03-06,2017-03-21,16,0,16,"Big_Creek",NA,"winter","winter.forage"
"BC1046","T6",31,1,2017-03-22,2017-04-06,16,0,16,"Big_Creek",NA,"spring","winter.forage"
"BC1046","T7",12,1,2017-04-07,2017-04-22,16,0,16,"Big_Creek",NA,"spring","fawning"
"BC1046","T8",32,3,2017-04-23,2017-05-08,16,0,16,"Big_Creek",NA,"spring","fawning"
"BC1046","T9",19,1,2017-05-09,2017-05-24,16,0,16,"Big_Creek",NA,"spring","fawning"
"BC1078","T1",16,4,2017-01-01,2017-01-16,16,0,16,"Big_Creek",NA,"winter","winter.forage"
"BC1078","T10",21,20,2017-05-25,2017-06-09,16,0,16,"Big_Creek",NA,"spring","fawning"
"BC1078","T11",12,2,2017-06-10,2017-06-25,16,0,16,"Big_Creek",NA,"spring","fawning"
"BC1078","T12",1,0,2017-06-26,2017-06-30,5,0,5,"Big_Creek",NA,"summer","fawning"
"BC1078","T13",24,2,2016-07-01,2016-07-10,10,0,10,"Big_Creek",NA,"summer","summer.forage"
"BC1078","T14",40,2,2016-07-11,2016-07-26,16,0,16,"Big_Creek",NA,"summer","summer.forage"
"BC1078","T15",33,2,2016-07-27,2016-08-11,16,0,16,"Big_Creek",NA,"summer","summer.forage"
"BC1078","T16",25,0,2016-08-12,2016-08-27,16,0,16,"Big_Creek",NA,"summer","summer.forage"
"BC1078","T17",33,2,2016-08-28,2016-09-12,16,0,16,"Big_Creek",NA,"summer","summer.forage"
"BC1078","T18",34,1,2016-09-13,2016-09-28,16,0,16,"Big_Creek",NA,"autumn","summer.forage"
"BC1078","T19",48,0,2016-09-29,2016-10-14,16,0,16,"Big_Creek",NA,"autumn","rut"
"BC1078","T2",30,1,2017-01-17,2017-02-01,16,0,16,"Big_Creek",NA,"winter","winter.forage"
"BC1078","T20",35,3,2016-10-15,2016-10-30,16,0,16,"Big_Creek",NA,"autumn","rut"
"BC1078","T21",62,0,2016-10-31,2016-11-15,16,0,16,"Big_Creek",NA,"autumn","rut"
"BC1078","T22",33,0,2016-11-16,2016-12-01,16,0,16,"Big_Creek",NA,"autumn","rut"
"BC1078","T23",29,1,2016-12-02,2016-12-17,16,0,16,"Big_Creek",NA,"autumn","rut"
"BC1078","T24",18,2,2016-12-18,2016-12-31,14,0,14,"Big_Creek",NA,"winter","rut"
"BC1078","T3",10,1,2017-02-02,2017-02-17,16,0,16,"Big_Creek",NA,"winter","winter.forage"
"BC1078","T4",17,0,2017-02-18,2017-03-05,16,0,16,"Big_Creek",NA,"winter","winter.forage"
"BC1078","T5",1,1,2017-03-06,2017-03-21,16,10,6,"Big_Creek",NA,"winter","winter.forage"
"BC1078","T6",24,2,2017-03-22,2017-04-06,16,1,15,"Big_Creek",NA,"spring","winter.forage"
"BC1078","T7",39,1,2017-04-07,2017-04-22,16,0,16,"Big_Creek",NA,"spring","fawning"
"BC1078","T8",44,6,2017-04-23,2017-05-08,16,0,16,"Big_Creek",NA,"spring","fawning"
"BC1078","T9",53,8,2017-05-09,2017-05-24,16,0,16,"Big_Creek",NA,"spring","fawning"
"BC1122","T1",9,1,2017-01-01,2017-01-16,16,0,16,"Big_Creek",NA,"winter","winter.forage"
"BC1122","T10",99,0,2017-05-25,2017-06-09,16,0,16,"Big_Creek",NA,"spring","fawning"
"BC1122","T11",47,0,2017-06-10,2017-06-25,16,0,16,"Big_Creek",NA,"spring","fawning"
"BC1122","T12",6,1,2017-06-26,2017-06-30,5,0,5,"Big_Creek",NA,"summer","fawning"
"BC1122","T13",27,2,2016-07-01,2016-07-10,10,0,10,"Big_Creek",NA,"summer","summer.forage"
"BC1122","T14",41,1,2016-07-11,2016-07-26,16,0,16,"Big_Creek",NA,"summer","summer.forage"
"BC1122","T15",53,0,2016-07-27,2016-08-11,16,0,16,"Big_Creek",NA,"summer","summer.forage"
"BC1122","T16",92,0,2016-08-12,2016-08-27,16,0,16,"Big_Creek",NA,"summer","summer.forage"
"BC1122","T17",49,0,2016-08-28,2016-09-12,16,0,16,"Big_Creek",NA,"summer","summer.forage"
"BC1122","T18",55,3,2016-09-13,2016-09-28,16,0,16,"Big_Creek",NA,"autumn","summer.forage"
"BC1122","T19",44,1,2016-09-29,2016-10-14,16,0,16,"Big_Creek",NA,"autumn","rut"
"BC1122","T2",12,0,2017-01-17,2017-02-01,16,0,16,"Big_Creek",NA,"winter","winter.forage"
"BC1122","T20",33,1,2016-10-15,2016-10-30,16,0,16,"Big_Creek",NA,"autumn","rut"
"BC1122","T21",25,1,2016-10-31,2016-11-15,16,0,16,"Big_Creek",NA,"autumn","rut"
"BC1122","T22",14,1,2016-11-16,2016-12-01,16,0,16,"Big_Creek",NA,"autumn","rut"
"BC1122","T23",17,2,2016-12-02,2016-12-17,16,0,16,"Big_Creek",NA,"autumn","rut"
"BC1122","T24",9,1,2016-12-18,2016-12-31,14,0,14,"Big_Creek",NA,"winter","rut"
"BC1122","T3",10,1,2017-02-02,2017-02-17,16,0,16,"Big_Creek",NA,"winter","winter.forage"
"BC1122","T4",14,0,2017-02-18,2017-03-05,16,0,16,"Big_Creek",NA,"winter","winter.forage"
"BC1122","T5",26,0,2017-03-06,2017-03-21,16,0,16,"Big_Creek",NA,"winter","winter.forage"
"BC1122","T6",22,2,2017-03-22,2017-04-06,16,0,16,"Big_Creek",NA,"spring","winter.forage"
"BC1122","T7",11,1,2017-04-07,2017-04-22,16,0,16,"Big_Creek",NA,"spring","fawning"
"BC1122","T8",16,0,2017-04-23,2017-05-08,16,0,16,"Big_Creek",NA,"spring","fawning"
"BC1122","T9",45,0,2017-05-09,2017-05-24,16,0,16,"Big_Creek",NA,"spring","fawning"
"BC1142","T1",30,0,2017-01-01,2017-01-16,16,0,16,"Big_Creek",NA,"winter","winter.forage"
"BC1142","T10",25,0,2017-05-25,2017-06-09,16,0,16,"Big_Creek",NA,"spring","fawning"
"BC1142","T11",21,0,2017-06-10,2017-06-25,16,0,16,"Big_Creek",NA,"spring","fawning"
"BC1142","T12",0,0,2017-06-26,2017-06-30,5,0,5,"Big_Creek",NA,"summer","fawning"
"BC1142","T13",14,0,2016-07-01,2016-07-10,10,0,10,"Big_Creek",NA,"summer","summer.forage"
"BC1142","T14",30,1,2016-07-11,2016-07-26,16,0,16,"Big_Creek",NA,"summer","summer.forage"
"BC1142","T15",22,0,2016-07-27,2016-08-11,16,0,16,"Big_Creek",NA,"summer","summer.forage"
"BC1142","T16",27,0,2016-08-12,2016-08-27,16,0,16,"Big_Creek",NA,"summer","summer.forage"
"BC1142","T17",18,0,2016-08-28,2016-09-12,16,0,16,"Big_Creek",NA,"summer","summer.forage"
"BC1142","T18",12,2,2016-09-13,2016-09-28,16,0,16,"Big_Creek",NA,"autumn","summer.forage"
"BC1142","T19",27,0,2016-09-29,2016-10-14,16,0,16,"Big_Creek",NA,"autumn","rut"
"BC1142","T2",33,0,2017-01-17,2017-02-01,16,0,16,"Big_Creek",NA,"winter","winter.forage"
"BC1142","T20",40,0,2016-10-15,2016-10-30,16,0,16,"Big_Creek",NA,"autumn","rut"
"BC1142","T21",59,1,2016-10-31,2016-11-15,16,0,16,"Big_Creek",NA,"autumn","rut"
"BC1142","T22",59,0,2016-11-16,2016-12-01,16,0,16,"Big_Creek",NA,"autumn","rut"
"BC1142","T23",44,0,2016-12-02,2016-12-17,16,0,16,"Big_Creek",NA,"autumn","rut"
"BC1142","T24",46,0,2016-12-18,2016-12-31,14,0,14,"Big_Creek",NA,"winter","rut"
"BC1142","T3",30,0,2017-02-02,2017-02-17,16,0,16,"Big_Creek",NA,"winter","winter.forage"
"BC1142","T4",29,0,2017-02-18,2017-03-05,16,0,16,"Big_Creek",NA,"winter","winter.forage"
"BC1142","T5",29,0,2017-03-06,2017-03-21,16,0,16,"Big_Creek",NA,"winter","winter.forage"
"BC1142","T6",25,0,2017-03-22,2017-04-06,16,0,16,"Big_Creek",NA,"spring","winter.forage"
"BC1142","T7",28,0,2017-04-07,2017-04-22,16,0,16,"Big_Creek",NA,"spring","fawning"
"BC1142","T8",26,0,2017-04-23,2017-05-08,16,0,16,"Big_Creek",NA,"spring","fawning"
"BC1142","T9",21,0,2017-05-09,2017-05-24,16,0,16,"Big_Creek",NA,"spring","fawning"
"BC1186","T1",18,0,2017-01-01,2017-01-16,16,0,16,"Big_Creek",NA,"winter","winter.forage"
"BC1186","T10",32,1,2017-05-25,2017-06-09,16,0,16,"Big_Creek",NA,"spring","fawning"
"BC1186","T11",26,0,2017-06-10,2017-06-25,16,0,16,"Big_Creek",NA,"spring","fawning"
"BC1186","T12",7,0,2017-06-26,2017-06-30,5,0,5,"Big_Creek",NA,"summer","fawning"
"BC1186","T13",20,0,2016-07-01,2016-07-10,10,0,10,"Big_Creek",NA,"summer","summer.forage"
"BC1186","T14",25,1,2016-07-11,2016-07-26,16,0,16,"Big_Creek",NA,"summer","summer.forage"
"BC1186","T15",17,0,2016-07-27,2016-08-11,16,0,16,"Big_Creek",NA,"summer","summer.forage"
"BC1186","T16",20,0,2016-08-12,2016-08-27,16,0,16,"Big_Creek",NA,"summer","summer.forage"
"BC1186","T17",24,0,2016-08-28,2016-09-12,16,0,16,"Big_Creek",NA,"summer","summer.forage"
"BC1186","T18",44,0,2016-09-13,2016-09-28,16,0,16,"Big_Creek",NA,"autumn","summer.forage"
"BC1186","T19",22,1,2016-09-29,2016-10-14,16,0,16,"Big_Creek",NA,"autumn","rut"
"BC1186","T2",28,0,2017-01-17,2017-02-01,16,0,16,"Big_Creek",NA,"winter","winter.forage"
"BC1186","T20",27,1,2016-10-15,2016-10-30,16,0,16,"Big_Creek",NA,"autumn","rut"
"BC1186","T21",38,3,2016-10-31,2016-11-15,16,0,16,"Big_Creek",NA,"autumn","rut"
"BC1186","T22",28,3,2016-11-16,2016-12-01,16,0,16,"Big_Creek",NA,"autumn","rut"
"BC1186","T23",15,2,2016-12-02,2016-12-17,16,0,16,"Big_Creek",NA,"autumn","rut"
"BC1186","T24",38,1,2016-12-18,2016-12-31,14,0,14,"Big_Creek",NA,"winter","rut"
"BC1186","T3",23,1,2017-02-02,2017-02-17,16,0,16,"Big_Creek",NA,"winter","winter.forage"
"BC1186","T4",23,0,2017-02-18,2017-03-05,16,0,16,"Big_Creek",NA,"winter","winter.forage"
"BC1186","T5",22,0,2017-03-06,2017-03-21,16,0,16,"Big_Creek",NA,"winter","winter.forage"
"BC1186","T6",21,0,2017-03-22,2017-04-06,16,0,16,"Big_Creek",NA,"spring","winter.forage"
"BC1186","T7",23,1,2017-04-07,2017-04-22,16,0,16,"Big_Creek",NA,"spring","fawning"
"BC1186","T8",32,0,2017-04-23,2017-05-08,16,0,16,"Big_Creek",NA,"spring","fawning"
"BC1186","T9",31,1,2017-05-09,2017-05-24,16,0,16,"Big_Creek",NA,"spring","fawning"
"BE1004","T1",0,1,2017-01-01,2017-01-16,16,0,16,"Bedford",NA,"winter","winter.forage"
"BE1004","T10",9,0,2017-05-25,2017-06-09,16,0,16,"Bedford",NA,"spring","fawning"
"BE1004","T11",0,0,2017-06-10,2017-06-25,16,0,16,"Bedford",NA,"spring","fawning"
"BE1004","T12",0,0,2017-06-26,2017-06-30,5,0,5,"Bedford",NA,"summer","fawning"
"BE1004","T13",4,1,2016-07-01,2016-07-10,10,0,10,"Bedford",NA,"summer","summer.forage"
"BE1004","T14",8,2,2016-07-11,2016-07-26,16,0,16,"Bedford",NA,"summer","summer.forage"
"BE1004","T15",4,1,2016-07-27,2016-08-11,16,0,16,"Bedford",NA,"summer","summer.forage"
"BE1004","T16",2,1,2016-08-12,2016-08-27,16,0,16,"Bedford",NA,"summer","summer.forage"
"BE1004","T17",4,2,2016-08-28,2016-09-12,16,0,16,"Bedford",NA,"summer","summer.forage"
"BE1004","T18",1,0,2016-09-13,2016-09-28,16,0,16,"Bedford",NA,"autumn","summer.forage"
"BE1004","T19",0,1,2016-09-29,2016-10-14,16,0,16,"Bedford",NA,"autumn","rut"
"BE1004","T2",5,0,2017-01-17,2017-02-01,16,0,16,"Bedford",NA,"winter","winter.forage"
"BE1004","T20",3,0,2016-10-15,2016-10-30,16,0,16,"Bedford",NA,"autumn","rut"
"BE1004","T21",5,1,2016-10-31,2016-11-15,16,0,16,"Bedford",NA,"autumn","rut"
"BE1004","T22",1,0,2016-11-16,2016-12-01,16,0,16,"Bedford",NA,"autumn","rut"
"BE1004","T23",0,2,2016-12-02,2016-12-17,16,0,16,"Bedford",NA,"autumn","rut"
"BE1004","T24",0,0,2016-12-18,2016-12-31,14,0,14,"Bedford",NA,"winter","rut"
"BE1004","T3",5,0,2017-02-02,2017-02-17,16,0,16,"Bedford",NA,"winter","winter.forage"
"BE1004","T4",1,1,2017-02-18,2017-03-05,16,0,16,"Bedford",NA,"winter","winter.forage"
"BE1004","T5",1,2,2017-03-06,2017-03-21,16,0,16,"Bedford",NA,"winter","winter.forage"
"BE1004","T6",0,0,2017-03-22,2017-04-06,16,0,16,"Bedford",NA,"spring","winter.forage"
"BE1004","T7",3,1,2017-04-07,2017-04-22,16,0,16,"Bedford",NA,"spring","fawning"
"BE1004","T8",4,0,2017-04-23,2017-05-08,16,0,16,"Bedford",NA,"spring","fawning"
"BE1004","T9",1,0,2017-05-09,2017-05-24,16,0,16,"Bedford",NA,"spring","fawning"
"BE1011","T1",19,1,2017-01-01,2017-01-16,16,0,16,"Bedford",NA,"winter","winter.forage"
"BE1011","T10",0,0,2017-05-25,2017-06-09,16,0,16,"Bedford",NA,"spring","fawning"
"BE1011","T11",0,0,2017-06-10,2017-06-25,16,0,16,"Bedford",NA,"spring","fawning"
"BE1011","T12",0,0,2017-06-26,2017-06-30,5,0,5,"Bedford",NA,"summer","fawning"
"BE1011","T13",8,2,2016-07-01,2016-07-10,10,0,10,"Bedford",NA,"summer","summer.forage"
"BE1011","T14",4,2,2016-07-11,2016-07-26,16,0,16,"Bedford",NA,"summer","summer.forage"
"BE1011","T15",3,3,2016-07-27,2016-08-11,16,0,16,"Bedford",NA,"summer","summer.forage"
"BE1011","T16",1,1,2016-08-12,2016-08-27,16,0,16,"Bedford",NA,"summer","summer.forage"
"BE1011","T17",17,2,2016-08-28,2016-09-12,16,0,16,"Bedford",NA,"summer","summer.forage"
"BE1011","T18",4,2,2016-09-13,2016-09-28,16,0,16,"Bedford",NA,"autumn","summer.forage"
"BE1011","T19",7,3,2016-09-29,2016-10-14,16,0,16,"Bedford",NA,"autumn","rut"
"BE1011","T2",8,1,2017-01-17,2017-02-01,16,0,16,"Bedford",NA,"winter","winter.forage"
"BE1011","T20",11,3,2016-10-15,2016-10-30,16,0,16,"Bedford",NA,"autumn","rut"
"BE1011","T21",19,11,2016-10-31,2016-11-15,16,0,16,"Bedford",NA,"autumn","rut"
"BE1011","T22",5,13,2016-11-16,2016-12-01,16,0,16,"Bedford",NA,"autumn","rut"
"BE1011","T23",18,6,2016-12-02,2016-12-17,16,0,16,"Bedford",NA,"autumn","rut"
"BE1011","T24",5,1,2016-12-18,2016-12-31,14,0,14,"Bedford",NA,"winter","rut"
"BE1011","T3",5,3,2017-02-02,2017-02-17,16,0,16,"Bedford",NA,"winter","winter.forage"
"BE1011","T4",20,3,2017-02-18,2017-03-05,16,0,16,"Bedford",NA,"winter","winter.forage"
"BE1011","T5",8,0,2017-03-06,2017-03-21,16,0,16,"Bedford",NA,"winter","winter.forage"
"BE1011","T6",0,0,2017-03-22,2017-04-06,16,16,0,"Bedford",NA,"spring","winter.forage"
"BE1011","T7",0,0,2017-04-07,2017-04-22,16,15,1,"Bedford",NA,"spring","fawning"
"BE1011","T8",1,0,2017-04-23,2017-05-08,16,0,16,"Bedford",NA,"spring","fawning"
"BE1011","T9",2,0,2017-05-09,2017-05-24,16,0,16,"Bedford",NA,"spring","fawning"
"BE1015","T1",2,0,2017-01-01,2017-01-16,16,0,16,"Bedford",NA,"winter","winter.forage"
"BE1015","T10",7,1,2017-05-25,2017-06-09,16,0,16,"Bedford",NA,"spring","fawning"
"BE1015","T11",2,0,2017-06-10,2017-06-25,16,0,16,"Bedford",NA,"spring","fawning"
"BE1015","T12",0,0,2017-06-26,2017-06-30,5,0,5,"Bedford",NA,"summer","fawning"
"BE1015","T13",6,2,2016-07-01,2016-07-10,10,0,10,"Bedford",NA,"summer","summer.forage"
"BE1015","T14",6,0,2016-07-11,2016-07-26,16,0,16,"Bedford",NA,"summer","summer.forage"
"BE1015","T15",7,1,2016-07-27,2016-08-11,16,0,16,"Bedford",NA,"summer","summer.forage"
"BE1015","T16",15,0,2016-08-12,2016-08-27,16,0,16,"Bedford",NA,"summer","summer.forage"
"BE1015","T17",11,0,2016-08-28,2016-09-12,16,0,16,"Bedford",NA,"summer","summer.forage"
"BE1015","T18",2,3,2016-09-13,2016-09-28,16,0,16,"Bedford",NA,"autumn","summer.forage"
"BE1015","T19",1,0,2016-09-29,2016-10-14,16,0,16,"Bedford",NA,"autumn","rut"
"BE1015","T2",4,1,2017-01-17,2017-02-01,16,0,16,"Bedford",NA,"winter","winter.forage"
"BE1015","T20",4,0,2016-10-15,2016-10-30,16,0,16,"Bedford",NA,"autumn","rut"
"BE1015","T21",3,0,2016-10-31,2016-11-15,16,0,16,"Bedford",NA,"autumn","rut"
"BE1015","T22",1,3,2016-11-16,2016-12-01,16,0,16,"Bedford",NA,"autumn","rut"
"BE1015","T23",1,4,2016-12-02,2016-12-17,16,0,16,"Bedford",NA,"autumn","rut"
"BE1015","T24",0,0,2016-12-18,2016-12-31,14,0,14,"Bedford",NA,"winter","rut"
"BE1015","T3",0,0,2017-02-02,2017-02-17,16,0,16,"Bedford",NA,"winter","winter.forage"
"BE1015","T4",1,5,2017-02-18,2017-03-05,16,0,16,"Bedford",NA,"winter","winter.forage"
"BE1015","T5",0,2,2017-03-06,2017-03-21,16,0,16,"Bedford",NA,"winter","winter.forage"
"BE1015","T6",1,1,2017-03-22,2017-04-06,16,0,16,"Bedford",NA,"spring","winter.forage"
"BE1015","T7",1,1,2017-04-07,2017-04-22,16,0,16,"Bedford",NA,"spring","fawning"
"BE1015","T8",2,1,2017-04-23,2017-05-08,16,0,16,"Bedford",NA,"spring","fawning"
"BE1015","T9",4,0,2017-05-09,2017-05-24,16,0,16,"Bedford",NA,"spring","fawning"
"BE1020","T1",1,4,2017-01-01,2017-01-16,16,0,16,"Bedford",NA,"winter","winter.forage"
"BE1020","T10",6,2,2017-05-25,2017-06-09,16,0,16,"Bedford",NA,"spring","fawning"
"BE1020","T11",1,0,2017-06-10,2017-06-25,16,0,16,"Bedford",NA,"spring","fawning"
"BE1020","T12",0,0,2017-06-26,2017-06-30,5,0,5,"Bedford",NA,"summer","fawning"
"BE1020","T13",4,1,2016-07-01,2016-07-10,10,0,10,"Bedford",NA,"summer","summer.forage"
"BE1020","T14",13,3,2016-07-11,2016-07-26,16,0,16,"Bedford",NA,"summer","summer.forage"
"BE1020","T15",11,0,2016-07-27,2016-08-11,16,0,16,"Bedford",NA,"summer","summer.forage"
"BE1020","T16",5,1,2016-08-12,2016-08-27,16,0,16,"Bedford",NA,"summer","summer.forage"
"BE1020","T17",15,3,2016-08-28,2016-09-12,16,0,16,"Bedford",NA,"summer","summer.forage"
"BE1020","T18",32,3,2016-09-13,2016-09-28,16,0,16,"Bedford",NA,"autumn","summer.forage"
"BE1020","T19",58,2,2016-09-29,2016-10-14,16,0,16,"Bedford",NA,"autumn","rut"
"BE1020","T2",1,4,2017-01-17,2017-02-01,16,0,16,"Bedford",NA,"winter","winter.forage"
"BE1020","T20",13,1,2016-10-15,2016-10-30,16,0,16,"Bedford",NA,"autumn","rut"
"BE1020","T21",8,1,2016-10-31,2016-11-15,16,0,16,"Bedford",NA,"autumn","rut"
"BE1020","T22",10,2,2016-11-16,2016-12-01,16,0,16,"Bedford",NA,"autumn","rut"
"BE1020","T23",1,12,2016-12-02,2016-12-17,16,0,16,"Bedford",NA,"autumn","rut"
"BE1020","T24",1,5,2016-12-18,2016-12-31,14,0,14,"Bedford",NA,"winter","rut"
"BE1020","T3",1,8,2017-02-02,2017-02-17,16,0,16,"Bedford",NA,"winter","winter.forage"
"BE1020","T4",1,1,2017-02-18,2017-03-05,16,0,16,"Bedford",NA,"winter","winter.forage"
"BE1020","T5",1,4,2017-03-06,2017-03-21,16,0,16,"Bedford",NA,"winter","winter.forage"
"BE1020","T6",3,3,2017-03-22,2017-04-06,16,0,16,"Bedford",NA,"spring","winter.forage"
"BE1020","T7",2,0,2017-04-07,2017-04-22,16,0,16,"Bedford",NA,"spring","fawning"
"BE1020","T8",4,0,2017-04-23,2017-05-08,16,0,16,"Bedford",NA,"spring","fawning"
"BE1020","T9",4,3,2017-05-09,2017-05-24,16,0,16,"Bedford",NA,"spring","fawning"
"BE1031","T1",0,0,2017-01-01,2017-01-16,16,0,16,"Bedford",NA,"winter","winter.forage"
"BE1031","T10",0,0,2017-05-25,2017-06-09,16,0,16,"Bedford",NA,"spring","fawning"
"BE1031","T11",0,0,2017-06-10,2017-06-25,16,0,16,"Bedford",NA,"spring","fawning"
"BE1031","T12",0,0,2017-06-26,2017-06-30,5,0,5,"Bedford",NA,"summer","fawning"
"BE1031","T13",0,0,2016-07-01,2016-07-10,10,0,10,"Bedford",NA,"summer","summer.forage"
"BE1031","T14",0,0,2016-07-11,2016-07-26,16,0,16,"Bedford",NA,"summer","summer.forage"
"BE1031","T15",0,0,2016-07-27,2016-08-11,16,0,16,"Bedford",NA,"summer","summer.forage"
"BE1031","T16",0,0,2016-08-12,2016-08-27,16,0,16,"Bedford",NA,"summer","summer.forage"
"BE1031","T17",3,0,2016-08-28,2016-09-12,16,0,16,"Bedford",NA,"summer","summer.forage"
"BE1031","T18",0,0,2016-09-13,2016-09-28,16,0,16,"Bedford",NA,"autumn","summer.forage"
"BE1031","T19",0,0,2016-09-29,2016-10-14,16,0,16,"Bedford",NA,"autumn","rut"
"BE1031","T2",3,1,2017-01-17,2017-02-01,16,0,16,"Bedford",NA,"winter","winter.forage"
"BE1031","T20",0,0,2016-10-15,2016-10-30,16,0,16,"Bedford",NA,"autumn","rut"
"BE1031","T21",0,0,2016-10-31,2016-11-15,16,0,16,"Bedford",NA,"autumn","rut"
"BE1031","T22",2,0,2016-11-16,2016-12-01,16,0,16,"Bedford",NA,"autumn","rut"
"BE1031","T23",1,0,2016-12-02,2016-12-17,16,0,16,"Bedford",NA,"autumn","rut"
"BE1031","T24",0,0,2016-12-18,2016-12-31,14,0,14,"Bedford",NA,"winter","rut"
"BE1031","T3",1,0,2017-02-02,2017-02-17,16,0,16,"Bedford",NA,"winter","winter.forage"
"BE1031","T4",0,0,2017-02-18,2017-03-05,16,0,16,"Bedford",NA,"winter","winter.forage"
"BE1031","T5",0,0,2017-03-06,2017-03-21,16,0,16,"Bedford",NA,"winter","winter.forage"
"BE1031","T6",0,0,2017-03-22,2017-04-06,16,0,16,"Bedford",NA,"spring","winter.forage"
"BE1031","T7",0,0,2017-04-07,2017-04-22,16,0,16,"Bedford",NA,"spring","fawning"
"BE1031","T8",2,1,2017-04-23,2017-05-08,16,0,16,"Bedford",NA,"spring","fawning"
"BE1031","T9",2,0,2017-05-09,2017-05-24,16,0,16,"Bedford",NA,"spring","fawning"
"BE1047","T1",3,2,2017-01-01,2017-01-16,16,0,16,"Bedford",NA,"winter","winter.forage"
"BE1047","T10",3,0,2017-05-25,2017-06-09,16,0,16,"Bedford",NA,"spring","fawning"
"BE1047","T11",0,0,2017-06-10,2017-06-25,16,0,16,"Bedford",NA,"spring","fawning"
"BE1047","T12",0,0,2017-06-26,2017-06-30,5,0,5,"Bedford",NA,"summer","fawning"
"BE1047","T13",2,0,2016-07-01,2016-07-10,10,0,10,"Bedford",NA,"summer","summer.forage"
"BE1047","T14",0,0,2016-07-11,2016-07-26,16,0,16,"Bedford",NA,"summer","summer.forage"
"BE1047","T15",3,0,2016-07-27,2016-08-11,16,0,16,"Bedford",NA,"summer","summer.forage"
"BE1047","T16",3,0,2016-08-12,2016-08-27,16,0,16,"Bedford",NA,"summer","summer.forage"
"BE1047","T17",9,0,2016-08-28,2016-09-12,16,0,16,"Bedford",NA,"summer","summer.forage"
"BE1047","T18",21,0,2016-09-13,2016-09-28,16,0,16,"Bedford",NA,"autumn","summer.forage"
"BE1047","T19",5,0,2016-09-29,2016-10-14,16,0,16,"Bedford",NA,"autumn","rut"
"BE1047","T2",4,2,2017-01-17,2017-02-01,16,0,16,"Bedford",NA,"winter","winter.forage"
"BE1047","T20",3,0,2016-10-15,2016-10-30,16,0,16,"Bedford",NA,"autumn","rut"
"BE1047","T21",9,4,2016-10-31,2016-11-15,16,0,16,"Bedford",NA,"autumn","rut"
"BE1047","T22",1,0,2016-11-16,2016-12-01,16,0,16,"Bedford",NA,"autumn","rut"
"BE1047","T23",1,2,2016-12-02,2016-12-17,16,0,16,"Bedford",NA,"autumn","rut"
"BE1047","T24",0,2,2016-12-18,2016-12-31,14,0,14,"Bedford",NA,"winter","rut"
"BE1047","T3",0,1,2017-02-02,2017-02-17,16,0,16,"Bedford",NA,"winter","winter.forage"
"BE1047","T4",0,1,2017-02-18,2017-03-05,16,0,16,"Bedford",NA,"winter","winter.forage"
"BE1047","T5",0,1,2017-03-06,2017-03-21,16,0,16,"Bedford",NA,"winter","winter.forage"
"BE1047","T6",1,1,2017-03-22,2017-04-06,16,0,16,"Bedford",NA,"spring","winter.forage"
"BE1047","T7",2,1,2017-04-07,2017-04-22,16,0,16,"Bedford",NA,"spring","fawning"
"BE1047","T8",0,2,2017-04-23,2017-05-08,16,0,16,"Bedford",NA,"spring","fawning"
"BE1047","T9",6,0,2017-05-09,2017-05-24,16,0,16,"Bedford",NA,"spring","fawning"
"BE1059","T1",12,0,2017-01-01,2017-01-16,16,3,13,"Bedford",NA,"winter","winter.forage"
"BE1059","T10",0,0,2017-05-25,2017-06-09,16,0,16,"Bedford",NA,"spring","fawning"
"BE1059","T11",0,0,2017-06-10,2017-06-25,16,0,16,"Bedford",NA,"spring","fawning"
"BE1059","T12",0,0,2017-06-26,2017-06-30,5,0,5,"Bedford",NA,"summer","fawning"
"BE1059","T13",5,0,2016-07-01,2016-07-10,10,0,10,"Bedford",NA,"summer","summer.forage"
"BE1059","T14",19,0,2016-07-11,2016-07-26,16,0,16,"Bedford",NA,"summer","summer.forage"
"BE1059","T15",26,0,2016-07-27,2016-08-11,16,0,16,"Bedford",NA,"summer","summer.forage"
"BE1059","T16",14,0,2016-08-12,2016-08-27,16,0,16,"Bedford",NA,"summer","summer.forage"
"BE1059","T17",16,2,2016-08-28,2016-09-12,16,0,16,"Bedford",NA,"summer","summer.forage"
"BE1059","T18",17,1,2016-09-13,2016-09-28,16,0,16,"Bedford",NA,"autumn","summer.forage"
"BE1059","T19",12,0,2016-09-29,2016-10-14,16,0,16,"Bedford",NA,"autumn","rut"
"BE1059","T2",3,0,2017-01-17,2017-02-01,16,7,9,"Bedford",NA,"winter","winter.forage"
"BE1059","T20",12,0,2016-10-15,2016-10-30,16,0,16,"Bedford",NA,"autumn","rut"
"BE1059","T21",36,1,2016-10-31,2016-11-15,16,0,16,"Bedford",NA,"autumn","rut"
"BE1059","T22",30,3,2016-11-16,2016-12-01,16,0,16,"Bedford",NA,"autumn","rut"
"BE1059","T23",12,0,2016-12-02,2016-12-17,16,0,16,"Bedford",NA,"autumn","rut"
"BE1059","T24",21,2,2016-12-18,2016-12-31,14,0,14,"Bedford",NA,"winter","rut"
"BE1059","T3",16,0,2017-02-02,2017-02-17,16,0,16,"Bedford",NA,"winter","winter.forage"
"BE1059","T4",9,3,2017-02-18,2017-03-05,16,0,16,"Bedford",NA,"winter","winter.forage"
"BE1059","T5",4,0,2017-03-06,2017-03-21,16,0,16,"Bedford",NA,"winter","winter.forage"
"BE1059","T6",16,1,2017-03-22,2017-04-06,16,0,16,"Bedford",NA,"spring","winter.forage"
"BE1059","T7",5,2,2017-04-07,2017-04-22,16,0,16,"Bedford",NA,"spring","fawning"
"BE1059","T8",11,0,2017-04-23,2017-05-08,16,0,16,"Bedford",NA,"spring","fawning"
"BE1059","T9",7,1,2017-05-09,2017-05-24,16,0,16,"Bedford",NA,"spring","fawning"
"BE1063","T1",0,7,2017-01-01,2017-01-16,16,0,16,"Bedford",NA,"winter","winter.forage"
"BE1063","T10",6,0,2017-05-25,2017-06-09,16,0,16,"Bedford",NA,"spring","fawning"
"BE1063","T11",1,0,2017-06-10,2017-06-25,16,0,16,"Bedford",NA,"spring","fawning"
"BE1063","T12",0,0,2017-06-26,2017-06-30,5,0,5,"Bedford",NA,"summer","fawning"
"BE1063","T13",5,0,2016-07-01,2016-07-10,10,0,10,"Bedford",NA,"summer","summer.forage"
"BE1063","T14",2,2,2016-07-11,2016-07-26,16,0,16,"Bedford",NA,"summer","summer.forage"
"BE1063","T15",5,0,2016-07-27,2016-08-11,16,0,16,"Bedford",NA,"summer","summer.forage"
"BE1063","T16",2,12,2016-08-12,2016-08-27,16,0,16,"Bedford",NA,"summer","summer.forage"
"BE1063","T17",4,0,2016-08-28,2016-09-12,16,0,16,"Bedford",NA,"summer","summer.forage"
"BE1063","T18",6,9,2016-09-13,2016-09-28,16,0,16,"Bedford",NA,"autumn","summer.forage"
"BE1063","T19",0,10,2016-09-29,2016-10-14,16,0,16,"Bedford",NA,"autumn","rut"
"BE1063","T2",0,3,2017-01-17,2017-02-01,16,0,16,"Bedford",NA,"winter","winter.forage"
"BE1063","T20",3,2,2016-10-15,2016-10-30,16,0,16,"Bedford",NA,"autumn","rut"
"BE1063","T21",6,0,2016-10-31,2016-11-15,16,0,16,"Bedford",NA,"autumn","rut"
"BE1063","T22",3,3,2016-11-16,2016-12-01,16,0,16,"Bedford",NA,"autumn","rut"
"BE1063","T23",5,3,2016-12-02,2016-12-17,16,0,16,"Bedford",NA,"autumn","rut"
"BE1063","T24",3,4,2016-12-18,2016-12-31,14,0,14,"Bedford",NA,"winter","rut"
"BE1063","T3",0,4,2017-02-02,2017-02-17,16,0,16,"Bedford",NA,"winter","winter.forage"
"BE1063","T4",1,4,2017-02-18,2017-03-05,16,0,16,"Bedford",NA,"winter","winter.forage"
"BE1063","T5",0,13,2017-03-06,2017-03-21,16,0,16,"Bedford",NA,"winter","winter.forage"
"BE1063","T6",2,4,2017-03-22,2017-04-06,16,0,16,"Bedford",NA,"spring","winter.forage"
"BE1063","T7",3,3,2017-04-07,2017-04-22,16,0,16,"Bedford",NA,"spring","fawning"
"BE1063","T8",0,0,2017-04-23,2017-05-08,16,0,16,"Bedford",NA,"spring","fawning"
"BE1063","T9",7,1,2017-05-09,2017-05-24,16,0,16,"Bedford",NA,"spring","fawning"
"BE1068","T1",0,4,2017-01-01,2017-01-16,16,0,16,"Bedford",NA,"winter","winter.forage"
"BE1068","T10",3,1,2017-05-25,2017-06-09,16,0,16,"Bedford",NA,"spring","fawning"
"BE1068","T11",1,0,2017-06-10,2017-06-25,16,0,16,"Bedford",NA,"spring","fawning"
"BE1068","T12",0,0,2017-06-26,2017-06-30,5,0,5,"Bedford",NA,"summer","fawning"
"BE1068","T13",6,1,2016-07-01,2016-07-10,10,0,10,"Bedford",NA,"summer","summer.forage"
"BE1068","T14",6,0,2016-07-11,2016-07-26,16,0,16,"Bedford",NA,"summer","summer.forage"
"BE1068","T15",11,0,2016-07-27,2016-08-11,16,0,16,"Bedford",NA,"summer","summer.forage"
"BE1068","T16",0,2,2016-08-12,2016-08-27,16,0,16,"Bedford",NA,"summer","summer.forage"
"BE1068","T17",0,1,2016-08-28,2016-09-12,16,0,16,"Bedford",NA,"summer","summer.forage"
"BE1068","T18",1,0,2016-09-13,2016-09-28,16,0,16,"Bedford",NA,"autumn","summer.forage"
"BE1068","T19",1,3,2016-09-29,2016-10-14,16,0,16,"Bedford",NA,"autumn","rut"
"BE1068","T2",1,2,2017-01-17,2017-02-01,16,0,16,"Bedford",NA,"winter","winter.forage"
"BE1068","T20",2,0,2016-10-15,2016-10-30,16,0,16,"Bedford",NA,"autumn","rut"
"BE1068","T21",7,0,2016-10-31,2016-11-15,16,0,16,"Bedford",NA,"autumn","rut"
"BE1068","T22",0,0,2016-11-16,2016-12-01,16,0,16,"Bedford",NA,"autumn","rut"
"BE1068","T23",0,1,2016-12-02,2016-12-17,16,0,16,"Bedford",NA,"autumn","rut"
"BE1068","T24",0,1,2016-12-18,2016-12-31,14,0,14,"Bedford",NA,"winter","rut"
"BE1068","T3",0,2,2017-02-02,2017-02-17,16,0,16,"Bedford",NA,"winter","winter.forage"
"BE1068","T4",0,0,2017-02-18,2017-03-05,16,0,16,"Bedford",NA,"winter","winter.forage"
"BE1068","T5",0,0,2017-03-06,2017-03-21,16,0,16,"Bedford",NA,"winter","winter.forage"
"BE1068","T6",0,2,2017-03-22,2017-04-06,16,0,16,"Bedford",NA,"spring","winter.forage"
"BE1068","T7",1,1,2017-04-07,2017-04-22,16,0,16,"Bedford",NA,"spring","fawning"
"BE1068","T8",1,0,2017-04-23,2017-05-08,16,0,16,"Bedford",NA,"spring","fawning"
"BE1068","T9",5,3,2017-05-09,2017-05-24,16,0,16,"Bedford",NA,"spring","fawning"
"BE1079","T1",1,2,2017-01-01,2017-01-16,16,0,16,"Bedford",NA,"winter","winter.forage"
"BE1079","T10",6,1,2017-05-25,2017-06-09,16,0,16,"Bedford",NA,"spring","fawning"
"BE1079","T11",2,0,2017-06-10,2017-06-25,16,0,16,"Bedford",NA,"spring","fawning"
"BE1079","T12",0,0,2017-06-26,2017-06-30,5,0,5,"Bedford",NA,"summer","fawning"
"BE1079","T13",0,0,2016-07-01,2016-07-10,10,0,10,"Bedford",NA,"summer","summer.forage"
"BE1079","T14",3,0,2016-07-11,2016-07-26,16,0,16,"Bedford",NA,"summer","summer.forage"
"BE1079","T15",15,0,2016-07-27,2016-08-11,16,0,16,"Bedford",NA,"summer","summer.forage"
"BE1079","T16",6,0,2016-08-12,2016-08-27,16,0,16,"Bedford",NA,"summer","summer.forage"
"BE1079","T17",1,1,2016-08-28,2016-09-12,16,0,16,"Bedford",NA,"summer","summer.forage"
"BE1079","T18",2,1,2016-09-13,2016-09-28,16,0,16,"Bedford",NA,"autumn","summer.forage"
"BE1079","T19",1,0,2016-09-29,2016-10-14,16,0,16,"Bedford",NA,"autumn","rut"
"BE1079","T2",3,1,2017-01-17,2017-02-01,16,0,16,"Bedford",NA,"winter","winter.forage"
"BE1079","T20",6,1,2016-10-15,2016-10-30,16,0,16,"Bedford",NA,"autumn","rut"
"BE1079","T21",7,0,2016-10-31,2016-11-15,16,0,16,"Bedford",NA,"autumn","rut"
"BE1079","T22",6,0,2016-11-16,2016-12-01,16,0,16,"Bedford",NA,"autumn","rut"
"BE1079","T23",2,0,2016-12-02,2016-12-17,16,0,16,"Bedford",NA,"autumn","rut"
"BE1079","T24",0,0,2016-12-18,2016-12-31,14,0,14,"Bedford",NA,"winter","rut"
"BE1079","T3",2,0,2017-02-02,2017-02-17,16,0,16,"Bedford",NA,"winter","winter.forage"
"BE1079","T4",1,1,2017-02-18,2017-03-05,16,0,16,"Bedford",NA,"winter","winter.forage"
"BE1079","T5",0,0,2017-03-06,2017-03-21,16,0,16,"Bedford",NA,"winter","winter.forage"
"BE1079","T6",1,0,2017-03-22,2017-04-06,16,0,16,"Bedford",NA,"spring","winter.forage"
"BE1079","T7",4,0,2017-04-07,2017-04-22,16,0,16,"Bedford",NA,"spring","fawning"
"BE1079","T8",13,0,2017-04-23,2017-05-08,16,0,16,"Bedford",NA,"spring","fawning"
"BE1079","T9",7,0,2017-05-09,2017-05-24,16,0,16,"Bedford",NA,"spring","fawning"
"BE1091","T1",41,1,2017-01-01,2017-01-16,16,0,16,"Bedford",NA,"winter","winter.forage"
"BE1091","T10",30,2,2017-05-25,2017-06-09,16,0,16,"Bedford",NA,"spring","fawning"
"BE1091","T11",16,3,2017-06-10,2017-06-25,16,0,16,"Bedford",NA,"spring","fawning"
"BE1091","T12",0,0,2017-06-26,2017-06-30,5,0,5,"Bedford",NA,"summer","fawning"
"BE1091","T13",20,0,2016-07-01,2016-07-10,10,0,10,"Bedford",NA,"summer","summer.forage"
"BE1091","T14",27,1,2016-07-11,2016-07-26,16,0,16,"Bedford",NA,"summer","summer.forage"
"BE1091","T15",34,0,2016-07-27,2016-08-11,16,0,16,"Bedford",NA,"summer","summer.forage"
"BE1091","T16",41,2,2016-08-12,2016-08-27,16,0,16,"Bedford",NA,"summer","summer.forage"
"BE1091","T17",44,3,2016-08-28,2016-09-12,16,0,16,"Bedford",NA,"summer","summer.forage"
"BE1091","T18",49,4,2016-09-13,2016-09-28,16,0,16,"Bedford",NA,"autumn","summer.forage"
"BE1091","T19",44,5,2016-09-29,2016-10-14,16,0,16,"Bedford",NA,"autumn","rut"
"BE1091","T2",25,5,2017-01-17,2017-02-01,16,0,16,"Bedford",NA,"winter","winter.forage"
"BE1091","T20",21,6,2016-10-15,2016-10-30,16,0,16,"Bedford",NA,"autumn","rut"
"BE1091","T21",72,0,2016-10-31,2016-11-15,16,0,16,"Bedford",NA,"autumn","rut"
"BE1091","T22",42,2,2016-11-16,2016-12-01,16,0,16,"Bedford",NA,"autumn","rut"
"BE1091","T23",19,5,2016-12-02,2016-12-17,16,0,16,"Bedford",NA,"autumn","rut"
"BE1091","T24",18,3,2016-12-18,2016-12-31,14,0,14,"Bedford",NA,"winter","rut"
"BE1091","T3",12,0,2017-02-02,2017-02-17,16,0,16,"Bedford",NA,"winter","winter.forage"
"BE1091","T4",43,2,2017-02-18,2017-03-05,16,0,16,"Bedford",NA,"winter","winter.forage"
"BE1091","T5",47,2,2017-03-06,2017-03-21,16,0,16,"Bedford",NA,"winter","winter.forage"
"BE1091","T6",16,0,2017-03-22,2017-04-06,16,0,16,"Bedford",NA,"spring","winter.forage"
"BE1091","T7",28,0,2017-04-07,2017-04-22,16,0,16,"Bedford",NA,"spring","fawning"
"BE1091","T8",18,2,2017-04-23,2017-05-08,16,0,16,"Bedford",NA,"spring","fawning"
"BE1091","T9",14,2,2017-05-09,2017-05-24,16,0,16,"Bedford",NA,"spring","fawning"
"BE1095","T1",9,2,2017-01-01,2017-01-16,16,0,16,"Bedford",NA,"winter","winter.forage"
"BE1095","T10",17,1,2017-05-25,2017-06-09,16,0,16,"Bedford",NA,"spring","fawning"
"BE1095","T11",5,0,2017-06-10,2017-06-25,16,0,16,"Bedford",NA,"spring","fawning"
"BE1095","T12",0,0,2017-06-26,2017-06-30,5,0,5,"Bedford",NA,"summer","fawning"
"BE1095","T13",3,0,2016-07-01,2016-07-10,10,0,10,"Bedford",NA,"summer","summer.forage"
"BE1095","T14",8,1,2016-07-11,2016-07-26,16,0,16,"Bedford",NA,"summer","summer.forage"
"BE1095","T15",5,0,2016-07-27,2016-08-11,16,0,16,"Bedford",NA,"summer","summer.forage"
"BE1095","T16",4,1,2016-08-12,2016-08-27,16,0,16,"Bedford",NA,"summer","summer.forage"
"BE1095","T17",8,3,2016-08-28,2016-09-12,16,0,16,"Bedford",NA,"summer","summer.forage"
"BE1095","T18",2,1,2016-09-13,2016-09-28,16,0,16,"Bedford",NA,"autumn","summer.forage"
"BE1095","T19",3,0,2016-09-29,2016-10-14,16,0,16,"Bedford",NA,"autumn","rut"
"BE1095","T2",14,2,2017-01-17,2017-02-01,16,0,16,"Bedford",NA,"winter","winter.forage"
"BE1095","T20",29,2,2016-10-15,2016-10-30,16,0,16,"Bedford",NA,"autumn","rut"
"BE1095","T21",52,1,2016-10-31,2016-11-15,16,0,16,"Bedford",NA,"autumn","rut"
"BE1095","T22",52,1,2016-11-16,2016-12-01,16,0,16,"Bedford",NA,"autumn","rut"
"BE1095","T23",26,1,2016-12-02,2016-12-17,16,0,16,"Bedford",NA,"autumn","rut"
"BE1095","T24",17,1,2016-12-18,2016-12-31,14,0,14,"Bedford",NA,"winter","rut"
"BE1095","T3",15,2,2017-02-02,2017-02-17,16,0,16,"Bedford",NA,"winter","winter.forage"
"BE1095","T4",3,2,2017-02-18,2017-03-05,16,0,16,"Bedford",NA,"winter","winter.forage"
"BE1095","T5",9,0,2017-03-06,2017-03-21,16,0,16,"Bedford",NA,"winter","winter.forage"
"BE1095","T6",8,0,2017-03-22,2017-04-06,16,0,16,"Bedford",NA,"spring","winter.forage"
"BE1095","T7",5,2,2017-04-07,2017-04-22,16,0,16,"Bedford",NA,"spring","fawning"
"BE1095","T8",18,2,2017-04-23,2017-05-08,16,0,16,"Bedford",NA,"spring","fawning"
"BE1095","T9",25,4,2017-05-09,2017-05-24,16,0,16,"Bedford",NA,"spring","fawning"
"BE1107","T1",0,1,2017-01-01,2017-01-16,16,0,16,"Bedford",NA,"winter","winter.forage"
"BE1107","T10",2,0,2017-05-25,2017-06-09,16,0,16,"Bedford",NA,"spring","fawning"
"BE1107","T11",0,0,2017-06-10,2017-06-25,16,0,16,"Bedford",NA,"spring","fawning"
"BE1107","T12",0,0,2017-06-26,2017-06-30,5,0,5,"Bedford",NA,"summer","fawning"
"BE1107","T13",3,1,2016-07-01,2016-07-10,10,0,10,"Bedford",NA,"summer","summer.forage"
"BE1107","T14",3,0,2016-07-11,2016-07-26,16,0,16,"Bedford",NA,"summer","summer.forage"
"BE1107","T15",3,0,2016-07-27,2016-08-11,16,0,16,"Bedford",NA,"summer","summer.forage"
"BE1107","T16",3,0,2016-08-12,2016-08-27,16,0,16,"Bedford",NA,"summer","summer.forage"
"BE1107","T17",6,0,2016-08-28,2016-09-12,16,0,16,"Bedford",NA,"summer","summer.forage"
"BE1107","T18",3,1,2016-09-13,2016-09-28,16,0,16,"Bedford",NA,"autumn","summer.forage"
"BE1107","T19",1,1,2016-09-29,2016-10-14,16,0,16,"Bedford",NA,"autumn","rut"
"BE1107","T2",0,2,2017-01-17,2017-02-01,16,0,16,"Bedford",NA,"winter","winter.forage"
"BE1107","T20",0,1,2016-10-15,2016-10-30,16,0,16,"Bedford",NA,"autumn","rut"
"BE1107","T21",1,0,2016-10-31,2016-11-15,16,0,16,"Bedford",NA,"autumn","rut"
"BE1107","T22",0,1,2016-11-16,2016-12-01,16,0,16,"Bedford",NA,"autumn","rut"
"BE1107","T23",3,3,2016-12-02,2016-12-17,16,0,16,"Bedford",NA,"autumn","rut"
"BE1107","T24",0,5,2016-12-18,2016-12-31,14,0,14,"Bedford",NA,"winter","rut"
"BE1107","T3",0,0,2017-02-02,2017-02-17,16,0,16,"Bedford",NA,"winter","winter.forage"
"BE1107","T4",0,0,2017-02-18,2017-03-05,16,0,16,"Bedford",NA,"winter","winter.forage"
"BE1107","T5",0,0,2017-03-06,2017-03-21,16,0,16,"Bedford",NA,"winter","winter.forage"
"BE1107","T6",0,0,2017-03-22,2017-04-06,16,0,16,"Bedford",NA,"spring","winter.forage"
"BE1107","T7",0,0,2017-04-07,2017-04-22,16,0,16,"Bedford",NA,"spring","fawning"
"BE1107","T8",1,2,2017-04-23,2017-05-08,16,0,16,"Bedford",NA,"spring","fawning"
"BE1107","T9",4,11,2017-05-09,2017-05-24,16,0,16,"Bedford",NA,"spring","fawning"
"BE1111","T1",12,1,2017-01-01,2017-01-16,16,0,16,"Bedford",NA,"winter","winter.forage"
"BE1111","T10",10,2,2017-05-25,2017-06-09,16,0,16,"Bedford",NA,"spring","fawning"
"BE1111","T11",9,0,2017-06-10,2017-06-25,16,0,16,"Bedford",NA,"spring","fawning"
"BE1111","T12",0,0,2017-06-26,2017-06-30,5,0,5,"Bedford",NA,"summer","fawning"
"BE1111","T13",8,0,2016-07-01,2016-07-10,10,0,10,"Bedford",NA,"summer","summer.forage"
"BE1111","T14",25,5,2016-07-11,2016-07-26,16,0,16,"Bedford",NA,"summer","summer.forage"
"BE1111","T15",22,3,2016-07-27,2016-08-11,16,0,16,"Bedford",NA,"summer","summer.forage"
"BE1111","T16",16,0,2016-08-12,2016-08-27,16,0,16,"Bedford",NA,"summer","summer.forage"
"BE1111","T17",19,6,2016-08-28,2016-09-12,16,0,16,"Bedford",NA,"summer","summer.forage"
"BE1111","T18",36,2,2016-09-13,2016-09-28,16,0,16,"Bedford",NA,"autumn","summer.forage"
"BE1111","T19",44,6,2016-09-29,2016-10-14,16,0,16,"Bedford",NA,"autumn","rut"
"BE1111","T2",14,2,2017-01-17,2017-02-01,16,0,16,"Bedford",NA,"winter","winter.forage"
"BE1111","T20",26,2,2016-10-15,2016-10-30,16,0,16,"Bedford",NA,"autumn","rut"
"BE1111","T21",26,0,2016-10-31,2016-11-15,16,0,16,"Bedford",NA,"autumn","rut"
"BE1111","T22",18,1,2016-11-16,2016-12-01,16,0,16,"Bedford",NA,"autumn","rut"
"BE1111","T23",13,6,2016-12-02,2016-12-17,16,0,16,"Bedford",NA,"autumn","rut"
"BE1111","T24",10,1,2016-12-18,2016-12-31,14,0,14,"Bedford",NA,"winter","rut"
"BE1111","T3",6,4,2017-02-02,2017-02-17,16,0,16,"Bedford",NA,"winter","winter.forage"
"BE1111","T4",8,0,2017-02-18,2017-03-05,16,0,16,"Bedford",NA,"winter","winter.forage"
"BE1111","T5",7,2,2017-03-06,2017-03-21,16,0,16,"Bedford",NA,"winter","winter.forage"
"BE1111","T6",9,1,2017-03-22,2017-04-06,16,0,16,"Bedford",NA,"spring","winter.forage"
"BE1111","T7",8,0,2017-04-07,2017-04-22,16,0,16,"Bedford",NA,"spring","fawning"
"BE1111","T8",11,1,2017-04-23,2017-05-08,16,0,16,"Bedford",NA,"spring","fawning"
"BE1111","T9",12,0,2017-05-09,2017-05-24,16,0,16,"Bedford",NA,"spring","fawning"
"BE1123","T1",1,0,2017-01-01,2017-01-16,16,0,16,"Bedford",NA,"winter","winter.forage"
"BE1123","T10",34,0,2017-05-25,2017-06-09,16,0,16,"Bedford",NA,"spring","fawning"
"BE1123","T11",8,0,2017-06-10,2017-06-25,16,0,16,"Bedford",NA,"spring","fawning"
"BE1123","T12",0,0,2017-06-26,2017-06-30,5,0,5,"Bedford",NA,"summer","fawning"
"BE1123","T13",19,0,2016-07-01,2016-07-10,10,0,10,"Bedford",NA,"summer","summer.forage"
"BE1123","T14",15,0,2016-07-11,2016-07-26,16,0,16,"Bedford",NA,"summer","summer.forage"
"BE1123","T15",10,2,2016-07-27,2016-08-11,16,0,16,"Bedford",NA,"summer","summer.forage"
"BE1123","T16",24,1,2016-08-12,2016-08-27,16,0,16,"Bedford",NA,"summer","summer.forage"
"BE1123","T17",20,1,2016-08-28,2016-09-12,16,0,16,"Bedford",NA,"summer","summer.forage"
"BE1123","T18",16,0,2016-09-13,2016-09-28,16,0,16,"Bedford",NA,"autumn","summer.forage"
"BE1123","T19",0,0,2016-09-29,2016-10-14,16,0,16,"Bedford",NA,"autumn","rut"
"BE1123","T2",2,6,2017-01-17,2017-02-01,16,0,16,"Bedford",NA,"winter","winter.forage"
"BE1123","T20",15,0,2016-10-15,2016-10-30,16,0,16,"Bedford",NA,"autumn","rut"
"BE1123","T21",29,0,2016-10-31,2016-11-15,16,0,16,"Bedford",NA,"autumn","rut"
"BE1123","T22",21,0,2016-11-16,2016-12-01,16,0,16,"Bedford",NA,"autumn","rut"
"BE1123","T23",15,0,2016-12-02,2016-12-17,16,0,16,"Bedford",NA,"autumn","rut"
"BE1123","T24",9,1,2016-12-18,2016-12-31,14,0,14,"Bedford",NA,"winter","rut"
"BE1123","T3",3,8,2017-02-02,2017-02-17,16,0,16,"Bedford",NA,"winter","winter.forage"
"BE1123","T4",3,6,2017-02-18,2017-03-05,16,0,16,"Bedford",NA,"winter","winter.forage"
"BE1123","T5",10,8,2017-03-06,2017-03-21,16,0,16,"Bedford",NA,"winter","winter.forage"
"BE1123","T6",2,5,2017-03-22,2017-04-06,16,0,16,"Bedford",NA,"spring","winter.forage"
"BE1123","T7",15,2,2017-04-07,2017-04-22,16,0,16,"Bedford",NA,"spring","fawning"
"BE1123","T8",32,0,2017-04-23,2017-05-08,16,0,16,"Bedford",NA,"spring","fawning"
"BE1123","T9",23,0,2017-05-09,2017-05-24,16,0,16,"Bedford",NA,"spring","fawning"
"BE1127","T1",1,0,2017-01-01,2017-01-16,16,0,16,"Bedford",NA,"winter","winter.forage"
"BE1127","T10",3,1,2017-05-25,2017-06-09,16,0,16,"Bedford",NA,"spring","fawning"
"BE1127","T11",0,0,2017-06-10,2017-06-25,16,0,16,"Bedford",NA,"spring","fawning"
"BE1127","T12",0,0,2017-06-26,2017-06-30,5,0,5,"Bedford",NA,"summer","fawning"
"BE1127","T13",1,0,2016-07-01,2016-07-10,10,0,10,"Bedford",NA,"summer","summer.forage"
"BE1127","T14",1,1,2016-07-11,2016-07-26,16,0,16,"Bedford",NA,"summer","summer.forage"
"BE1127","T15",2,1,2016-07-27,2016-08-11,16,0,16,"Bedford",NA,"summer","summer.forage"
"BE1127","T16",3,0,2016-08-12,2016-08-27,16,0,16,"Bedford",NA,"summer","summer.forage"
"BE1127","T17",14,0,2016-08-28,2016-09-12,16,0,16,"Bedford",NA,"summer","summer.forage"
"BE1127","T18",1,1,2016-09-13,2016-09-28,16,0,16,"Bedford",NA,"autumn","summer.forage"
"BE1127","T19",5,0,2016-09-29,2016-10-14,16,0,16,"Bedford",NA,"autumn","rut"
"BE1127","T2",0,1,2017-01-17,2017-02-01,16,0,16,"Bedford",NA,"winter","winter.forage"
"BE1127","T20",4,0,2016-10-15,2016-10-30,16,0,16,"Bedford",NA,"autumn","rut"
"BE1127","T21",2,0,2016-10-31,2016-11-15,16,0,16,"Bedford",NA,"autumn","rut"
"BE1127","T22",0,1,2016-11-16,2016-12-01,16,0,16,"Bedford",NA,"autumn","rut"
"BE1127","T23",4,0,2016-12-02,2016-12-17,16,0,16,"Bedford",NA,"autumn","rut"
"BE1127","T24",0,0,2016-12-18,2016-12-31,14,0,14,"Bedford",NA,"winter","rut"
"BE1127","T3",0,0,2017-02-02,2017-02-17,16,0,16,"Bedford",NA,"winter","winter.forage"
"BE1127","T4",0,1,2017-02-18,2017-03-05,16,0,16,"Bedford",NA,"winter","winter.forage"
"BE1127","T5",0,0,2017-03-06,2017-03-21,16,0,16,"Bedford",NA,"winter","winter.forage"
"BE1127","T6",0,0,2017-03-22,2017-04-06,16,0,16,"Bedford",NA,"spring","winter.forage"
"BE1127","T7",1,1,2017-04-07,2017-04-22,16,0,16,"Bedford",NA,"spring","fawning"
"BE1127","T8",0,0,2017-04-23,2017-05-08,16,0,16,"Bedford",NA,"spring","fawning"
"BE1127","T9",2,0,2017-05-09,2017-05-24,16,0,16,"Bedford",NA,"spring","fawning"
"BE1132","T1",0,0,2017-01-01,2017-01-16,16,0,16,"Bedford",NA,"winter","winter.forage"
"BE1132","T10",11,0,2017-05-25,2017-06-09,16,0,16,"Bedford",NA,"spring","fawning"
"BE1132","T11",9,1,2017-06-10,2017-06-25,16,0,16,"Bedford",NA,"spring","fawning"
"BE1132","T12",0,0,2017-06-26,2017-06-30,5,0,5,"Bedford",NA,"summer","fawning"
"BE1132","T13",3,0,2016-07-01,2016-07-10,10,0,10,"Bedford",NA,"summer","summer.forage"
"BE1132","T14",2,0,2016-07-11,2016-07-26,16,0,16,"Bedford",NA,"summer","summer.forage"
"BE1132","T15",3,0,2016-07-27,2016-08-11,16,0,16,"Bedford",NA,"summer","summer.forage"
"BE1132","T16",1,1,2016-08-12,2016-08-27,16,0,16,"Bedford",NA,"summer","summer.forage"
"BE1132","T17",2,2,2016-08-28,2016-09-12,16,0,16,"Bedford",NA,"summer","summer.forage"
"BE1132","T18",1,4,2016-09-13,2016-09-28,16,0,16,"Bedford",NA,"autumn","summer.forage"
"BE1132","T19",0,2,2016-09-29,2016-10-14,16,0,16,"Bedford",NA,"autumn","rut"
"BE1132","T2",0,0,2017-01-17,2017-02-01,16,0,16,"Bedford",NA,"winter","winter.forage"
"BE1132","T20",1,0,2016-10-15,2016-10-30,16,0,16,"Bedford",NA,"autumn","rut"
"BE1132","T21",2,1,2016-10-31,2016-11-15,16,0,16,"Bedford",NA,"autumn","rut"
"BE1132","T22",0,0,2016-11-16,2016-12-01,16,0,16,"Bedford",NA,"autumn","rut"
"BE1132","T23",1,0,2016-12-02,2016-12-17,16,0,16,"Bedford",NA,"autumn","rut"
"BE1132","T24",0,0,2016-12-18,2016-12-31,14,0,14,"Bedford",NA,"winter","rut"
"BE1132","T3",0,1,2017-02-02,2017-02-17,16,0,16,"Bedford",NA,"winter","winter.forage"
"BE1132","T4",0,2,2017-02-18,2017-03-05,16,0,16,"Bedford",NA,"winter","winter.forage"
"BE1132","T5",0,1,2017-03-06,2017-03-21,16,0,16,"Bedford",NA,"winter","winter.forage"
"BE1132","T6",0,0,2017-03-22,2017-04-06,16,0,16,"Bedford",NA,"spring","winter.forage"
"BE1132","T7",1,0,2017-04-07,2017-04-22,16,0,16,"Bedford",NA,"spring","fawning"
"BE1132","T8",2,0,2017-04-23,2017-05-08,16,0,16,"Bedford",NA,"spring","fawning"
"BE1132","T9",7,0,2017-05-09,2017-05-24,16,0,16,"Bedford",NA,"spring","fawning"
"BE1139","T1",0,3,2017-01-01,2017-01-16,16,0,16,"Bedford",NA,"winter","winter.forage"
"BE1139","T10",4,0,2017-05-25,2017-06-09,16,0,16,"Bedford",NA,"spring","fawning"
"BE1139","T11",3,0,2017-06-10,2017-06-25,16,0,16,"Bedford",NA,"spring","fawning"
"BE1139","T12",0,0,2017-06-26,2017-06-30,5,0,5,"Bedford",NA,"summer","fawning"
"BE1139","T13",0,0,2016-07-01,2016-07-10,10,10,0,"Bedford",NA,"summer","summer.forage"
"BE1139","T14",0,0,2016-07-11,2016-07-26,16,16,0,"Bedford",NA,"summer","summer.forage"
"BE1139","T15",0,0,2016-07-27,2016-08-11,16,16,0,"Bedford",NA,"summer","summer.forage"
"BE1139","T16",0,0,2016-08-12,2016-08-27,16,16,0,"Bedford",NA,"summer","summer.forage"
"BE1139","T17",1,0,2016-08-28,2016-09-12,16,4,12,"Bedford",NA,"summer","summer.forage"
"BE1139","T18",2,0,2016-09-13,2016-09-28,16,0,16,"Bedford",NA,"autumn","summer.forage"
"BE1139","T19",5,0,2016-09-29,2016-10-14,16,0,16,"Bedford",NA,"autumn","rut"
"BE1139","T2",1,1,2017-01-17,2017-02-01,16,0,16,"Bedford",NA,"winter","winter.forage"
"BE1139","T20",2,0,2016-10-15,2016-10-30,16,0,16,"Bedford",NA,"autumn","rut"
"BE1139","T21",2,1,2016-10-31,2016-11-15,16,0,16,"Bedford",NA,"autumn","rut"
"BE1139","T22",10,1,2016-11-16,2016-12-01,16,0,16,"Bedford",NA,"autumn","rut"
"BE1139","T23",2,0,2016-12-02,2016-12-17,16,0,16,"Bedford",NA,"autumn","rut"
"BE1139","T24",0,0,2016-12-18,2016-12-31,14,0,14,"Bedford",NA,"winter","rut"
"BE1139","T3",1,2,2017-02-02,2017-02-17,16,0,16,"Bedford",NA,"winter","winter.forage"
"BE1139","T4",0,0,2017-02-18,2017-03-05,16,0,16,"Bedford",NA,"winter","winter.forage"
"BE1139","T5",1,6,2017-03-06,2017-03-21,16,0,16,"Bedford",NA,"winter","winter.forage"
"BE1139","T6",2,1,2017-03-22,2017-04-06,16,0,16,"Bedford",NA,"spring","winter.forage"
"BE1139","T7",7,0,2017-04-07,2017-04-22,16,0,16,"Bedford",NA,"spring","fawning"
"BE1139","T8",3,0,2017-04-23,2017-05-08,16,0,16,"Bedford",NA,"spring","fawning"
"BE1139","T9",3,0,2017-05-09,2017-05-24,16,0,16,"Bedford",NA,"spring","fawning"
"BE1140","T1",0,0,2017-01-01,2017-01-16,16,16,0,"Bedford",NA,"winter","winter.forage"
"BE1140","T10",0,0,2017-05-25,2017-06-09,16,16,0,"Bedford",NA,"spring","fawning"
"BE1140","T11",0,0,2017-06-10,2017-06-25,16,16,0,"Bedford",NA,"spring","fawning"
"BE1140","T12",0,0,2017-06-26,2017-06-30,5,5,0,"Bedford",NA,"summer","fawning"
"BE1140","T13",0,0,2016-07-01,2016-07-10,10,0,10,"Bedford",NA,"summer","summer.forage"
"BE1140","T14",0,0,2016-07-11,2016-07-26,16,0,16,"Bedford",NA,"summer","summer.forage"
"BE1140","T15",4,0,2016-07-27,2016-08-11,16,0,16,"Bedford",NA,"summer","summer.forage"
"BE1140","T16",3,0,2016-08-12,2016-08-27,16,0,16,"Bedford",NA,"summer","summer.forage"
"BE1140","T17",3,0,2016-08-28,2016-09-12,16,0,16,"Bedford",NA,"summer","summer.forage"
"BE1140","T18",0,0,2016-09-13,2016-09-28,16,11,5,"Bedford",NA,"autumn","summer.forage"
"BE1140","T19",0,0,2016-09-29,2016-10-14,16,16,0,"Bedford",NA,"autumn","rut"
"BE1140","T2",0,0,2017-01-17,2017-02-01,16,16,0,"Bedford",NA,"winter","winter.forage"
"BE1140","T20",0,0,2016-10-15,2016-10-30,16,16,0,"Bedford",NA,"autumn","rut"
"BE1140","T21",0,0,2016-10-31,2016-11-15,16,16,0,"Bedford",NA,"autumn","rut"
"BE1140","T22",0,0,2016-11-16,2016-12-01,16,16,0,"Bedford",NA,"autumn","rut"
"BE1140","T23",0,0,2016-12-02,2016-12-17,16,16,0,"Bedford",NA,"autumn","rut"
"BE1140","T24",0,0,2016-12-18,2016-12-31,14,14,0,"Bedford",NA,"winter","rut"
"BE1140","T3",0,0,2017-02-02,2017-02-17,16,16,0,"Bedford",NA,"winter","winter.forage"
"BE1140","T4",0,0,2017-02-18,2017-03-05,16,16,0,"Bedford",NA,"winter","winter.forage"
"BE1140","T5",0,0,2017-03-06,2017-03-21,16,16,0,"Bedford",NA,"winter","winter.forage"
"BE1140","T6",0,0,2017-03-22,2017-04-06,16,16,0,"Bedford",NA,"spring","winter.forage"
"BE1140","T7",0,0,2017-04-07,2017-04-22,16,16,0,"Bedford",NA,"spring","fawning"
"BE1140","T8",0,0,2017-04-23,2017-05-08,16,16,0,"Bedford",NA,"spring","fawning"
"BE1140","T9",0,0,2017-05-09,2017-05-24,16,16,0,"Bedford",NA,"spring","fawning"
"BE1143","T1",1,0,2017-01-01,2017-01-16,16,0,16,"Bedford",NA,"winter","winter.forage"
"BE1143","T10",3,2,2017-05-25,2017-06-09,16,0,16,"Bedford",NA,"spring","fawning"
"BE1143","T11",2,0,2017-06-10,2017-06-25,16,0,16,"Bedford",NA,"spring","fawning"
"BE1143","T12",0,0,2017-06-26,2017-06-30,5,0,5,"Bedford",NA,"summer","fawning"
"BE1143","T13",0,0,2016-07-01,2016-07-10,10,10,0,"Bedford",NA,"summer","summer.forage"
"BE1143","T14",0,0,2016-07-11,2016-07-26,16,16,0,"Bedford",NA,"summer","summer.forage"
"BE1143","T15",0,0,2016-07-27,2016-08-11,16,16,0,"Bedford",NA,"summer","summer.forage"
"BE1143","T16",0,0,2016-08-12,2016-08-27,16,16,0,"Bedford",NA,"summer","summer.forage"
"BE1143","T17",2,0,2016-08-28,2016-09-12,16,4,12,"Bedford",NA,"summer","summer.forage"
"BE1143","T18",2,0,2016-09-13,2016-09-28,16,0,16,"Bedford",NA,"autumn","summer.forage"
"BE1143","T19",1,1,2016-09-29,2016-10-14,16,0,16,"Bedford",NA,"autumn","rut"
"BE1143","T2",1,0,2017-01-17,2017-02-01,16,0,16,"Bedford",NA,"winter","winter.forage"
"BE1143","T20",1,1,2016-10-15,2016-10-30,16,0,16,"Bedford",NA,"autumn","rut"
"BE1143","T21",9,1,2016-10-31,2016-11-15,16,0,16,"Bedford",NA,"autumn","rut"
"BE1143","T22",2,0,2016-11-16,2016-12-01,16,0,16,"Bedford",NA,"autumn","rut"
"BE1143","T23",5,1,2016-12-02,2016-12-17,16,0,16,"Bedford",NA,"autumn","rut"
"BE1143","T24",0,0,2016-12-18,2016-12-31,14,0,14,"Bedford",NA,"winter","rut"
"BE1143","T3",2,0,2017-02-02,2017-02-17,16,0,16,"Bedford",NA,"winter","winter.forage"
"BE1143","T4",6,1,2017-02-18,2017-03-05,16,0,16,"Bedford",NA,"winter","winter.forage"
"BE1143","T5",0,0,2017-03-06,2017-03-21,16,0,16,"Bedford",NA,"winter","winter.forage"
"BE1143","T6",5,1,2017-03-22,2017-04-06,16,0,16,"Bedford",NA,"spring","winter.forage"
"BE1143","T7",1,0,2017-04-07,2017-04-22,16,0,16,"Bedford",NA,"spring","fawning"
"BE1143","T8",5,0,2017-04-23,2017-05-08,16,0,16,"Bedford",NA,"spring","fawning"
"BE1143","T9",4,4,2017-05-09,2017-05-24,16,0,16,"Bedford",NA,"spring","fawning"
"BE1144","T1",0,0,2017-01-01,2017-01-16,16,16,0,"Bedford",NA,"winter","winter.forage"
"BE1144","T10",0,0,2017-05-25,2017-06-09,16,16,0,"Bedford",NA,"spring","fawning"
"BE1144","T11",0,0,2017-06-10,2017-06-25,16,16,0,"Bedford",NA,"spring","fawning"
"BE1144","T12",0,0,2017-06-26,2017-06-30,5,5,0,"Bedford",NA,"summer","fawning"
"BE1144","T13",3,0,2016-07-01,2016-07-10,10,0,10,"Bedford",NA,"summer","summer.forage"
"BE1144","T14",4,1,2016-07-11,2016-07-26,16,9,7,"Bedford",NA,"summer","summer.forage"
"BE1144","T15",0,0,2016-07-27,2016-08-11,16,16,0,"Bedford",NA,"summer","summer.forage"
"BE1144","T16",3,0,2016-08-12,2016-08-27,16,4,12,"Bedford",NA,"summer","summer.forage"
"BE1144","T17",0,2,2016-08-28,2016-09-12,16,0,16,"Bedford",NA,"summer","summer.forage"
"BE1144","T18",0,0,2016-09-13,2016-09-28,16,9,7,"Bedford",NA,"autumn","summer.forage"
"BE1144","T19",0,0,2016-09-29,2016-10-14,16,16,0,"Bedford",NA,"autumn","rut"
"BE1144","T2",0,0,2017-01-17,2017-02-01,16,16,0,"Bedford",NA,"winter","winter.forage"
"BE1144","T20",0,0,2016-10-15,2016-10-30,16,16,0,"Bedford",NA,"autumn","rut"
"BE1144","T21",0,0,2016-10-31,2016-11-15,16,16,0,"Bedford",NA,"autumn","rut"
"BE1144","T22",0,0,2016-11-16,2016-12-01,16,16,0,"Bedford",NA,"autumn","rut"
"BE1144","T23",0,0,2016-12-02,2016-12-17,16,16,0,"Bedford",NA,"autumn","rut"
"BE1144","T24",0,0,2016-12-18,2016-12-31,14,14,0,"Bedford",NA,"winter","rut"
"BE1144","T3",0,0,2017-02-02,2017-02-17,16,16,0,"Bedford",NA,"winter","winter.forage"
"BE1144","T4",0,0,2017-02-18,2017-03-05,16,16,0,"Bedford",NA,"winter","winter.forage"
"BE1144","T5",0,0,2017-03-06,2017-03-21,16,16,0,"Bedford",NA,"winter","winter.forage"
"BE1144","T6",0,0,2017-03-22,2017-04-06,16,16,0,"Bedford",NA,"spring","winter.forage"
"BE1144","T7",0,0,2017-04-07,2017-04-22,16,16,0,"Bedford",NA,"spring","fawning"
"BE1144","T8",0,0,2017-04-23,2017-05-08,16,16,0,"Bedford",NA,"spring","fawning"
"BE1144","T9",0,0,2017-05-09,2017-05-24,16,16,0,"Bedford",NA,"spring","fawning"
"BE1155","T1",10,0,2017-01-01,2017-01-16,16,0,16,"Bedford",NA,"winter","winter.forage"
"BE1155","T10",0,0,2017-05-25,2017-06-09,16,16,0,"Bedford",NA,"spring","fawning"
"BE1155","T11",0,0,2017-06-10,2017-06-25,16,16,0,"Bedford",NA,"spring","fawning"
"BE1155","T12",0,0,2017-06-26,2017-06-30,5,4,1,"Bedford",NA,"summer","fawning"
"BE1155","T13",2,0,2016-07-01,2016-07-10,10,0,10,"Bedford",NA,"summer","summer.forage"
"BE1155","T14",5,0,2016-07-11,2016-07-26,16,0,16,"Bedford",NA,"summer","summer.forage"
"BE1155","T15",8,0,2016-07-27,2016-08-11,16,0,16,"Bedford",NA,"summer","summer.forage"
"BE1155","T16",12,0,2016-08-12,2016-08-27,16,0,16,"Bedford",NA,"summer","summer.forage"
"BE1155","T17",9,0,2016-08-28,2016-09-12,16,0,16,"Bedford",NA,"summer","summer.forage"
"BE1155","T18",6,0,2016-09-13,2016-09-28,16,0,16,"Bedford",NA,"autumn","summer.forage"
"BE1155","T19",9,1,2016-09-29,2016-10-14,16,0,16,"Bedford",NA,"autumn","rut"
"BE1155","T2",10,0,2017-01-17,2017-02-01,16,0,16,"Bedford",NA,"winter","winter.forage"
"BE1155","T20",5,2,2016-10-15,2016-10-30,16,0,16,"Bedford",NA,"autumn","rut"
"BE1155","T21",10,0,2016-10-31,2016-11-15,16,0,16,"Bedford",NA,"autumn","rut"
"BE1155","T22",12,0,2016-11-16,2016-12-01,16,0,16,"Bedford",NA,"autumn","rut"
"BE1155","T23",8,3,2016-12-02,2016-12-17,16,0,16,"Bedford",NA,"autumn","rut"
"BE1155","T24",7,0,2016-12-18,2016-12-31,14,0,14,"Bedford",NA,"winter","rut"
"BE1155","T3",16,0,2017-02-02,2017-02-17,16,0,16,"Bedford",NA,"winter","winter.forage"
"BE1155","T4",16,0,2017-02-18,2017-03-05,16,0,16,"Bedford",NA,"winter","winter.forage"
"BE1155","T5",12,0,2017-03-06,2017-03-21,16,0,16,"Bedford",NA,"winter","winter.forage"
"BE1155","T6",11,0,2017-03-22,2017-04-06,16,0,16,"Bedford",NA,"spring","winter.forage"
"BE1155","T7",4,0,2017-04-07,2017-04-22,16,10,6,"Bedford",NA,"spring","fawning"
"BE1155","T8",0,0,2017-04-23,2017-05-08,16,16,0,"Bedford",NA,"spring","fawning"
"BE1155","T9",0,0,2017-05-09,2017-05-24,16,16,0,"Bedford",NA,"spring","fawning"
"BE1159","T1",4,2,2017-01-01,2017-01-16,16,0,16,"Bedford",NA,"winter","winter.forage"
"BE1159","T10",9,4,2017-05-25,2017-06-09,16,0,16,"Bedford",NA,"spring","fawning"
"BE1159","T11",1,0,2017-06-10,2017-06-25,16,0,16,"Bedford",NA,"spring","fawning"
"BE1159","T12",0,0,2017-06-26,2017-06-30,5,0,5,"Bedford",NA,"summer","fawning"
"BE1159","T13",4,0,2016-07-01,2016-07-10,10,0,10,"Bedford",NA,"summer","summer.forage"
"BE1159","T14",11,0,2016-07-11,2016-07-26,16,0,16,"Bedford",NA,"summer","summer.forage"
"BE1159","T15",6,0,2016-07-27,2016-08-11,16,0,16,"Bedford",NA,"summer","summer.forage"
"BE1159","T16",6,0,2016-08-12,2016-08-27,16,0,16,"Bedford",NA,"summer","summer.forage"
"BE1159","T17",5,1,2016-08-28,2016-09-12,16,0,16,"Bedford",NA,"summer","summer.forage"
"BE1159","T18",9,4,2016-09-13,2016-09-28,16,0,16,"Bedford",NA,"autumn","summer.forage"
"BE1159","T19",14,2,2016-09-29,2016-10-14,16,0,16,"Bedford",NA,"autumn","rut"
"BE1159","T2",12,0,2017-01-17,2017-02-01,16,0,16,"Bedford",NA,"winter","winter.forage"
"BE1159","T20",11,1,2016-10-15,2016-10-30,16,0,16,"Bedford",NA,"autumn","rut"
"BE1159","T21",15,2,2016-10-31,2016-11-15,16,0,16,"Bedford",NA,"autumn","rut"
"BE1159","T22",11,2,2016-11-16,2016-12-01,16,0,16,"Bedford",NA,"autumn","rut"
"BE1159","T23",9,0,2016-12-02,2016-12-17,16,0,16,"Bedford",NA,"autumn","rut"
"BE1159","T24",4,3,2016-12-18,2016-12-31,14,0,14,"Bedford",NA,"winter","rut"
"BE1159","T3",4,2,2017-02-02,2017-02-17,16,0,16,"Bedford",NA,"winter","winter.forage"
"BE1159","T4",1,1,2017-02-18,2017-03-05,16,0,16,"Bedford",NA,"winter","winter.forage"
"BE1159","T5",3,3,2017-03-06,2017-03-21,16,0,16,"Bedford",NA,"winter","winter.forage"
"BE1159","T6",8,2,2017-03-22,2017-04-06,16,0,16,"Bedford",NA,"spring","winter.forage"
"BE1159","T7",16,1,2017-04-07,2017-04-22,16,0,16,"Bedford",NA,"spring","fawning"
"BE1159","T8",15,2,2017-04-23,2017-05-08,16,0,16,"Bedford",NA,"spring","fawning"
"BE1159","T9",11,0,2017-05-09,2017-05-24,16,0,16,"Bedford",NA,"spring","fawning"
"BE1171","T1",14,9,2017-01-01,2017-01-16,16,0,16,"Bedford",NA,"winter","winter.forage"
"BE1171","T10",10,2,2017-05-25,2017-06-09,16,0,16,"Bedford",NA,"spring","fawning"
"BE1171","T11",5,0,2017-06-10,2017-06-25,16,0,16,"Bedford",NA,"spring","fawning"
"BE1171","T12",0,0,2017-06-26,2017-06-30,5,0,5,"Bedford",NA,"summer","fawning"
"BE1171","T13",7,0,2016-07-01,2016-07-10,10,0,10,"Bedford",NA,"summer","summer.forage"
"BE1171","T14",8,1,2016-07-11,2016-07-26,16,0,16,"Bedford",NA,"summer","summer.forage"
"BE1171","T15",14,0,2016-07-27,2016-08-11,16,0,16,"Bedford",NA,"summer","summer.forage"
"BE1171","T16",14,1,2016-08-12,2016-08-27,16,0,16,"Bedford",NA,"summer","summer.forage"
"BE1171","T17",7,1,2016-08-28,2016-09-12,16,0,16,"Bedford",NA,"summer","summer.forage"
"BE1171","T18",9,0,2016-09-13,2016-09-28,16,0,16,"Bedford",NA,"autumn","summer.forage"
"BE1171","T19",15,1,2016-09-29,2016-10-14,16,0,16,"Bedford",NA,"autumn","rut"
"BE1171","T2",16,12,2017-01-17,2017-02-01,16,0,16,"Bedford",NA,"winter","winter.forage"
"BE1171","T20",7,1,2016-10-15,2016-10-30,16,0,16,"Bedford",NA,"autumn","rut"
"BE1171","T21",30,1,2016-10-31,2016-11-15,16,0,16,"Bedford",NA,"autumn","rut"
"BE1171","T22",16,0,2016-11-16,2016-12-01,16,0,16,"Bedford",NA,"autumn","rut"
"BE1171","T23",14,5,2016-12-02,2016-12-17,16,0,16,"Bedford",NA,"autumn","rut"
"BE1171","T24",18,6,2016-12-18,2016-12-31,14,0,14,"Bedford",NA,"winter","rut"
"BE1171","T3",13,7,2017-02-02,2017-02-17,16,0,16,"Bedford",NA,"winter","winter.forage"
"BE1171","T4",9,6,2017-02-18,2017-03-05,16,0,16,"Bedford",NA,"winter","winter.forage"
"BE1171","T5",5,3,2017-03-06,2017-03-21,16,0,16,"Bedford",NA,"winter","winter.forage"
"BE1171","T6",11,6,2017-03-22,2017-04-06,16,0,16,"Bedford",NA,"spring","winter.forage"
"BE1171","T7",5,4,2017-04-07,2017-04-22,16,0,16,"Bedford",NA,"spring","fawning"
"BE1171","T8",5,5,2017-04-23,2017-05-08,16,0,16,"Bedford",NA,"spring","fawning"
"BE1171","T9",11,1,2017-05-09,2017-05-24,16,0,16,"Bedford",NA,"spring","fawning"
"BE1175","T1",0,0,2017-01-01,2017-01-16,16,0,16,"Bedford",NA,"winter","winter.forage"
"BE1175","T10",4,0,2017-05-25,2017-06-09,16,0,16,"Bedford",NA,"spring","fawning"
"BE1175","T11",3,0,2017-06-10,2017-06-25,16,0,16,"Bedford",NA,"spring","fawning"
"BE1175","T12",0,0,2017-06-26,2017-06-30,5,0,5,"Bedford",NA,"summer","fawning"
"BE1175","T13",1,3,2016-07-01,2016-07-10,10,0,10,"Bedford",NA,"summer","summer.forage"
"BE1175","T14",3,2,2016-07-11,2016-07-26,16,0,16,"Bedford",NA,"summer","summer.forage"
"BE1175","T15",2,1,2016-07-27,2016-08-11,16,0,16,"Bedford",NA,"summer","summer.forage"
"BE1175","T16",2,1,2016-08-12,2016-08-27,16,0,16,"Bedford",NA,"summer","summer.forage"
"BE1175","T17",3,3,2016-08-28,2016-09-12,16,0,16,"Bedford",NA,"summer","summer.forage"
"BE1175","T18",1,0,2016-09-13,2016-09-28,16,0,16,"Bedford",NA,"autumn","summer.forage"
"BE1175","T19",11,2,2016-09-29,2016-10-14,16,0,16,"Bedford",NA,"autumn","rut"
"BE1175","T2",6,1,2017-01-17,2017-02-01,16,0,16,"Bedford",NA,"winter","winter.forage"
"BE1175","T20",9,0,2016-10-15,2016-10-30,16,0,16,"Bedford",NA,"autumn","rut"
"BE1175","T21",4,0,2016-10-31,2016-11-15,16,0,16,"Bedford",NA,"autumn","rut"
"BE1175","T22",3,3,2016-11-16,2016-12-01,16,0,16,"Bedford",NA,"autumn","rut"
"BE1175","T23",0,1,2016-12-02,2016-12-17,16,0,16,"Bedford",NA,"autumn","rut"
"BE1175","T24",1,1,2016-12-18,2016-12-31,14,0,14,"Bedford",NA,"winter","rut"
"BE1175","T3",0,1,2017-02-02,2017-02-17,16,0,16,"Bedford",NA,"winter","winter.forage"
"BE1175","T4",0,2,2017-02-18,2017-03-05,16,0,16,"Bedford",NA,"winter","winter.forage"
"BE1175","T5",2,2,2017-03-06,2017-03-21,16,0,16,"Bedford",NA,"winter","winter.forage"
"BE1175","T6",2,3,2017-03-22,2017-04-06,16,0,16,"Bedford",NA,"spring","winter.forage"
"BE1175","T7",7,0,2017-04-07,2017-04-22,16,0,16,"Bedford",NA,"spring","fawning"
"BE1175","T8",13,3,2017-04-23,2017-05-08,16,0,16,"Bedford",NA,"spring","fawning"
"BE1175","T9",6,0,2017-05-09,2017-05-24,16,0,16,"Bedford",NA,"spring","fawning"
"BE1187","T1",25,5,2017-01-01,2017-01-16,16,0,16,"Bedford",NA,"winter","winter.forage"
"BE1187","T10",25,0,2017-05-25,2017-06-09,16,0,16,"Bedford",NA,"spring","fawning"
"BE1187","T11",13,0,2017-06-10,2017-06-25,16,0,16,"Bedford",NA,"spring","fawning"
"BE1187","T12",0,0,2017-06-26,2017-06-30,5,0,5,"Bedford",NA,"summer","fawning"
"BE1187","T13",19,2,2016-07-01,2016-07-10,10,0,10,"Bedford",NA,"summer","summer.forage"
"BE1187","T14",36,1,2016-07-11,2016-07-26,16,0,16,"Bedford",NA,"summer","summer.forage"
"BE1187","T15",36,2,2016-07-27,2016-08-11,16,0,16,"Bedford",NA,"summer","summer.forage"
"BE1187","T16",56,1,2016-08-12,2016-08-27,16,0,16,"Bedford",NA,"summer","summer.forage"
"BE1187","T17",32,2,2016-08-28,2016-09-12,16,0,16,"Bedford",NA,"summer","summer.forage"
"BE1187","T18",12,1,2016-09-13,2016-09-28,16,0,16,"Bedford",NA,"autumn","summer.forage"
"BE1187","T19",20,1,2016-09-29,2016-10-14,16,0,16,"Bedford",NA,"autumn","rut"
"BE1187","T2",18,0,2017-01-17,2017-02-01,16,0,16,"Bedford",NA,"winter","winter.forage"
"BE1187","T20",11,4,2016-10-15,2016-10-30,16,0,16,"Bedford",NA,"autumn","rut"
"BE1187","T21",25,1,2016-10-31,2016-11-15,16,0,16,"Bedford",NA,"autumn","rut"
"BE1187","T22",20,1,2016-11-16,2016-12-01,16,0,16,"Bedford",NA,"autumn","rut"
"BE1187","T23",10,0,2016-12-02,2016-12-17,16,0,16,"Bedford",NA,"autumn","rut"
"BE1187","T24",17,1,2016-12-18,2016-12-31,14,0,14,"Bedford",NA,"winter","rut"
"BE1187","T3",15,0,2017-02-02,2017-02-17,16,0,16,"Bedford",NA,"winter","winter.forage"
"BE1187","T4",23,2,2017-02-18,2017-03-05,16,0,16,"Bedford",NA,"winter","winter.forage"
"BE1187","T5",5,2,2017-03-06,2017-03-21,16,0,16,"Bedford",NA,"winter","winter.forage"
"BE1187","T6",13,0,2017-03-22,2017-04-06,16,0,16,"Bedford",NA,"spring","winter.forage"
"BE1187","T7",12,1,2017-04-07,2017-04-22,16,0,16,"Bedford",NA,"spring","fawning"
"BE1187","T8",10,0,2017-04-23,2017-05-08,16,0,16,"Bedford",NA,"spring","fawning"
"BE1187","T9",14,2,2017-05-09,2017-05-24,16,0,16,"Bedford",NA,"spring","fawning"
"BE1191","T1",7,0,2017-01-01,2017-01-16,16,0,16,"Bedford",NA,"winter","winter.forage"
"BE1191","T10",0,0,2017-05-25,2017-06-09,16,16,0,"Bedford",NA,"spring","fawning"
"BE1191","T11",0,0,2017-06-10,2017-06-25,16,16,0,"Bedford",NA,"spring","fawning"
"BE1191","T12",0,0,2017-06-26,2017-06-30,5,4,1,"Bedford",NA,"summer","fawning"
"BE1191","T13",4,0,2016-07-01,2016-07-10,10,0,10,"Bedford",NA,"summer","summer.forage"
"BE1191","T14",5,0,2016-07-11,2016-07-26,16,0,16,"Bedford",NA,"summer","summer.forage"
"BE1191","T15",5,0,2016-07-27,2016-08-11,16,0,16,"Bedford",NA,"summer","summer.forage"
"BE1191","T16",11,0,2016-08-12,2016-08-27,16,0,16,"Bedford",NA,"summer","summer.forage"
"BE1191","T17",8,0,2016-08-28,2016-09-12,16,0,16,"Bedford",NA,"summer","summer.forage"
"BE1191","T18",5,0,2016-09-13,2016-09-28,16,0,16,"Bedford",NA,"autumn","summer.forage"
"BE1191","T19",4,0,2016-09-29,2016-10-14,16,0,16,"Bedford",NA,"autumn","rut"
"BE1191","T2",6,1,2017-01-17,2017-02-01,16,0,16,"Bedford",NA,"winter","winter.forage"
"BE1191","T20",4,0,2016-10-15,2016-10-30,16,0,16,"Bedford",NA,"autumn","rut"
"BE1191","T21",5,0,2016-10-31,2016-11-15,16,0,16,"Bedford",NA,"autumn","rut"
"BE1191","T22",0,0,2016-11-16,2016-12-01,16,0,16,"Bedford",NA,"autumn","rut"
"BE1191","T23",1,1,2016-12-02,2016-12-17,16,0,16,"Bedford",NA,"autumn","rut"
"BE1191","T24",1,1,2016-12-18,2016-12-31,14,0,14,"Bedford",NA,"winter","rut"
"BE1191","T3",4,0,2017-02-02,2017-02-17,16,0,16,"Bedford",NA,"winter","winter.forage"
"BE1191","T4",1,0,2017-02-18,2017-03-05,16,0,16,"Bedford",NA,"winter","winter.forage"
"BE1191","T5",1,0,2017-03-06,2017-03-21,16,0,16,"Bedford",NA,"winter","winter.forage"
"BE1191","T6",2,3,2017-03-22,2017-04-06,16,0,16,"Bedford",NA,"spring","winter.forage"
"BE1191","T7",0,0,2017-04-07,2017-04-22,16,15,1,"Bedford",NA,"spring","fawning"
"BE1191","T8",0,0,2017-04-23,2017-05-08,16,16,0,"Bedford",NA,"spring","fawning"
"BE1191","T9",0,0,2017-05-09,2017-05-24,16,16,0,"Bedford",NA,"spring","fawning"
"BE1196","T1",2,1,2017-01-01,2017-01-16,16,0,16,"Bedford",NA,"winter","winter.forage"
"BE1196","T10",11,0,2017-05-25,2017-06-09,16,0,16,"Bedford",NA,"spring","fawning"
"BE1196","T11",10,0,2017-06-10,2017-06-25,16,0,16,"Bedford",NA,"spring","fawning"
"BE1196","T12",0,0,2017-06-26,2017-06-30,5,0,5,"Bedford",NA,"summer","fawning"
"BE1196","T13",5,0,2016-07-01,2016-07-10,10,0,10,"Bedford",NA,"summer","summer.forage"
"BE1196","T14",3,0,2016-07-11,2016-07-26,16,0,16,"Bedford",NA,"summer","summer.forage"
"BE1196","T15",16,1,2016-07-27,2016-08-11,16,0,16,"Bedford",NA,"summer","summer.forage"
"BE1196","T16",9,1,2016-08-12,2016-08-27,16,0,16,"Bedford",NA,"summer","summer.forage"
"BE1196","T17",6,0,2016-08-28,2016-09-12,16,0,16,"Bedford",NA,"summer","summer.forage"
"BE1196","T18",3,0,2016-09-13,2016-09-28,16,0,16,"Bedford",NA,"autumn","summer.forage"
"BE1196","T19",13,0,2016-09-29,2016-10-14,16,0,16,"Bedford",NA,"autumn","rut"
"BE1196","T2",9,0,2017-01-17,2017-02-01,16,0,16,"Bedford",NA,"winter","winter.forage"
"BE1196","T20",13,1,2016-10-15,2016-10-30,16,0,16,"Bedford",NA,"autumn","rut"
"BE1196","T21",12,0,2016-10-31,2016-11-15,16,0,16,"Bedford",NA,"autumn","rut"
"BE1196","T22",15,3,2016-11-16,2016-12-01,16,0,16,"Bedford",NA,"autumn","rut"
"BE1196","T23",5,2,2016-12-02,2016-12-17,16,0,16,"Bedford",NA,"autumn","rut"
"BE1196","T24",8,1,2016-12-18,2016-12-31,14,0,14,"Bedford",NA,"winter","rut"
"BE1196","T3",4,0,2017-02-02,2017-02-17,16,0,16,"Bedford",NA,"winter","winter.forage"
"BE1196","T4",2,0,2017-02-18,2017-03-05,16,0,16,"Bedford",NA,"winter","winter.forage"
"BE1196","T5",1,0,2017-03-06,2017-03-21,16,0,16,"Bedford",NA,"winter","winter.forage"
"BE1196","T6",9,2,2017-03-22,2017-04-06,16,0,16,"Bedford",NA,"spring","winter.forage"
"BE1196","T7",8,0,2017-04-07,2017-04-22,16,0,16,"Bedford",NA,"spring","fawning"
"BE1196","T8",11,0,2017-04-23,2017-05-08,16,0,16,"Bedford",NA,"spring","fawning"
"BE1196","T9",11,0,2017-05-09,2017-05-24,16,0,16,"Bedford",NA,"spring","fawning"
"BK1088","T1",0,0,2017-01-01,2017-01-16,16,16,0,"Brookside",NA,"winter","winter.forage"
"BK1088","T10",0,0,2017-05-25,2017-06-09,16,16,0,"Brookside",NA,"spring","fawning"
"BK1088","T11",0,0,2017-06-10,2017-06-25,16,16,0,"Brookside",NA,"spring","fawning"
"BK1088","T12",0,0,2017-06-26,2017-06-30,5,4,1,"Brookside",NA,"summer","fawning"
"BK1088","T13",6,1,2016-07-01,2016-07-10,10,0,10,"Brookside",NA,"summer","summer.forage"
"BK1088","T14",8,0,2016-07-11,2016-07-26,16,0,16,"Brookside",NA,"summer","summer.forage"
"BK1088","T15",6,0,2016-07-27,2016-08-11,16,0,16,"Brookside",NA,"summer","summer.forage"
"BK1088","T16",8,0,2016-08-12,2016-08-27,16,0,16,"Brookside",NA,"summer","summer.forage"
"BK1088","T17",11,0,2016-08-28,2016-09-12,16,0,16,"Brookside",NA,"summer","summer.forage"
"BK1088","T18",5,1,2016-09-13,2016-09-28,16,0,16,"Brookside",NA,"autumn","summer.forage"
"BK1088","T19",9,0,2016-09-29,2016-10-14,16,0,16,"Brookside",NA,"autumn","rut"
"BK1088","T2",0,0,2017-01-17,2017-02-01,16,16,0,"Brookside",NA,"winter","winter.forage"
"BK1088","T20",2,0,2016-10-15,2016-10-30,16,12,4,"Brookside",NA,"autumn","rut"
"BK1088","T21",0,0,2016-10-31,2016-11-15,16,16,0,"Brookside",NA,"autumn","rut"
"BK1088","T22",0,0,2016-11-16,2016-12-01,16,16,0,"Brookside",NA,"autumn","rut"
"BK1088","T23",0,0,2016-12-02,2016-12-17,16,16,0,"Brookside",NA,"autumn","rut"
"BK1088","T24",0,0,2016-12-18,2016-12-31,14,14,0,"Brookside",NA,"winter","rut"
"BK1088","T3",0,0,2017-02-02,2017-02-17,16,16,0,"Brookside",NA,"winter","winter.forage"
"BK1088","T4",0,0,2017-02-18,2017-03-05,16,16,0,"Brookside",NA,"winter","winter.forage"
"BK1088","T5",0,0,2017-03-06,2017-03-21,16,16,0,"Brookside",NA,"winter","winter.forage"
"BK1088","T6",0,0,2017-03-22,2017-04-06,16,16,0,"Brookside",NA,"spring","winter.forage"
"BK1088","T7",0,0,2017-04-07,2017-04-22,16,16,0,"Brookside",NA,"spring","fawning"
"BK1088","T8",0,0,2017-04-23,2017-05-08,16,16,0,"Brookside",NA,"spring","fawning"
"BK1088","T9",0,0,2017-05-09,2017-05-24,16,16,0,"Brookside",NA,"spring","fawning"
"BK1152","T1",3,0,2017-01-01,2017-01-16,16,0,16,"Brookside",NA,"winter","winter.forage"
"BK1152","T10",5,0,2017-05-25,2017-06-09,16,0,16,"Brookside",NA,"spring","fawning"
"BK1152","T11",0,0,2017-06-10,2017-06-25,16,0,16,"Brookside",NA,"spring","fawning"
"BK1152","T12",0,0,2017-06-26,2017-06-30,5,0,5,"Brookside",NA,"summer","fawning"
"BK1152","T13",0,0,2016-07-01,2016-07-10,10,0,10,"Brookside",NA,"summer","summer.forage"
"BK1152","T14",0,0,2016-07-11,2016-07-26,16,0,16,"Brookside",NA,"summer","summer.forage"
"BK1152","T15",1,0,2016-07-27,2016-08-11,16,0,16,"Brookside",NA,"summer","summer.forage"
"BK1152","T16",0,0,2016-08-12,2016-08-27,16,0,16,"Brookside",NA,"summer","summer.forage"
"BK1152","T17",0,0,2016-08-28,2016-09-12,16,0,16,"Brookside",NA,"summer","summer.forage"
"BK1152","T18",2,0,2016-09-13,2016-09-28,16,0,16,"Brookside",NA,"autumn","summer.forage"
"BK1152","T19",0,0,2016-09-29,2016-10-14,16,0,16,"Brookside",NA,"autumn","rut"
"BK1152","T2",3,0,2017-01-17,2017-02-01,16,0,16,"Brookside",NA,"winter","winter.forage"
"BK1152","T20",3,0,2016-10-15,2016-10-30,16,0,16,"Brookside",NA,"autumn","rut"
"BK1152","T21",3,0,2016-10-31,2016-11-15,16,0,16,"Brookside",NA,"autumn","rut"
"BK1152","T22",0,1,2016-11-16,2016-12-01,16,0,16,"Brookside",NA,"autumn","rut"
"BK1152","T23",2,0,2016-12-02,2016-12-17,16,0,16,"Brookside",NA,"autumn","rut"
"BK1152","T24",1,2,2016-12-18,2016-12-31,14,0,14,"Brookside",NA,"winter","rut"
"BK1152","T3",2,0,2017-02-02,2017-02-17,16,0,16,"Brookside",NA,"winter","winter.forage"
"BK1152","T4",3,0,2017-02-18,2017-03-05,16,0,16,"Brookside",NA,"winter","winter.forage"
"BK1152","T5",1,0,2017-03-06,2017-03-21,16,0,16,"Brookside",NA,"winter","winter.forage"
"BK1152","T6",1,0,2017-03-22,2017-04-06,16,0,16,"Brookside",NA,"spring","winter.forage"
"BK1152","T7",0,0,2017-04-07,2017-04-22,16,0,16,"Brookside",NA,"spring","fawning"
"BK1152","T8",0,0,2017-04-23,2017-05-08,16,0,16,"Brookside",NA,"spring","fawning"
"BK1152","T9",1,0,2017-05-09,2017-05-24,16,0,16,"Brookside",NA,"spring","fawning"
"BK1200","T1",0,0,2017-01-01,2017-01-16,16,0,16,"Brookside",NA,"winter","winter.forage"
"BK1200","T10",0,0,2017-05-25,2017-06-09,16,0,16,"Brookside",NA,"spring","fawning"
"BK1200","T11",0,0,2017-06-10,2017-06-25,16,0,16,"Brookside",NA,"spring","fawning"
"BK1200","T12",0,0,2017-06-26,2017-06-30,5,0,5,"Brookside",NA,"summer","fawning"
"BK1200","T13",0,0,2016-07-01,2016-07-10,10,0,10,"Brookside",NA,"summer","summer.forage"
"BK1200","T14",0,0,2016-07-11,2016-07-26,16,0,16,"Brookside",NA,"summer","summer.forage"
"BK1200","T15",0,0,2016-07-27,2016-08-11,16,0,16,"Brookside",NA,"summer","summer.forage"
"BK1200","T16",0,0,2016-08-12,2016-08-27,16,0,16,"Brookside",NA,"summer","summer.forage"
"BK1200","T17",0,0,2016-08-28,2016-09-12,16,0,16,"Brookside",NA,"summer","summer.forage"
"BK1200","T18",0,0,2016-09-13,2016-09-28,16,0,16,"Brookside",NA,"autumn","summer.forage"
"BK1200","T19",0,0,2016-09-29,2016-10-14,16,0,16,"Brookside",NA,"autumn","rut"
"BK1200","T2",0,0,2017-01-17,2017-02-01,16,0,16,"Brookside",NA,"winter","winter.forage"
"BK1200","T20",2,0,2016-10-15,2016-10-30,16,0,16,"Brookside",NA,"autumn","rut"
"BK1200","T21",6,0,2016-10-31,2016-11-15,16,0,16,"Brookside",NA,"autumn","rut"
"BK1200","T22",0,0,2016-11-16,2016-12-01,16,0,16,"Brookside",NA,"autumn","rut"
"BK1200","T23",0,0,2016-12-02,2016-12-17,16,0,16,"Brookside",NA,"autumn","rut"
"BK1200","T24",0,0,2016-12-18,2016-12-31,14,0,14,"Brookside",NA,"winter","rut"
"BK1200","T3",0,0,2017-02-02,2017-02-17,16,0,16,"Brookside",NA,"winter","winter.forage"
"BK1200","T4",0,0,2017-02-18,2017-03-05,16,0,16,"Brookside",NA,"winter","winter.forage"
"BK1200","T5",0,0,2017-03-06,2017-03-21,16,0,16,"Brookside",NA,"winter","winter.forage"
"BK1200","T6",0,0,2017-03-22,2017-04-06,16,0,16,"Brookside",NA,"spring","winter.forage"
"BK1200","T7",0,0,2017-04-07,2017-04-22,16,0,16,"Brookside",NA,"spring","fawning"
"BK1200","T8",0,0,2017-04-23,2017-05-08,16,0,16,"Brookside",NA,"spring","fawning"
"BK1200","T9",0,0,2017-05-09,2017-05-24,16,0,16,"Brookside",NA,"spring","fawning"
"BR1013","T1",22,0,2017-01-01,2017-01-16,16,0,16,"Brecksville",NA,"winter","winter.forage"
"BR1013","T10",24,3,2017-05-25,2017-06-09,16,0,16,"Brecksville",NA,"spring","fawning"
"BR1013","T11",5,0,2017-06-10,2017-06-25,16,0,16,"Brecksville",NA,"spring","fawning"
"BR1013","T12",0,0,2017-06-26,2017-06-30,5,0,5,"Brecksville",NA,"summer","fawning"
"BR1013","T13",12,1,2016-07-01,2016-07-10,10,0,10,"Brecksville",NA,"summer","summer.forage"
"BR1013","T14",28,0,2016-07-11,2016-07-26,16,0,16,"Brecksville",NA,"summer","summer.forage"
"BR1013","T15",32,0,2016-07-27,2016-08-11,16,0,16,"Brecksville",NA,"summer","summer.forage"
"BR1013","T16",23,3,2016-08-12,2016-08-27,16,0,16,"Brecksville",NA,"summer","summer.forage"
"BR1013","T17",13,2,2016-08-28,2016-09-12,16,0,16,"Brecksville",NA,"summer","summer.forage"
"BR1013","T18",15,1,2016-09-13,2016-09-28,16,0,16,"Brecksville",NA,"autumn","summer.forage"
"BR1013","T19",12,2,2016-09-29,2016-10-14,16,0,16,"Brecksville",NA,"autumn","rut"
"BR1013","T2",8,1,2017-01-17,2017-02-01,16,0,16,"Brecksville",NA,"winter","winter.forage"
"BR1013","T20",21,1,2016-10-15,2016-10-30,16,0,16,"Brecksville",NA,"autumn","rut"
"BR1013","T21",39,0,2016-10-31,2016-11-15,16,0,16,"Brecksville",NA,"autumn","rut"
"BR1013","T22",16,1,2016-11-16,2016-12-01,16,0,16,"Brecksville",NA,"autumn","rut"
"BR1013","T23",12,0,2016-12-02,2016-12-17,16,0,16,"Brecksville",NA,"autumn","rut"
"BR1013","T24",4,0,2016-12-18,2016-12-31,14,0,14,"Brecksville",NA,"winter","rut"
"BR1013","T3",19,1,2017-02-02,2017-02-17,16,0,16,"Brecksville",NA,"winter","winter.forage"
"BR1013","T4",10,1,2017-02-18,2017-03-05,16,0,16,"Brecksville",NA,"winter","winter.forage"
"BR1013","T5",17,0,2017-03-06,2017-03-21,16,0,16,"Brecksville",NA,"winter","winter.forage"
"BR1013","T6",12,0,2017-03-22,2017-04-06,16,0,16,"Brecksville",NA,"spring","winter.forage"
"BR1013","T7",15,0,2017-04-07,2017-04-22,16,0,16,"Brecksville",NA,"spring","fawning"
"BR1013","T8",18,0,2017-04-23,2017-05-08,16,0,16,"Brecksville",NA,"spring","fawning"
"BR1013","T9",13,0,2017-05-09,2017-05-24,16,0,16,"Brecksville",NA,"spring","fawning"
"BR1023","T1",3,0,2017-01-01,2017-01-16,16,0,16,"Brecksville",NA,"winter","winter.forage"
"BR1023","T10",15,0,2017-05-25,2017-06-09,16,0,16,"Brecksville",NA,"spring","fawning"
"BR1023","T11",6,0,2017-06-10,2017-06-25,16,0,16,"Brecksville",NA,"spring","fawning"
"BR1023","T12",0,0,2017-06-26,2017-06-30,5,0,5,"Brecksville",NA,"summer","fawning"
"BR1023","T13",2,0,2016-07-01,2016-07-10,10,0,10,"Brecksville",NA,"summer","summer.forage"
"BR1023","T14",2,1,2016-07-11,2016-07-26,16,0,16,"Brecksville",NA,"summer","summer.forage"
"BR1023","T15",4,3,2016-07-27,2016-08-11,16,0,16,"Brecksville",NA,"summer","summer.forage"
"BR1023","T16",8,0,2016-08-12,2016-08-27,16,0,16,"Brecksville",NA,"summer","summer.forage"
"BR1023","T17",17,2,2016-08-28,2016-09-12,16,0,16,"Brecksville",NA,"summer","summer.forage"
"BR1023","T18",5,1,2016-09-13,2016-09-28,16,0,16,"Brecksville",NA,"autumn","summer.forage"
"BR1023","T19",2,0,2016-09-29,2016-10-14,16,0,16,"Brecksville",NA,"autumn","rut"
"BR1023","T2",9,0,2017-01-17,2017-02-01,16,0,16,"Brecksville",NA,"winter","winter.forage"
"BR1023","T20",2,0,2016-10-15,2016-10-30,16,0,16,"Brecksville",NA,"autumn","rut"
"BR1023","T21",9,2,2016-10-31,2016-11-15,16,0,16,"Brecksville",NA,"autumn","rut"
"BR1023","T22",8,0,2016-11-16,2016-12-01,16,0,16,"Brecksville",NA,"autumn","rut"
"BR1023","T23",1,1,2016-12-02,2016-12-17,16,0,16,"Brecksville",NA,"autumn","rut"
"BR1023","T24",1,1,2016-12-18,2016-12-31,14,0,14,"Brecksville",NA,"winter","rut"
"BR1023","T3",6,2,2017-02-02,2017-02-17,16,0,16,"Brecksville",NA,"winter","winter.forage"
"BR1023","T4",4,0,2017-02-18,2017-03-05,16,0,16,"Brecksville",NA,"winter","winter.forage"
"BR1023","T5",7,1,2017-03-06,2017-03-21,16,0,16,"Brecksville",NA,"winter","winter.forage"
"BR1023","T6",1,0,2017-03-22,2017-04-06,16,0,16,"Brecksville",NA,"spring","winter.forage"
"BR1023","T7",5,0,2017-04-07,2017-04-22,16,0,16,"Brecksville",NA,"spring","fawning"
"BR1023","T8",7,0,2017-04-23,2017-05-08,16,0,16,"Brecksville",NA,"spring","fawning"
"BR1023","T9",4,1,2017-05-09,2017-05-24,16,0,16,"Brecksville",NA,"spring","fawning"
"BR1025","T1",0,0,2017-01-01,2017-01-16,16,0,16,"Brecksville",NA,"winter","winter.forage"
"BR1025","T10",2,0,2017-05-25,2017-06-09,16,0,16,"Brecksville",NA,"spring","fawning"
"BR1025","T11",1,0,2017-06-10,2017-06-25,16,0,16,"Brecksville",NA,"spring","fawning"
"BR1025","T12",0,0,2017-06-26,2017-06-30,5,0,5,"Brecksville",NA,"summer","fawning"
"BR1025","T13",1,0,2016-07-01,2016-07-10,10,0,10,"Brecksville",NA,"summer","summer.forage"
"BR1025","T14",1,0,2016-07-11,2016-07-26,16,0,16,"Brecksville",NA,"summer","summer.forage"
"BR1025","T15",1,0,2016-07-27,2016-08-11,16,0,16,"Brecksville",NA,"summer","summer.forage"
"BR1025","T16",1,0,2016-08-12,2016-08-27,16,0,16,"Brecksville",NA,"summer","summer.forage"
"BR1025","T17",7,0,2016-08-28,2016-09-12,16,0,16,"Brecksville",NA,"summer","summer.forage"
"BR1025","T18",1,0,2016-09-13,2016-09-28,16,0,16,"Brecksville",NA,"autumn","summer.forage"
"BR1025","T19",4,1,2016-09-29,2016-10-14,16,0,16,"Brecksville",NA,"autumn","rut"
"BR1025","T2",0,0,2017-01-17,2017-02-01,16,0,16,"Brecksville",NA,"winter","winter.forage"
"BR1025","T20",13,0,2016-10-15,2016-10-30,16,0,16,"Brecksville",NA,"autumn","rut"
"BR1025","T21",1,0,2016-10-31,2016-11-15,16,0,16,"Brecksville",NA,"autumn","rut"
"BR1025","T22",0,0,2016-11-16,2016-12-01,16,0,16,"Brecksville",NA,"autumn","rut"
"BR1025","T23",3,0,2016-12-02,2016-12-17,16,0,16,"Brecksville",NA,"autumn","rut"
"BR1025","T24",1,0,2016-12-18,2016-12-31,14,0,14,"Brecksville",NA,"winter","rut"
"BR1025","T3",5,0,2017-02-02,2017-02-17,16,0,16,"Brecksville",NA,"winter","winter.forage"
"BR1025","T4",0,0,2017-02-18,2017-03-05,16,0,16,"Brecksville",NA,"winter","winter.forage"
"BR1025","T5",0,1,2017-03-06,2017-03-21,16,0,16,"Brecksville",NA,"winter","winter.forage"
"BR1025","T6",0,0,2017-03-22,2017-04-06,16,0,16,"Brecksville",NA,"spring","winter.forage"
"BR1025","T7",0,0,2017-04-07,2017-04-22,16,0,16,"Brecksville",NA,"spring","fawning"
"BR1025","T8",1,0,2017-04-23,2017-05-08,16,0,16,"Brecksville",NA,"spring","fawning"
"BR1025","T9",1,0,2017-05-09,2017-05-24,16,0,16,"Brecksville",NA,"spring","fawning"
"BR1029","T1",4,8,2017-01-01,2017-01-16,16,1,15,"Brecksville",NA,"winter","winter.forage"
"BR1029","T10",16,1,2017-05-25,2017-06-09,16,0,16,"Brecksville",NA,"spring","fawning"
"BR1029","T11",9,0,2017-06-10,2017-06-25,16,0,16,"Brecksville",NA,"spring","fawning"
"BR1029","T12",6,1,2017-06-26,2017-06-30,5,0,5,"Brecksville",NA,"summer","fawning"
"BR1029","T13",2,0,2016-07-01,2016-07-10,10,0,10,"Brecksville",NA,"summer","summer.forage"
"BR1029","T14",8,0,2016-07-11,2016-07-26,16,0,16,"Brecksville",NA,"summer","summer.forage"
"BR1029","T15",10,0,2016-07-27,2016-08-11,16,0,16,"Brecksville",NA,"summer","summer.forage"
"BR1029","T16",5,2,2016-08-12,2016-08-27,16,0,16,"Brecksville",NA,"summer","summer.forage"
"BR1029","T17",1,0,2016-08-28,2016-09-12,16,0,16,"Brecksville",NA,"summer","summer.forage"
"BR1029","T18",4,0,2016-09-13,2016-09-28,16,0,16,"Brecksville",NA,"autumn","summer.forage"
"BR1029","T19",8,2,2016-09-29,2016-10-14,16,0,16,"Brecksville",NA,"autumn","rut"
"BR1029","T2",0,0,2017-01-17,2017-02-01,16,16,0,"Brecksville",NA,"winter","winter.forage"
"BR1029","T20",24,4,2016-10-15,2016-10-30,16,0,16,"Brecksville",NA,"autumn","rut"
"BR1029","T21",50,4,2016-10-31,2016-11-15,16,0,16,"Brecksville",NA,"autumn","rut"
"BR1029","T22",16,2,2016-11-16,2016-12-01,16,0,16,"Brecksville",NA,"autumn","rut"
"BR1029","T23",18,6,2016-12-02,2016-12-17,16,0,16,"Brecksville",NA,"autumn","rut"
"BR1029","T24",4,9,2016-12-18,2016-12-31,14,0,14,"Brecksville",NA,"winter","rut"
"BR1029","T3",0,0,2017-02-02,2017-02-17,16,16,0,"Brecksville",NA,"winter","winter.forage"
"BR1029","T4",0,0,2017-02-18,2017-03-05,16,16,0,"Brecksville",NA,"winter","winter.forage"
"BR1029","T5",0,2,2017-03-06,2017-03-21,16,10,6,"Brecksville",NA,"winter","winter.forage"
"BR1029","T6",6,5,2017-03-22,2017-04-06,16,0,16,"Brecksville",NA,"spring","winter.forage"
"BR1029","T7",17,4,2017-04-07,2017-04-22,16,0,16,"Brecksville",NA,"spring","fawning"
"BR1029","T8",39,2,2017-04-23,2017-05-08,16,0,16,"Brecksville",NA,"spring","fawning"
"BR1029","T9",20,0,2017-05-09,2017-05-24,16,0,16,"Brecksville",NA,"spring","fawning"
"BR1041","T1",1,0,2017-01-01,2017-01-16,16,0,16,"Brecksville",NA,"winter","winter.forage"
"BR1041","T10",0,0,2017-05-25,2017-06-09,16,0,16,"Brecksville",NA,"spring","fawning"
"BR1041","T11",1,0,2017-06-10,2017-06-25,16,0,16,"Brecksville",NA,"spring","fawning"
"BR1041","T12",0,0,2017-06-26,2017-06-30,5,0,5,"Brecksville",NA,"summer","fawning"
"BR1041","T13",1,1,2016-07-01,2016-07-10,10,0,10,"Brecksville",NA,"summer","summer.forage"
"BR1041","T14",0,0,2016-07-11,2016-07-26,16,0,16,"Brecksville",NA,"summer","summer.forage"
"BR1041","T15",0,1,2016-07-27,2016-08-11,16,0,16,"Brecksville",NA,"summer","summer.forage"
"BR1041","T16",1,0,2016-08-12,2016-08-27,16,0,16,"Brecksville",NA,"summer","summer.forage"
"BR1041","T17",1,0,2016-08-28,2016-09-12,16,0,16,"Brecksville",NA,"summer","summer.forage"
"BR1041","T18",1,0,2016-09-13,2016-09-28,16,0,16,"Brecksville",NA,"autumn","summer.forage"
"BR1041","T19",1,0,2016-09-29,2016-10-14,16,0,16,"Brecksville",NA,"autumn","rut"
"BR1041","T2",1,0,2017-01-17,2017-02-01,16,0,16,"Brecksville",NA,"winter","winter.forage"
"BR1041","T20",6,1,2016-10-15,2016-10-30,16,0,16,"Brecksville",NA,"autumn","rut"
"BR1041","T21",4,0,2016-10-31,2016-11-15,16,0,16,"Brecksville",NA,"autumn","rut"
"BR1041","T22",3,1,2016-11-16,2016-12-01,16,0,16,"Brecksville",NA,"autumn","rut"
"BR1041","T23",2,0,2016-12-02,2016-12-17,16,0,16,"Brecksville",NA,"autumn","rut"
"BR1041","T24",1,0,2016-12-18,2016-12-31,14,0,14,"Brecksville",NA,"winter","rut"
"BR1041","T3",1,0,2017-02-02,2017-02-17,16,0,16,"Brecksville",NA,"winter","winter.forage"
"BR1041","T4",0,0,2017-02-18,2017-03-05,16,0,16,"Brecksville",NA,"winter","winter.forage"
"BR1041","T5",0,1,2017-03-06,2017-03-21,16,0,16,"Brecksville",NA,"winter","winter.forage"
"BR1041","T6",0,0,2017-03-22,2017-04-06,16,0,16,"Brecksville",NA,"spring","winter.forage"
"BR1041","T7",0,0,2017-04-07,2017-04-22,16,0,16,"Brecksville",NA,"spring","fawning"
"BR1041","T8",4,0,2017-04-23,2017-05-08,16,0,16,"Brecksville",NA,"spring","fawning"
"BR1041","T9",3,0,2017-05-09,2017-05-24,16,0,16,"Brecksville",NA,"spring","fawning"
"BR1043","T1",7,3,2017-01-01,2017-01-16,16,0,16,"Brecksville",NA,"winter","winter.forage"
"BR1043","T10",17,0,2017-05-25,2017-06-09,16,0,16,"Brecksville",NA,"spring","fawning"
"BR1043","T11",13,0,2017-06-10,2017-06-25,16,0,16,"Brecksville",NA,"spring","fawning"
"BR1043","T12",14,0,2017-06-26,2017-06-30,5,0,5,"Brecksville",NA,"summer","fawning"
"BR1043","T13",13,0,2016-07-01,2016-07-10,10,0,10,"Brecksville",NA,"summer","summer.forage"
"BR1043","T14",32,0,2016-07-11,2016-07-26,16,0,16,"Brecksville",NA,"summer","summer.forage"
"BR1043","T15",17,2,2016-07-27,2016-08-11,16,0,16,"Brecksville",NA,"summer","summer.forage"
"BR1043","T16",12,1,2016-08-12,2016-08-27,16,0,16,"Brecksville",NA,"summer","summer.forage"
"BR1043","T17",13,0,2016-08-28,2016-09-12,16,0,16,"Brecksville",NA,"summer","summer.forage"
"BR1043","T18",4,1,2016-09-13,2016-09-28,16,0,16,"Brecksville",NA,"autumn","summer.forage"
"BR1043","T19",15,3,2016-09-29,2016-10-14,16,0,16,"Brecksville",NA,"autumn","rut"
"BR1043","T2",6,5,2017-01-17,2017-02-01,16,0,16,"Brecksville",NA,"winter","winter.forage"
"BR1043","T20",12,1,2016-10-15,2016-10-30,16,0,16,"Brecksville",NA,"autumn","rut"
"BR1043","T21",10,5,2016-10-31,2016-11-15,16,0,16,"Brecksville",NA,"autumn","rut"
"BR1043","T22",13,1,2016-11-16,2016-12-01,16,0,16,"Brecksville",NA,"autumn","rut"
"BR1043","T23",5,2,2016-12-02,2016-12-17,16,0,16,"Brecksville",NA,"autumn","rut"
"BR1043","T24",11,5,2016-12-18,2016-12-31,14,0,14,"Brecksville",NA,"winter","rut"
"BR1043","T3",1,5,2017-02-02,2017-02-17,16,0,16,"Brecksville",NA,"winter","winter.forage"
"BR1043","T4",4,1,2017-02-18,2017-03-05,16,0,16,"Brecksville",NA,"winter","winter.forage"
"BR1043","T5",5,3,2017-03-06,2017-03-21,16,0,16,"Brecksville",NA,"winter","winter.forage"
"BR1043","T6",20,2,2017-03-22,2017-04-06,16,0,16,"Brecksville",NA,"spring","winter.forage"
"BR1043","T7",20,1,2017-04-07,2017-04-22,16,0,16,"Brecksville",NA,"spring","fawning"
"BR1043","T8",16,0,2017-04-23,2017-05-08,16,0,16,"Brecksville",NA,"spring","fawning"
"BR1043","T9",22,0,2017-05-09,2017-05-24,16,0,16,"Brecksville",NA,"spring","fawning"
"BR1045","T1",6,0,2017-01-01,2017-01-16,16,0,16,"Brecksville",NA,"winter","winter.forage"
"BR1045","T10",2,0,2017-05-25,2017-06-09,16,0,16,"Brecksville",NA,"spring","fawning"
"BR1045","T11",2,1,2017-06-10,2017-06-25,16,0,16,"Brecksville",NA,"spring","fawning"
"BR1045","T12",1,0,2017-06-26,2017-06-30,5,0,5,"Brecksville",NA,"summer","fawning"
"BR1045","T13",2,0,2016-07-01,2016-07-10,10,0,10,"Brecksville",NA,"summer","summer.forage"
"BR1045","T14",0,0,2016-07-11,2016-07-26,16,0,16,"Brecksville",NA,"summer","summer.forage"
"BR1045","T15",2,0,2016-07-27,2016-08-11,16,0,16,"Brecksville",NA,"summer","summer.forage"
"BR1045","T16",1,0,2016-08-12,2016-08-27,16,0,16,"Brecksville",NA,"summer","summer.forage"
"BR1045","T17",2,2,2016-08-28,2016-09-12,16,0,16,"Brecksville",NA,"summer","summer.forage"
"BR1045","T18",2,1,2016-09-13,2016-09-28,16,0,16,"Brecksville",NA,"autumn","summer.forage"
"BR1045","T19",9,2,2016-09-29,2016-10-14,16,0,16,"Brecksville",NA,"autumn","rut"
"BR1045","T2",11,1,2017-01-17,2017-02-01,16,0,16,"Brecksville",NA,"winter","winter.forage"
"BR1045","T20",5,0,2016-10-15,2016-10-30,16,0,16,"Brecksville",NA,"autumn","rut"
"BR1045","T21",6,0,2016-10-31,2016-11-15,16,0,16,"Brecksville",NA,"autumn","rut"
"BR1045","T22",4,0,2016-11-16,2016-12-01,16,0,16,"Brecksville",NA,"autumn","rut"
"BR1045","T23",3,1,2016-12-02,2016-12-17,16,0,16,"Brecksville",NA,"autumn","rut"
"BR1045","T24",3,0,2016-12-18,2016-12-31,14,0,14,"Brecksville",NA,"winter","rut"
"BR1045","T3",9,0,2017-02-02,2017-02-17,16,0,16,"Brecksville",NA,"winter","winter.forage"
"BR1045","T4",6,0,2017-02-18,2017-03-05,16,0,16,"Brecksville",NA,"winter","winter.forage"
"BR1045","T5",4,0,2017-03-06,2017-03-21,16,0,16,"Brecksville",NA,"winter","winter.forage"
"BR1045","T6",0,0,2017-03-22,2017-04-06,16,0,16,"Brecksville",NA,"spring","winter.forage"
"BR1045","T7",1,0,2017-04-07,2017-04-22,16,0,16,"Brecksville",NA,"spring","fawning"
"BR1045","T8",1,0,2017-04-23,2017-05-08,16,0,16,"Brecksville",NA,"spring","fawning"
"BR1045","T9",0,0,2017-05-09,2017-05-24,16,0,16,"Brecksville",NA,"spring","fawning"
"BR1057","T1",6,0,2017-01-01,2017-01-16,16,0,16,"Brecksville",NA,"winter","winter.forage"
"BR1057","T10",3,0,2017-05-25,2017-06-09,16,0,16,"Brecksville",NA,"spring","fawning"
"BR1057","T11",0,0,2017-06-10,2017-06-25,16,0,16,"Brecksville",NA,"spring","fawning"
"BR1057","T12",0,0,2017-06-26,2017-06-30,5,0,5,"Brecksville",NA,"summer","fawning"
"BR1057","T13",0,0,2016-07-01,2016-07-10,10,0,10,"Brecksville",NA,"summer","summer.forage"
"BR1057","T14",9,0,2016-07-11,2016-07-26,16,0,16,"Brecksville",NA,"summer","summer.forage"
"BR1057","T15",4,1,2016-07-27,2016-08-11,16,0,16,"Brecksville",NA,"summer","summer.forage"
"BR1057","T16",14,0,2016-08-12,2016-08-27,16,0,16,"Brecksville",NA,"summer","summer.forage"
"BR1057","T17",3,0,2016-08-28,2016-09-12,16,0,16,"Brecksville",NA,"summer","summer.forage"
"BR1057","T18",3,2,2016-09-13,2016-09-28,16,0,16,"Brecksville",NA,"autumn","summer.forage"
"BR1057","T19",22,2,2016-09-29,2016-10-14,16,0,16,"Brecksville",NA,"autumn","rut"
"BR1057","T2",2,1,2017-01-17,2017-02-01,16,0,16,"Brecksville",NA,"winter","winter.forage"
"BR1057","T20",3,1,2016-10-15,2016-10-30,16,0,16,"Brecksville",NA,"autumn","rut"
"BR1057","T21",9,0,2016-10-31,2016-11-15,16,0,16,"Brecksville",NA,"autumn","rut"
"BR1057","T22",2,0,2016-11-16,2016-12-01,16,0,16,"Brecksville",NA,"autumn","rut"
"BR1057","T23",1,0,2016-12-02,2016-12-17,16,0,16,"Brecksville",NA,"autumn","rut"
"BR1057","T24",4,0,2016-12-18,2016-12-31,14,0,14,"Brecksville",NA,"winter","rut"
"BR1057","T3",4,2,2017-02-02,2017-02-17,16,0,16,"Brecksville",NA,"winter","winter.forage"
"BR1057","T4",1,2,2017-02-18,2017-03-05,16,0,16,"Brecksville",NA,"winter","winter.forage"
"BR1057","T5",2,1,2017-03-06,2017-03-21,16,0,16,"Brecksville",NA,"winter","winter.forage"
"BR1057","T6",2,2,2017-03-22,2017-04-06,16,0,16,"Brecksville",NA,"spring","winter.forage"
"BR1057","T7",2,0,2017-04-07,2017-04-22,16,0,16,"Brecksville",NA,"spring","fawning"
"BR1057","T8",8,1,2017-04-23,2017-05-08,16,0,16,"Brecksville",NA,"spring","fawning"
"BR1057","T9",2,1,2017-05-09,2017-05-24,16,0,16,"Brecksville",NA,"spring","fawning"
"BR1061","T1",1,1,2017-01-01,2017-01-16,16,0,16,"Brecksville",NA,"winter","winter.forage"
"BR1061","T10",3,0,2017-05-25,2017-06-09,16,0,16,"Brecksville",NA,"spring","fawning"
"BR1061","T11",2,0,2017-06-10,2017-06-25,16,0,16,"Brecksville",NA,"spring","fawning"
"BR1061","T12",0,0,2017-06-26,2017-06-30,5,0,5,"Brecksville",NA,"summer","fawning"
"BR1061","T13",0,0,2016-07-01,2016-07-10,10,0,10,"Brecksville",NA,"summer","summer.forage"
"BR1061","T14",2,0,2016-07-11,2016-07-26,16,0,16,"Brecksville",NA,"summer","summer.forage"
"BR1061","T15",4,2,2016-07-27,2016-08-11,16,0,16,"Brecksville",NA,"summer","summer.forage"
"BR1061","T16",12,1,2016-08-12,2016-08-27,16,0,16,"Brecksville",NA,"summer","summer.forage"
"BR1061","T17",12,1,2016-08-28,2016-09-12,16,0,16,"Brecksville",NA,"summer","summer.forage"
"BR1061","T18",1,1,2016-09-13,2016-09-28,16,0,16,"Brecksville",NA,"autumn","summer.forage"
"BR1061","T19",9,0,2016-09-29,2016-10-14,16,0,16,"Brecksville",NA,"autumn","rut"
"BR1061","T2",3,1,2017-01-17,2017-02-01,16,0,16,"Brecksville",NA,"winter","winter.forage"
"BR1061","T20",12,3,2016-10-15,2016-10-30,16,0,16,"Brecksville",NA,"autumn","rut"
"BR1061","T21",8,2,2016-10-31,2016-11-15,16,0,16,"Brecksville",NA,"autumn","rut"
"BR1061","T22",2,1,2016-11-16,2016-12-01,16,0,16,"Brecksville",NA,"autumn","rut"
"BR1061","T23",2,2,2016-12-02,2016-12-17,16,0,16,"Brecksville",NA,"autumn","rut"
"BR1061","T24",4,0,2016-12-18,2016-12-31,14,0,14,"Brecksville",NA,"winter","rut"
"BR1061","T3",3,0,2017-02-02,2017-02-17,16,0,16,"Brecksville",NA,"winter","winter.forage"
"BR1061","T4",2,0,2017-02-18,2017-03-05,16,0,16,"Brecksville",NA,"winter","winter.forage"
"BR1061","T5",2,0,2017-03-06,2017-03-21,16,0,16,"Brecksville",NA,"winter","winter.forage"
"BR1061","T6",1,0,2017-03-22,2017-04-06,16,0,16,"Brecksville",NA,"spring","winter.forage"
"BR1061","T7",1,0,2017-04-07,2017-04-22,16,0,16,"Brecksville",NA,"spring","fawning"
"BR1061","T8",1,0,2017-04-23,2017-05-08,16,0,16,"Brecksville",NA,"spring","fawning"
"BR1061","T9",3,0,2017-05-09,2017-05-24,16,0,16,"Brecksville",NA,"spring","fawning"
"BR1077","T1",2,0,2017-01-01,2017-01-16,16,0,16,"Brecksville",NA,"winter","winter.forage"
"BR1077","T10",1,0,2017-05-25,2017-06-09,16,0,16,"Brecksville",NA,"spring","fawning"
"BR1077","T11",1,0,2017-06-10,2017-06-25,16,0,16,"Brecksville",NA,"spring","fawning"
"BR1077","T12",0,0,2017-06-26,2017-06-30,5,0,5,"Brecksville",NA,"summer","fawning"
"BR1077","T13",3,0,2016-07-01,2016-07-10,10,0,10,"Brecksville",NA,"summer","summer.forage"
"BR1077","T14",7,0,2016-07-11,2016-07-26,16,0,16,"Brecksville",NA,"summer","summer.forage"
"BR1077","T15",4,0,2016-07-27,2016-08-11,16,0,16,"Brecksville",NA,"summer","summer.forage"
"BR1077","T16",1,0,2016-08-12,2016-08-27,16,0,16,"Brecksville",NA,"summer","summer.forage"
"BR1077","T17",4,0,2016-08-28,2016-09-12,16,0,16,"Brecksville",NA,"summer","summer.forage"
"BR1077","T18",2,1,2016-09-13,2016-09-28,16,0,16,"Brecksville",NA,"autumn","summer.forage"
"BR1077","T19",5,0,2016-09-29,2016-10-14,16,0,16,"Brecksville",NA,"autumn","rut"
"BR1077","T2",1,0,2017-01-17,2017-02-01,16,0,16,"Brecksville",NA,"winter","winter.forage"
"BR1077","T20",2,0,2016-10-15,2016-10-30,16,0,16,"Brecksville",NA,"autumn","rut"
"BR1077","T21",0,0,2016-10-31,2016-11-15,16,0,16,"Brecksville",NA,"autumn","rut"
"BR1077","T22",1,2,2016-11-16,2016-12-01,16,0,16,"Brecksville",NA,"autumn","rut"
"BR1077","T23",1,2,2016-12-02,2016-12-17,16,0,16,"Brecksville",NA,"autumn","rut"
"BR1077","T24",0,0,2016-12-18,2016-12-31,14,0,14,"Brecksville",NA,"winter","rut"
"BR1077","T3",0,0,2017-02-02,2017-02-17,16,0,16,"Brecksville",NA,"winter","winter.forage"
"BR1077","T4",0,1,2017-02-18,2017-03-05,16,0,16,"Brecksville",NA,"winter","winter.forage"
"BR1077","T5",0,0,2017-03-06,2017-03-21,16,0,16,"Brecksville",NA,"winter","winter.forage"
"BR1077","T6",4,0,2017-03-22,2017-04-06,16,0,16,"Brecksville",NA,"spring","winter.forage"
"BR1077","T7",2,0,2017-04-07,2017-04-22,16,0,16,"Brecksville",NA,"spring","fawning"
"BR1077","T8",2,0,2017-04-23,2017-05-08,16,0,16,"Brecksville",NA,"spring","fawning"
"BR1077","T9",5,0,2017-05-09,2017-05-24,16,0,16,"Brecksville",NA,"spring","fawning"
"BR1089","T1",1,0,2017-01-01,2017-01-16,16,0,16,"Brecksville",NA,"winter","winter.forage"
"BR1089","T10",0,0,2017-05-25,2017-06-09,16,0,16,"Brecksville",NA,"spring","fawning"
"BR1089","T11",0,0,2017-06-10,2017-06-25,16,0,16,"Brecksville",NA,"spring","fawning"
"BR1089","T12",0,0,2017-06-26,2017-06-30,5,0,5,"Brecksville",NA,"summer","fawning"
"BR1089","T13",2,1,2016-07-01,2016-07-10,10,0,10,"Brecksville",NA,"summer","summer.forage"
"BR1089","T14",1,0,2016-07-11,2016-07-26,16,0,16,"Brecksville",NA,"summer","summer.forage"
"BR1089","T15",1,0,2016-07-27,2016-08-11,16,0,16,"Brecksville",NA,"summer","summer.forage"
"BR1089","T16",1,0,2016-08-12,2016-08-27,16,0,16,"Brecksville",NA,"summer","summer.forage"
"BR1089","T17",0,2,2016-08-28,2016-09-12,16,0,16,"Brecksville",NA,"summer","summer.forage"
"BR1089","T18",2,0,2016-09-13,2016-09-28,16,0,16,"Brecksville",NA,"autumn","summer.forage"
"BR1089","T19",0,0,2016-09-29,2016-10-14,16,0,16,"Brecksville",NA,"autumn","rut"
"BR1089","T2",0,1,2017-01-17,2017-02-01,16,0,16,"Brecksville",NA,"winter","winter.forage"
"BR1089","T20",2,0,2016-10-15,2016-10-30,16,0,16,"Brecksville",NA,"autumn","rut"
"BR1089","T21",4,1,2016-10-31,2016-11-15,16,0,16,"Brecksville",NA,"autumn","rut"
"BR1089","T22",2,0,2016-11-16,2016-12-01,16,0,16,"Brecksville",NA,"autumn","rut"
"BR1089","T23",0,1,2016-12-02,2016-12-17,16,0,16,"Brecksville",NA,"autumn","rut"
"BR1089","T24",0,3,2016-12-18,2016-12-31,14,0,14,"Brecksville",NA,"winter","rut"
"BR1089","T3",0,3,2017-02-02,2017-02-17,16,0,16,"Brecksville",NA,"winter","winter.forage"
"BR1089","T4",0,1,2017-02-18,2017-03-05,16,8,8,"Brecksville",NA,"winter","winter.forage"
"BR1089","T5",0,0,2017-03-06,2017-03-21,16,16,0,"Brecksville",NA,"winter","winter.forage"
"BR1089","T6",0,0,2017-03-22,2017-04-06,16,16,0,"Brecksville",NA,"spring","winter.forage"
"BR1089","T7",0,0,2017-04-07,2017-04-22,16,16,0,"Brecksville",NA,"spring","fawning"
"BR1089","T8",2,0,2017-04-23,2017-05-08,16,0,16,"Brecksville",NA,"spring","fawning"
"BR1089","T9",2,0,2017-05-09,2017-05-24,16,0,16,"Brecksville",NA,"spring","fawning"
"BR1093","T1",3,1,2017-01-01,2017-01-16,16,0,16,"Brecksville",NA,"winter","winter.forage"
"BR1093","T10",8,0,2017-05-25,2017-06-09,16,0,16,"Brecksville",NA,"spring","fawning"
"BR1093","T11",10,1,2017-06-10,2017-06-25,16,0,16,"Brecksville",NA,"spring","fawning"
"BR1093","T12",1,0,2017-06-26,2017-06-30,5,0,5,"Brecksville",NA,"summer","fawning"
"BR1093","T13",4,2,2016-07-01,2016-07-10,10,0,10,"Brecksville",NA,"summer","summer.forage"
"BR1093","T14",8,0,2016-07-11,2016-07-26,16,0,16,"Brecksville",NA,"summer","summer.forage"
"BR1093","T15",8,0,2016-07-27,2016-08-11,16,0,16,"Brecksville",NA,"summer","summer.forage"
"BR1093","T16",20,0,2016-08-12,2016-08-27,16,0,16,"Brecksville",NA,"summer","summer.forage"
"BR1093","T17",4,5,2016-08-28,2016-09-12,16,0,16,"Brecksville",NA,"summer","summer.forage"
"BR1093","T18",6,1,2016-09-13,2016-09-28,16,0,16,"Brecksville",NA,"autumn","summer.forage"
"BR1093","T19",30,3,2016-09-29,2016-10-14,16,0,16,"Brecksville",NA,"autumn","rut"
"BR1093","T2",3,1,2017-01-17,2017-02-01,16,0,16,"Brecksville",NA,"winter","winter.forage"
"BR1093","T20",9,0,2016-10-15,2016-10-30,16,0,16,"Brecksville",NA,"autumn","rut"
"BR1093","T21",17,1,2016-10-31,2016-11-15,16,0,16,"Brecksville",NA,"autumn","rut"
"BR1093","T22",4,1,2016-11-16,2016-12-01,16,0,16,"Brecksville",NA,"autumn","rut"
"BR1093","T23",6,2,2016-12-02,2016-12-17,16,0,16,"Brecksville",NA,"autumn","rut"
"BR1093","T24",3,0,2016-12-18,2016-12-31,14,0,14,"Brecksville",NA,"winter","rut"
"BR1093","T3",6,1,2017-02-02,2017-02-17,16,0,16,"Brecksville",NA,"winter","winter.forage"
"BR1093","T4",7,0,2017-02-18,2017-03-05,16,0,16,"Brecksville",NA,"winter","winter.forage"
"BR1093","T5",4,0,2017-03-06,2017-03-21,16,0,16,"Brecksville",NA,"winter","winter.forage"
"BR1093","T6",4,0,2017-03-22,2017-04-06,16,0,16,"Brecksville",NA,"spring","winter.forage"
"BR1093","T7",3,0,2017-04-07,2017-04-22,16,0,16,"Brecksville",NA,"spring","fawning"
"BR1093","T8",15,1,2017-04-23,2017-05-08,16,0,16,"Brecksville",NA,"spring","fawning"
"BR1093","T9",6,2,2017-05-09,2017-05-24,16,0,16,"Brecksville",NA,"spring","fawning"
"BR1105","T1",6,2,2017-01-01,2017-01-16,16,0,16,"Brecksville",NA,"winter","winter.forage"
"BR1105","T10",10,0,2017-05-25,2017-06-09,16,0,16,"Brecksville",NA,"spring","fawning"
"BR1105","T11",2,0,2017-06-10,2017-06-25,16,0,16,"Brecksville",NA,"spring","fawning"
"BR1105","T12",0,0,2017-06-26,2017-06-30,5,0,5,"Brecksville",NA,"summer","fawning"
"BR1105","T13",1,0,2016-07-01,2016-07-10,10,0,10,"Brecksville",NA,"summer","summer.forage"
"BR1105","T14",12,3,2016-07-11,2016-07-26,16,0,16,"Brecksville",NA,"summer","summer.forage"
"BR1105","T15",10,6,2016-07-27,2016-08-11,16,0,16,"Brecksville",NA,"summer","summer.forage"
"BR1105","T16",8,9,2016-08-12,2016-08-27,16,0,16,"Brecksville",NA,"summer","summer.forage"
"BR1105","T17",24,5,2016-08-28,2016-09-12,16,0,16,"Brecksville",NA,"summer","summer.forage"
"BR1105","T18",5,0,2016-09-13,2016-09-28,16,0,16,"Brecksville",NA,"autumn","summer.forage"
"BR1105","T19",24,2,2016-09-29,2016-10-14,16,0,16,"Brecksville",NA,"autumn","rut"
"BR1105","T2",5,3,2017-01-17,2017-02-01,16,0,16,"Brecksville",NA,"winter","winter.forage"
"BR1105","T20",98,1,2016-10-15,2016-10-30,16,0,16,"Brecksville",NA,"autumn","rut"
"BR1105","T21",13,0,2016-10-31,2016-11-15,16,0,16,"Brecksville",NA,"autumn","rut"
"BR1105","T22",3,1,2016-11-16,2016-12-01,16,0,16,"Brecksville",NA,"autumn","rut"
"BR1105","T23",3,3,2016-12-02,2016-12-17,16,0,16,"Brecksville",NA,"autumn","rut"
"BR1105","T24",1,1,2016-12-18,2016-12-31,14,0,14,"Brecksville",NA,"winter","rut"
"BR1105","T3",5,3,2017-02-02,2017-02-17,16,0,16,"Brecksville",NA,"winter","winter.forage"
"BR1105","T4",6,0,2017-02-18,2017-03-05,16,0,16,"Brecksville",NA,"winter","winter.forage"
"BR1105","T5",0,0,2017-03-06,2017-03-21,16,0,16,"Brecksville",NA,"winter","winter.forage"
"BR1105","T6",3,0,2017-03-22,2017-04-06,16,0,16,"Brecksville",NA,"spring","winter.forage"
"BR1105","T7",3,1,2017-04-07,2017-04-22,16,0,16,"Brecksville",NA,"spring","fawning"
"BR1105","T8",9,0,2017-04-23,2017-05-08,16,0,16,"Brecksville",NA,"spring","fawning"
"BR1105","T9",6,0,2017-05-09,2017-05-24,16,0,16,"Brecksville",NA,"spring","fawning"
"BR1109","T1",2,0,2017-01-01,2017-01-16,16,0,16,"Brecksville",NA,"winter","winter.forage"
"BR1109","T10",25,0,2017-05-25,2017-06-09,16,0,16,"Brecksville",NA,"spring","fawning"
"BR1109","T11",13,0,2017-06-10,2017-06-25,16,0,16,"Brecksville",NA,"spring","fawning"
"BR1109","T12",0,0,2017-06-26,2017-06-30,5,0,5,"Brecksville",NA,"summer","fawning"
"BR1109","T13",0,0,2016-07-01,2016-07-10,10,0,10,"Brecksville",NA,"summer","summer.forage"
"BR1109","T14",2,0,2016-07-11,2016-07-26,16,0,16,"Brecksville",NA,"summer","summer.forage"
"BR1109","T15",9,2,2016-07-27,2016-08-11,16,0,16,"Brecksville",NA,"summer","summer.forage"
"BR1109","T16",7,0,2016-08-12,2016-08-27,16,0,16,"Brecksville",NA,"summer","summer.forage"
"BR1109","T17",11,0,2016-08-28,2016-09-12,16,0,16,"Brecksville",NA,"summer","summer.forage"
"BR1109","T18",9,1,2016-09-13,2016-09-28,16,0,16,"Brecksville",NA,"autumn","summer.forage"
"BR1109","T19",21,1,2016-09-29,2016-10-14,16,0,16,"Brecksville",NA,"autumn","rut"
"BR1109","T2",3,2,2017-01-17,2017-02-01,16,0,16,"Brecksville",NA,"winter","winter.forage"
"BR1109","T20",4,0,2016-10-15,2016-10-30,16,0,16,"Brecksville",NA,"autumn","rut"
"BR1109","T21",17,2,2016-10-31,2016-11-15,16,0,16,"Brecksville",NA,"autumn","rut"
"BR1109","T22",15,5,2016-11-16,2016-12-01,16,0,16,"Brecksville",NA,"autumn","rut"
"BR1109","T23",8,2,2016-12-02,2016-12-17,16,0,16,"Brecksville",NA,"autumn","rut"
"BR1109","T24",6,0,2016-12-18,2016-12-31,14,0,14,"Brecksville",NA,"winter","rut"
"BR1109","T3",3,2,2017-02-02,2017-02-17,16,0,16,"Brecksville",NA,"winter","winter.forage"
"BR1109","T4",5,0,2017-02-18,2017-03-05,16,0,16,"Brecksville",NA,"winter","winter.forage"
"BR1109","T5",5,0,2017-03-06,2017-03-21,16,0,16,"Brecksville",NA,"winter","winter.forage"
"BR1109","T6",11,0,2017-03-22,2017-04-06,16,0,16,"Brecksville",NA,"spring","winter.forage"
"BR1109","T7",0,0,2017-04-07,2017-04-22,16,0,16,"Brecksville",NA,"spring","fawning"
"BR1109","T8",0,0,2017-04-23,2017-05-08,16,0,16,"Brecksville",NA,"spring","fawning"
"BR1109","T9",20,2,2017-05-09,2017-05-24,16,0,16,"Brecksville",NA,"spring","fawning"
"BR1121","T1",3,0,2017-01-01,2017-01-16,16,0,16,"Brecksville",NA,"winter","winter.forage"
"BR1121","T10",3,0,2017-05-25,2017-06-09,16,0,16,"Brecksville",NA,"spring","fawning"
"BR1121","T11",1,0,2017-06-10,2017-06-25,16,0,16,"Brecksville",NA,"spring","fawning"
"BR1121","T12",0,0,2017-06-26,2017-06-30,5,0,5,"Brecksville",NA,"summer","fawning"
"BR1121","T13",4,0,2016-07-01,2016-07-10,10,0,10,"Brecksville",NA,"summer","summer.forage"
"BR1121","T14",5,0,2016-07-11,2016-07-26,16,0,16,"Brecksville",NA,"summer","summer.forage"
"BR1121","T15",3,0,2016-07-27,2016-08-11,16,0,16,"Brecksville",NA,"summer","summer.forage"
"BR1121","T16",8,0,2016-08-12,2016-08-27,16,0,16,"Brecksville",NA,"summer","summer.forage"
"BR1121","T17",13,0,2016-08-28,2016-09-12,16,0,16,"Brecksville",NA,"summer","summer.forage"
"BR1121","T18",4,0,2016-09-13,2016-09-28,16,0,16,"Brecksville",NA,"autumn","summer.forage"
"BR1121","T19",3,1,2016-09-29,2016-10-14,16,0,16,"Brecksville",NA,"autumn","rut"
"BR1121","T2",1,0,2017-01-17,2017-02-01,16,0,16,"Brecksville",NA,"winter","winter.forage"
"BR1121","T20",2,0,2016-10-15,2016-10-30,16,0,16,"Brecksville",NA,"autumn","rut"
"BR1121","T21",13,0,2016-10-31,2016-11-15,16,0,16,"Brecksville",NA,"autumn","rut"
"BR1121","T22",2,1,2016-11-16,2016-12-01,16,0,16,"Brecksville",NA,"autumn","rut"
"BR1121","T23",5,1,2016-12-02,2016-12-17,16,0,16,"Brecksville",NA,"autumn","rut"
"BR1121","T24",0,1,2016-12-18,2016-12-31,14,0,14,"Brecksville",NA,"winter","rut"
"BR1121","T3",5,0,2017-02-02,2017-02-17,16,0,16,"Brecksville",NA,"winter","winter.forage"
"BR1121","T4",1,0,2017-02-18,2017-03-05,16,0,16,"Brecksville",NA,"winter","winter.forage"
"BR1121","T5",1,0,2017-03-06,2017-03-21,16,0,16,"Brecksville",NA,"winter","winter.forage"
"BR1121","T6",2,0,2017-03-22,2017-04-06,16,0,16,"Brecksville",NA,"spring","winter.forage"
"BR1121","T7",1,0,2017-04-07,2017-04-22,16,0,16,"Brecksville",NA,"spring","fawning"
"BR1121","T8",1,0,2017-04-23,2017-05-08,16,0,16,"Brecksville",NA,"spring","fawning"
"BR1121","T9",3,0,2017-05-09,2017-05-24,16,0,16,"Brecksville",NA,"spring","fawning"
"BR1125","T1",16,4,2017-01-01,2017-01-16,16,0,16,"Brecksville",NA,"winter","winter.forage"
"BR1125","T10",22,0,2017-05-25,2017-06-09,16,0,16,"Brecksville",NA,"spring","fawning"
"BR1125","T11",7,0,2017-06-10,2017-06-25,16,0,16,"Brecksville",NA,"spring","fawning"
"BR1125","T12",0,0,2017-06-26,2017-06-30,5,0,5,"Brecksville",NA,"summer","fawning"
"BR1125","T13",3,0,2016-07-01,2016-07-10,10,0,10,"Brecksville",NA,"summer","summer.forage"
"BR1125","T14",3,0,2016-07-11,2016-07-26,16,0,16,"Brecksville",NA,"summer","summer.forage"
"BR1125","T15",1,3,2016-07-27,2016-08-11,16,0,16,"Brecksville",NA,"summer","summer.forage"
"BR1125","T16",1,1,2016-08-12,2016-08-27,16,0,16,"Brecksville",NA,"summer","summer.forage"
"BR1125","T17",0,1,2016-08-28,2016-09-12,16,0,16,"Brecksville",NA,"summer","summer.forage"
"BR1125","T18",3,6,2016-09-13,2016-09-28,16,0,16,"Brecksville",NA,"autumn","summer.forage"
"BR1125","T19",12,1,2016-09-29,2016-10-14,16,0,16,"Brecksville",NA,"autumn","rut"
"BR1125","T2",7,2,2017-01-17,2017-02-01,16,0,16,"Brecksville",NA,"winter","winter.forage"
"BR1125","T20",8,1,2016-10-15,2016-10-30,16,0,16,"Brecksville",NA,"autumn","rut"
"BR1125","T21",8,3,2016-10-31,2016-11-15,16,0,16,"Brecksville",NA,"autumn","rut"
"BR1125","T22",6,0,2016-11-16,2016-12-01,16,0,16,"Brecksville",NA,"autumn","rut"
"BR1125","T23",14,5,2016-12-02,2016-12-17,16,0,16,"Brecksville",NA,"autumn","rut"
"BR1125","T24",6,2,2016-12-18,2016-12-31,14,0,14,"Brecksville",NA,"winter","rut"
"BR1125","T3",21,0,2017-02-02,2017-02-17,16,0,16,"Brecksville",NA,"winter","winter.forage"
"BR1125","T4",14,1,2017-02-18,2017-03-05,16,0,16,"Brecksville",NA,"winter","winter.forage"
"BR1125","T5",10,0,2017-03-06,2017-03-21,16,0,16,"Brecksville",NA,"winter","winter.forage"
"BR1125","T6",5,0,2017-03-22,2017-04-06,16,0,16,"Brecksville",NA,"spring","winter.forage"
"BR1125","T7",3,0,2017-04-07,2017-04-22,16,0,16,"Brecksville",NA,"spring","fawning"
"BR1125","T8",7,0,2017-04-23,2017-05-08,16,0,16,"Brecksville",NA,"spring","fawning"
"BR1125","T9",11,0,2017-05-09,2017-05-24,16,0,16,"Brecksville",NA,"spring","fawning"
"BR1137","T1",2,0,2017-01-01,2017-01-16,16,0,16,"Brecksville",NA,"winter","winter.forage"
"BR1137","T10",0,1,2017-05-25,2017-06-09,16,0,16,"Brecksville",NA,"spring","fawning"
"BR1137","T11",0,0,2017-06-10,2017-06-25,16,0,16,"Brecksville",NA,"spring","fawning"
"BR1137","T12",0,0,2017-06-26,2017-06-30,5,0,5,"Brecksville",NA,"summer","fawning"
"BR1137","T13",0,1,2016-07-01,2016-07-10,10,0,10,"Brecksville",NA,"summer","summer.forage"
"BR1137","T14",1,0,2016-07-11,2016-07-26,16,0,16,"Brecksville",NA,"summer","summer.forage"
"BR1137","T15",0,0,2016-07-27,2016-08-11,16,0,16,"Brecksville",NA,"summer","summer.forage"
"BR1137","T16",0,0,2016-08-12,2016-08-27,16,0,16,"Brecksville",NA,"summer","summer.forage"
"BR1137","T17",0,0,2016-08-28,2016-09-12,16,0,16,"Brecksville",NA,"summer","summer.forage"
"BR1137","T18",2,2,2016-09-13,2016-09-28,16,0,16,"Brecksville",NA,"autumn","summer.forage"
"BR1137","T19",2,0,2016-09-29,2016-10-14,16,0,16,"Brecksville",NA,"autumn","rut"
"BR1137","T2",5,0,2017-01-17,2017-02-01,16,0,16,"Brecksville",NA,"winter","winter.forage"
"BR1137","T20",5,2,2016-10-15,2016-10-30,16,0,16,"Brecksville",NA,"autumn","rut"
"BR1137","T21",4,1,2016-10-31,2016-11-15,16,0,16,"Brecksville",NA,"autumn","rut"
"BR1137","T22",9,0,2016-11-16,2016-12-01,16,0,16,"Brecksville",NA,"autumn","rut"
"BR1137","T23",6,2,2016-12-02,2016-12-17,16,0,16,"Brecksville",NA,"autumn","rut"
"BR1137","T24",3,2,2016-12-18,2016-12-31,14,0,14,"Brecksville",NA,"winter","rut"
"BR1137","T3",5,1,2017-02-02,2017-02-17,16,0,16,"Brecksville",NA,"winter","winter.forage"
"BR1137","T4",3,0,2017-02-18,2017-03-05,16,0,16,"Brecksville",NA,"winter","winter.forage"
"BR1137","T5",0,0,2017-03-06,2017-03-21,16,0,16,"Brecksville",NA,"winter","winter.forage"
"BR1137","T6",3,0,2017-03-22,2017-04-06,16,0,16,"Brecksville",NA,"spring","winter.forage"
"BR1137","T7",3,1,2017-04-07,2017-04-22,16,0,16,"Brecksville",NA,"spring","fawning"
"BR1137","T8",0,0,2017-04-23,2017-05-08,16,0,16,"Brecksville",NA,"spring","fawning"
"BR1137","T9",1,0,2017-05-09,2017-05-24,16,0,16,"Brecksville",NA,"spring","fawning"
"BR1141","T1",10,1,2017-01-01,2017-01-16,16,0,16,"Brecksville",NA,"winter","winter.forage"
"BR1141","T10",6,0,2017-05-25,2017-06-09,16,0,16,"Brecksville",NA,"spring","fawning"
"BR1141","T11",11,0,2017-06-10,2017-06-25,16,0,16,"Brecksville",NA,"spring","fawning"
"BR1141","T12",2,0,2017-06-26,2017-06-30,5,0,5,"Brecksville",NA,"summer","fawning"
"BR1141","T13",1,0,2016-07-01,2016-07-10,10,0,10,"Brecksville",NA,"summer","summer.forage"
"BR1141","T14",9,0,2016-07-11,2016-07-26,16,0,16,"Brecksville",NA,"summer","summer.forage"
"BR1141","T15",24,1,2016-07-27,2016-08-11,16,0,16,"Brecksville",NA,"summer","summer.forage"
"BR1141","T16",37,0,2016-08-12,2016-08-27,16,0,16,"Brecksville",NA,"summer","summer.forage"
"BR1141","T17",26,6,2016-08-28,2016-09-12,16,0,16,"Brecksville",NA,"summer","summer.forage"
"BR1141","T18",61,1,2016-09-13,2016-09-28,16,0,16,"Brecksville",NA,"autumn","summer.forage"
"BR1141","T19",24,3,2016-09-29,2016-10-14,16,0,16,"Brecksville",NA,"autumn","rut"
"BR1141","T2",18,1,2017-01-17,2017-02-01,16,0,16,"Brecksville",NA,"winter","winter.forage"
"BR1141","T20",43,3,2016-10-15,2016-10-30,16,0,16,"Brecksville",NA,"autumn","rut"
"BR1141","T21",51,0,2016-10-31,2016-11-15,16,0,16,"Brecksville",NA,"autumn","rut"
"BR1141","T22",35,0,2016-11-16,2016-12-01,16,0,16,"Brecksville",NA,"autumn","rut"
"BR1141","T23",24,0,2016-12-02,2016-12-17,16,0,16,"Brecksville",NA,"autumn","rut"
"BR1141","T24",15,0,2016-12-18,2016-12-31,14,0,14,"Brecksville",NA,"winter","rut"
"BR1141","T3",10,2,2017-02-02,2017-02-17,16,0,16,"Brecksville",NA,"winter","winter.forage"
"BR1141","T4",9,0,2017-02-18,2017-03-05,16,0,16,"Brecksville",NA,"winter","winter.forage"
"BR1141","T5",11,0,2017-03-06,2017-03-21,16,0,16,"Brecksville",NA,"winter","winter.forage"
"BR1141","T6",17,0,2017-03-22,2017-04-06,16,0,16,"Brecksville",NA,"spring","winter.forage"
"BR1141","T7",12,1,2017-04-07,2017-04-22,16,0,16,"Brecksville",NA,"spring","fawning"
"BR1141","T8",17,2,2017-04-23,2017-05-08,16,0,16,"Brecksville",NA,"spring","fawning"
"BR1141","T9",11,0,2017-05-09,2017-05-24,16,0,16,"Brecksville",NA,"spring","fawning"
"BR1153","T1",0,2,2017-01-01,2017-01-16,16,0,16,"Brecksville",NA,"winter","winter.forage"
"BR1153","T10",0,0,2017-05-25,2017-06-09,16,0,16,"Brecksville",NA,"spring","fawning"
"BR1153","T11",1,0,2017-06-10,2017-06-25,16,0,16,"Brecksville",NA,"spring","fawning"
"BR1153","T12",0,0,2017-06-26,2017-06-30,5,0,5,"Brecksville",NA,"summer","fawning"
"BR1153","T13",5,0,2016-07-01,2016-07-10,10,0,10,"Brecksville",NA,"summer","summer.forage"
"BR1153","T14",2,0,2016-07-11,2016-07-26,16,0,16,"Brecksville",NA,"summer","summer.forage"
"BR1153","T15",3,0,2016-07-27,2016-08-11,16,0,16,"Brecksville",NA,"summer","summer.forage"
"BR1153","T16",1,0,2016-08-12,2016-08-27,16,0,16,"Brecksville",NA,"summer","summer.forage"
"BR1153","T17",0,1,2016-08-28,2016-09-12,16,0,16,"Brecksville",NA,"summer","summer.forage"
"BR1153","T18",6,1,2016-09-13,2016-09-28,16,0,16,"Brecksville",NA,"autumn","summer.forage"
"BR1153","T19",7,1,2016-09-29,2016-10-14,16,0,16,"Brecksville",NA,"autumn","rut"
"BR1153","T2",0,0,2017-01-17,2017-02-01,16,0,16,"Brecksville",NA,"winter","winter.forage"
"BR1153","T20",5,0,2016-10-15,2016-10-30,16,0,16,"Brecksville",NA,"autumn","rut"
"BR1153","T21",15,0,2016-10-31,2016-11-15,16,0,16,"Brecksville",NA,"autumn","rut"
"BR1153","T22",7,1,2016-11-16,2016-12-01,16,0,16,"Brecksville",NA,"autumn","rut"
"BR1153","T23",6,1,2016-12-02,2016-12-17,16,0,16,"Brecksville",NA,"autumn","rut"
"BR1153","T24",1,2,2016-12-18,2016-12-31,14,0,14,"Brecksville",NA,"winter","rut"
"BR1153","T3",0,0,2017-02-02,2017-02-17,16,0,16,"Brecksville",NA,"winter","winter.forage"
"BR1153","T4",0,1,2017-02-18,2017-03-05,16,0,16,"Brecksville",NA,"winter","winter.forage"
"BR1153","T5",2,0,2017-03-06,2017-03-21,16,0,16,"Brecksville",NA,"winter","winter.forage"
"BR1153","T6",0,0,2017-03-22,2017-04-06,16,0,16,"Brecksville",NA,"spring","winter.forage"
"BR1153","T7",1,0,2017-04-07,2017-04-22,16,0,16,"Brecksville",NA,"spring","fawning"
"BR1153","T8",2,0,2017-04-23,2017-05-08,16,0,16,"Brecksville",NA,"spring","fawning"
"BR1153","T9",5,0,2017-05-09,2017-05-24,16,0,16,"Brecksville",NA,"spring","fawning"
"BR1157","T1",7,1,2017-01-01,2017-01-16,16,0,16,"Brecksville",NA,"winter","winter.forage"
"BR1157","T10",4,0,2017-05-25,2017-06-09,16,0,16,"Brecksville",NA,"spring","fawning"
"BR1157","T11",0,0,2017-06-10,2017-06-25,16,0,16,"Brecksville",NA,"spring","fawning"
"BR1157","T12",0,0,2017-06-26,2017-06-30,5,0,5,"Brecksville",NA,"summer","fawning"
"BR1157","T13",0,0,2016-07-01,2016-07-10,10,10,0,"Brecksville",NA,"summer","summer.forage"
"BR1157","T14",0,0,2016-07-11,2016-07-26,16,16,0,"Brecksville",NA,"summer","summer.forage"
"BR1157","T15",0,1,2016-07-27,2016-08-11,16,0,16,"Brecksville",NA,"summer","summer.forage"
"BR1157","T16",10,0,2016-08-12,2016-08-27,16,0,16,"Brecksville",NA,"summer","summer.forage"
"BR1157","T17",17,1,2016-08-28,2016-09-12,16,0,16,"Brecksville",NA,"summer","summer.forage"
"BR1157","T18",3,0,2016-09-13,2016-09-28,16,0,16,"Brecksville",NA,"autumn","summer.forage"
"BR1157","T19",11,1,2016-09-29,2016-10-14,16,0,16,"Brecksville",NA,"autumn","rut"
"BR1157","T2",3,1,2017-01-17,2017-02-01,16,0,16,"Brecksville",NA,"winter","winter.forage"
"BR1157","T20",24,1,2016-10-15,2016-10-30,16,0,16,"Brecksville",NA,"autumn","rut"
"BR1157","T21",1,3,2016-10-31,2016-11-15,16,0,16,"Brecksville",NA,"autumn","rut"
"BR1157","T22",0,0,2016-11-16,2016-12-01,16,0,16,"Brecksville",NA,"autumn","rut"
"BR1157","T23",2,3,2016-12-02,2016-12-17,16,0,16,"Brecksville",NA,"autumn","rut"
"BR1157","T24",4,0,2016-12-18,2016-12-31,14,0,14,"Brecksville",NA,"winter","rut"
"BR1157","T3",4,0,2017-02-02,2017-02-17,16,0,16,"Brecksville",NA,"winter","winter.forage"
"BR1157","T4",5,1,2017-02-18,2017-03-05,16,0,16,"Brecksville",NA,"winter","winter.forage"
"BR1157","T5",1,0,2017-03-06,2017-03-21,16,0,16,"Brecksville",NA,"winter","winter.forage"
"BR1157","T6",1,1,2017-03-22,2017-04-06,16,0,16,"Brecksville",NA,"spring","winter.forage"
"BR1157","T7",0,0,2017-04-07,2017-04-22,16,0,16,"Brecksville",NA,"spring","fawning"
"BR1157","T8",3,2,2017-04-23,2017-05-08,16,0,16,"Brecksville",NA,"spring","fawning"
"BR1157","T9",1,0,2017-05-09,2017-05-24,16,0,16,"Brecksville",NA,"spring","fawning"
"BR1169","T1",0,0,2017-01-01,2017-01-16,16,0,16,"Brecksville",NA,"winter","winter.forage"
"BR1169","T10",4,0,2017-05-25,2017-06-09,16,0,16,"Brecksville",NA,"spring","fawning"
"BR1169","T11",0,0,2017-06-10,2017-06-25,16,0,16,"Brecksville",NA,"spring","fawning"
"BR1169","T12",1,0,2017-06-26,2017-06-30,5,0,5,"Brecksville",NA,"summer","fawning"
"BR1169","T13",1,0,2016-07-01,2016-07-10,10,0,10,"Brecksville",NA,"summer","summer.forage"
"BR1169","T14",0,0,2016-07-11,2016-07-26,16,0,16,"Brecksville",NA,"summer","summer.forage"
"BR1169","T15",1,1,2016-07-27,2016-08-11,16,0,16,"Brecksville",NA,"summer","summer.forage"
"BR1169","T16",1,0,2016-08-12,2016-08-27,16,0,16,"Brecksville",NA,"summer","summer.forage"
"BR1169","T17",4,0,2016-08-28,2016-09-12,16,0,16,"Brecksville",NA,"summer","summer.forage"
"BR1169","T18",13,0,2016-09-13,2016-09-28,16,0,16,"Brecksville",NA,"autumn","summer.forage"
"BR1169","T19",7,1,2016-09-29,2016-10-14,16,0,16,"Brecksville",NA,"autumn","rut"
"BR1169","T2",0,0,2017-01-17,2017-02-01,16,0,16,"Brecksville",NA,"winter","winter.forage"
"BR1169","T20",3,0,2016-10-15,2016-10-30,16,0,16,"Brecksville",NA,"autumn","rut"
"BR1169","T21",4,0,2016-10-31,2016-11-15,16,0,16,"Brecksville",NA,"autumn","rut"
"BR1169","T22",1,0,2016-11-16,2016-12-01,16,0,16,"Brecksville",NA,"autumn","rut"
"BR1169","T23",1,0,2016-12-02,2016-12-17,16,0,16,"Brecksville",NA,"autumn","rut"
"BR1169","T24",0,0,2016-12-18,2016-12-31,14,0,14,"Brecksville",NA,"winter","rut"
"BR1169","T3",6,1,2017-02-02,2017-02-17,16,0,16,"Brecksville",NA,"winter","winter.forage"
"BR1169","T4",3,0,2017-02-18,2017-03-05,16,0,16,"Brecksville",NA,"winter","winter.forage"
"BR1169","T5",1,0,2017-03-06,2017-03-21,16,0,16,"Brecksville",NA,"winter","winter.forage"
"BR1169","T6",0,0,2017-03-22,2017-04-06,16,0,16,"Brecksville",NA,"spring","winter.forage"
"BR1169","T7",3,1,2017-04-07,2017-04-22,16,0,16,"Brecksville",NA,"spring","fawning"
"BR1169","T8",1,0,2017-04-23,2017-05-08,16,0,16,"Brecksville",NA,"spring","fawning"
"BR1169","T9",1,0,2017-05-09,2017-05-24,16,0,16,"Brecksville",NA,"spring","fawning"
"BR1173","T1",11,0,2017-01-01,2017-01-16,16,0,16,"Brecksville",NA,"winter","winter.forage"
"BR1173","T10",15,1,2017-05-25,2017-06-09,16,0,16,"Brecksville",NA,"spring","fawning"
"BR1173","T11",2,0,2017-06-10,2017-06-25,16,0,16,"Brecksville",NA,"spring","fawning"
"BR1173","T12",0,0,2017-06-26,2017-06-30,5,0,5,"Brecksville",NA,"summer","fawning"
"BR1173","T13",1,0,2016-07-01,2016-07-10,10,0,10,"Brecksville",NA,"summer","summer.forage"
"BR1173","T14",0,0,2016-07-11,2016-07-26,16,0,16,"Brecksville",NA,"summer","summer.forage"
"BR1173","T15",5,0,2016-07-27,2016-08-11,16,0,16,"Brecksville",NA,"summer","summer.forage"
"BR1173","T16",3,0,2016-08-12,2016-08-27,16,0,16,"Brecksville",NA,"summer","summer.forage"
"BR1173","T17",9,0,2016-08-28,2016-09-12,16,0,16,"Brecksville",NA,"summer","summer.forage"
"BR1173","T18",4,0,2016-09-13,2016-09-28,16,0,16,"Brecksville",NA,"autumn","summer.forage"
"BR1173","T19",4,0,2016-09-29,2016-10-14,16,0,16,"Brecksville",NA,"autumn","rut"
"BR1173","T2",5,1,2017-01-17,2017-02-01,16,0,16,"Brecksville",NA,"winter","winter.forage"
"BR1173","T20",0,0,2016-10-15,2016-10-30,16,0,16,"Brecksville",NA,"autumn","rut"
"BR1173","T21",11,0,2016-10-31,2016-11-15,16,0,16,"Brecksville",NA,"autumn","rut"
"BR1173","T22",10,0,2016-11-16,2016-12-01,16,0,16,"Brecksville",NA,"autumn","rut"
"BR1173","T23",5,0,2016-12-02,2016-12-17,16,0,16,"Brecksville",NA,"autumn","rut"
"BR1173","T24",4,0,2016-12-18,2016-12-31,14,0,14,"Brecksville",NA,"winter","rut"
"BR1173","T3",9,0,2017-02-02,2017-02-17,16,0,16,"Brecksville",NA,"winter","winter.forage"
"BR1173","T4",11,0,2017-02-18,2017-03-05,16,0,16,"Brecksville",NA,"winter","winter.forage"
"BR1173","T5",16,0,2017-03-06,2017-03-21,16,0,16,"Brecksville",NA,"winter","winter.forage"
"BR1173","T6",25,1,2017-03-22,2017-04-06,16,0,16,"Brecksville",NA,"spring","winter.forage"
"BR1173","T7",19,0,2017-04-07,2017-04-22,16,0,16,"Brecksville",NA,"spring","fawning"
"BR1173","T8",8,0,2017-04-23,2017-05-08,16,0,16,"Brecksville",NA,"spring","fawning"
"BR1173","T9",8,0,2017-05-09,2017-05-24,16,0,16,"Brecksville",NA,"spring","fawning"
"BR1185","T1",10,2,2017-01-01,2017-01-16,16,0,16,"Brecksville",NA,"winter","winter.forage"
"BR1185","T10",7,0,2017-05-25,2017-06-09,16,0,16,"Brecksville",NA,"spring","fawning"
"BR1185","T11",3,0,2017-06-10,2017-06-25,16,0,16,"Brecksville",NA,"spring","fawning"
"BR1185","T12",0,0,2017-06-26,2017-06-30,5,0,5,"Brecksville",NA,"summer","fawning"
"BR1185","T13",10,2,2016-07-01,2016-07-10,10,0,10,"Brecksville",NA,"summer","summer.forage"
"BR1185","T14",10,2,2016-07-11,2016-07-26,16,0,16,"Brecksville",NA,"summer","summer.forage"
"BR1185","T15",17,1,2016-07-27,2016-08-11,16,0,16,"Brecksville",NA,"summer","summer.forage"
"BR1185","T16",15,7,2016-08-12,2016-08-27,16,0,16,"Brecksville",NA,"summer","summer.forage"
"BR1185","T17",39,6,2016-08-28,2016-09-12,16,0,16,"Brecksville",NA,"summer","summer.forage"
"BR1185","T18",30,4,2016-09-13,2016-09-28,16,0,16,"Brecksville",NA,"autumn","summer.forage"
"BR1185","T19",56,5,2016-09-29,2016-10-14,16,0,16,"Brecksville",NA,"autumn","rut"
"BR1185","T2",12,2,2017-01-17,2017-02-01,16,0,16,"Brecksville",NA,"winter","winter.forage"
"BR1185","T20",127,3,2016-10-15,2016-10-30,16,0,16,"Brecksville",NA,"autumn","rut"
"BR1185","T21",97,2,2016-10-31,2016-11-15,16,0,16,"Brecksville",NA,"autumn","rut"
"BR1185","T22",23,5,2016-11-16,2016-12-01,16,0,16,"Brecksville",NA,"autumn","rut"
"BR1185","T23",9,8,2016-12-02,2016-12-17,16,0,16,"Brecksville",NA,"autumn","rut"
"BR1185","T24",9,3,2016-12-18,2016-12-31,14,0,14,"Brecksville",NA,"winter","rut"
"BR1185","T3",34,8,2017-02-02,2017-02-17,16,0,16,"Brecksville",NA,"winter","winter.forage"
"BR1185","T4",23,0,2017-02-18,2017-03-05,16,0,16,"Brecksville",NA,"winter","winter.forage"
"BR1185","T5",10,1,2017-03-06,2017-03-21,16,0,16,"Brecksville",NA,"winter","winter.forage"
"BR1185","T6",5,0,2017-03-22,2017-04-06,16,0,16,"Brecksville",NA,"spring","winter.forage"
"BR1185","T7",3,0,2017-04-07,2017-04-22,16,0,16,"Brecksville",NA,"spring","fawning"
"BR1185","T8",6,1,2017-04-23,2017-05-08,16,0,16,"Brecksville",NA,"spring","fawning"
"BR1185","T9",13,0,2017-05-09,2017-05-24,16,0,16,"Brecksville",NA,"spring","fawning"
"BR1189","T1",4,0,2017-01-01,2017-01-16,16,0,16,"Brecksville",NA,"winter","winter.forage"
"BR1189","T10",3,0,2017-05-25,2017-06-09,16,0,16,"Brecksville",NA,"spring","fawning"
"BR1189","T11",5,1,2017-06-10,2017-06-25,16,0,16,"Brecksville",NA,"spring","fawning"
"BR1189","T12",0,0,2017-06-26,2017-06-30,5,0,5,"Brecksville",NA,"summer","fawning"
"BR1189","T13",2,0,2016-07-01,2016-07-10,10,0,10,"Brecksville",NA,"summer","summer.forage"
"BR1189","T14",2,0,2016-07-11,2016-07-26,16,0,16,"Brecksville",NA,"summer","summer.forage"
"BR1189","T15",5,0,2016-07-27,2016-08-11,16,0,16,"Brecksville",NA,"summer","summer.forage"
"BR1189","T16",4,0,2016-08-12,2016-08-27,16,0,16,"Brecksville",NA,"summer","summer.forage"
"BR1189","T17",7,0,2016-08-28,2016-09-12,16,0,16,"Brecksville",NA,"summer","summer.forage"
"BR1189","T18",14,0,2016-09-13,2016-09-28,16,0,16,"Brecksville",NA,"autumn","summer.forage"
"BR1189","T19",1,0,2016-09-29,2016-10-14,16,0,16,"Brecksville",NA,"autumn","rut"
"BR1189","T2",5,0,2017-01-17,2017-02-01,16,0,16,"Brecksville",NA,"winter","winter.forage"
"BR1189","T20",2,0,2016-10-15,2016-10-30,16,0,16,"Brecksville",NA,"autumn","rut"
"BR1189","T21",1,2,2016-10-31,2016-11-15,16,0,16,"Brecksville",NA,"autumn","rut"
"BR1189","T22",13,0,2016-11-16,2016-12-01,16,0,16,"Brecksville",NA,"autumn","rut"
"BR1189","T23",6,0,2016-12-02,2016-12-17,16,0,16,"Brecksville",NA,"autumn","rut"
"BR1189","T24",0,0,2016-12-18,2016-12-31,14,0,14,"Brecksville",NA,"winter","rut"
"BR1189","T3",5,0,2017-02-02,2017-02-17,16,0,16,"Brecksville",NA,"winter","winter.forage"
"BR1189","T4",0,0,2017-02-18,2017-03-05,16,0,16,"Brecksville",NA,"winter","winter.forage"
"BR1189","T5",3,0,2017-03-06,2017-03-21,16,0,16,"Brecksville",NA,"winter","winter.forage"
"BR1189","T6",4,1,2017-03-22,2017-04-06,16,0,16,"Brecksville",NA,"spring","winter.forage"
"BR1189","T7",4,0,2017-04-07,2017-04-22,16,0,16,"Brecksville",NA,"spring","fawning"
"BR1189","T8",11,0,2017-04-23,2017-05-08,16,0,16,"Brecksville",NA,"spring","fawning"
"BR1189","T9",3,0,2017-05-09,2017-05-24,16,0,16,"Brecksville",NA,"spring","fawning"
"BW1006","T1",19,5,2017-01-01,2017-01-16,16,0,16,"Bradley_Woods",NA,"winter","winter.forage"
"BW1006","T10",0,1,2017-05-25,2017-06-09,16,0,16,"Bradley_Woods",NA,"spring","fawning"
"BW1006","T11",1,1,2017-06-10,2017-06-25,16,0,16,"Bradley_Woods",NA,"spring","fawning"
"BW1006","T12",1,0,2017-06-26,2017-06-30,5,0,5,"Bradley_Woods",NA,"summer","fawning"
"BW1006","T13",5,0,2016-07-01,2016-07-10,10,0,10,"Bradley_Woods",NA,"summer","summer.forage"
"BW1006","T14",8,4,2016-07-11,2016-07-26,16,0,16,"Bradley_Woods",NA,"summer","summer.forage"
"BW1006","T15",1,1,2016-07-27,2016-08-11,16,0,16,"Bradley_Woods",NA,"summer","summer.forage"
"BW1006","T16",8,0,2016-08-12,2016-08-27,16,0,16,"Bradley_Woods",NA,"summer","summer.forage"
"BW1006","T17",12,0,2016-08-28,2016-09-12,16,0,16,"Bradley_Woods",NA,"summer","summer.forage"
"BW1006","T18",10,0,2016-09-13,2016-09-28,16,0,16,"Bradley_Woods",NA,"autumn","summer.forage"
"BW1006","T19",9,0,2016-09-29,2016-10-14,16,0,16,"Bradley_Woods",NA,"autumn","rut"
"BW1006","T2",14,2,2017-01-17,2017-02-01,16,0,16,"Bradley_Woods",NA,"winter","winter.forage"
"BW1006","T20",26,0,2016-10-15,2016-10-30,16,0,16,"Bradley_Woods",NA,"autumn","rut"
"BW1006","T21",36,4,2016-10-31,2016-11-15,16,0,16,"Bradley_Woods",NA,"autumn","rut"
"BW1006","T22",25,0,2016-11-16,2016-12-01,16,0,16,"Bradley_Woods",NA,"autumn","rut"
"BW1006","T23",20,0,2016-12-02,2016-12-17,16,0,16,"Bradley_Woods",NA,"autumn","rut"
"BW1006","T24",16,1,2016-12-18,2016-12-31,14,0,14,"Bradley_Woods",NA,"winter","rut"
"BW1006","T3",13,4,2017-02-02,2017-02-17,16,0,16,"Bradley_Woods",NA,"winter","winter.forage"
"BW1006","T4",28,0,2017-02-18,2017-03-05,16,0,16,"Bradley_Woods",NA,"winter","winter.forage"
"BW1006","T5",11,7,2017-03-06,2017-03-21,16,0,16,"Bradley_Woods",NA,"winter","winter.forage"
"BW1006","T6",14,2,2017-03-22,2017-04-06,16,0,16,"Bradley_Woods",NA,"spring","winter.forage"
"BW1006","T7",2,2,2017-04-07,2017-04-22,16,0,16,"Bradley_Woods",NA,"spring","fawning"
"BW1006","T8",11,0,2017-04-23,2017-05-08,16,0,16,"Bradley_Woods",NA,"spring","fawning"
"BW1006","T9",2,0,2017-05-09,2017-05-24,16,0,16,"Bradley_Woods",NA,"spring","fawning"
"BW1050","T1",10,5,2017-01-01,2017-01-16,16,0,16,"Bradley_Woods",NA,"winter","winter.forage"
"BW1050","T10",3,2,2017-05-25,2017-06-09,16,0,16,"Bradley_Woods",NA,"spring","fawning"
"BW1050","T11",0,0,2017-06-10,2017-06-25,16,0,16,"Bradley_Woods",NA,"spring","fawning"
"BW1050","T12",1,0,2017-06-26,2017-06-30,5,0,5,"Bradley_Woods",NA,"summer","fawning"
"BW1050","T13",6,0,2016-07-01,2016-07-10,10,0,10,"Bradley_Woods",NA,"summer","summer.forage"
"BW1050","T14",5,1,2016-07-11,2016-07-26,16,0,16,"Bradley_Woods",NA,"summer","summer.forage"
"BW1050","T15",14,0,2016-07-27,2016-08-11,16,0,16,"Bradley_Woods",NA,"summer","summer.forage"
"BW1050","T16",6,3,2016-08-12,2016-08-27,16,0,16,"Bradley_Woods",NA,"summer","summer.forage"
"BW1050","T17",12,2,2016-08-28,2016-09-12,16,0,16,"Bradley_Woods",NA,"summer","summer.forage"
"BW1050","T18",15,0,2016-09-13,2016-09-28,16,0,16,"Bradley_Woods",NA,"autumn","summer.forage"
"BW1050","T19",22,2,2016-09-29,2016-10-14,16,0,16,"Bradley_Woods",NA,"autumn","rut"
"BW1050","T2",12,1,2017-01-17,2017-02-01,16,0,16,"Bradley_Woods",NA,"winter","winter.forage"
"BW1050","T20",24,1,2016-10-15,2016-10-30,16,0,16,"Bradley_Woods",NA,"autumn","rut"
"BW1050","T21",52,1,2016-10-31,2016-11-15,16,0,16,"Bradley_Woods",NA,"autumn","rut"
"BW1050","T22",36,0,2016-11-16,2016-12-01,16,0,16,"Bradley_Woods",NA,"autumn","rut"
"BW1050","T23",16,0,2016-12-02,2016-12-17,16,0,16,"Bradley_Woods",NA,"autumn","rut"
"BW1050","T24",15,1,2016-12-18,2016-12-31,14,0,14,"Bradley_Woods",NA,"winter","rut"
"BW1050","T3",20,1,2017-02-02,2017-02-17,16,0,16,"Bradley_Woods",NA,"winter","winter.forage"
"BW1050","T4",8,0,2017-02-18,2017-03-05,16,0,16,"Bradley_Woods",NA,"winter","winter.forage"
"BW1050","T5",5,1,2017-03-06,2017-03-21,16,0,16,"Bradley_Woods",NA,"winter","winter.forage"
"BW1050","T6",26,0,2017-03-22,2017-04-06,16,0,16,"Bradley_Woods",NA,"spring","winter.forage"
"BW1050","T7",26,0,2017-04-07,2017-04-22,16,0,16,"Bradley_Woods",NA,"spring","fawning"
"BW1050","T8",28,1,2017-04-23,2017-05-08,16,0,16,"Bradley_Woods",NA,"spring","fawning"
"BW1050","T9",8,1,2017-05-09,2017-05-24,16,0,16,"Bradley_Woods",NA,"spring","fawning"
"BW1070","T1",18,1,2017-01-01,2017-01-16,16,0,16,"Bradley_Woods",NA,"winter","winter.forage"
"BW1070","T10",5,1,2017-05-25,2017-06-09,16,0,16,"Bradley_Woods",NA,"spring","fawning"
"BW1070","T11",3,0,2017-06-10,2017-06-25,16,0,16,"Bradley_Woods",NA,"spring","fawning"
"BW1070","T12",3,0,2017-06-26,2017-06-30,5,0,5,"Bradley_Woods",NA,"summer","fawning"
"BW1070","T13",2,0,2016-07-01,2016-07-10,10,0,10,"Bradley_Woods",NA,"summer","summer.forage"
"BW1070","T14",2,0,2016-07-11,2016-07-26,16,0,16,"Bradley_Woods",NA,"summer","summer.forage"
"BW1070","T15",3,0,2016-07-27,2016-08-11,16,0,16,"Bradley_Woods",NA,"summer","summer.forage"
"BW1070","T16",6,0,2016-08-12,2016-08-27,16,0,16,"Bradley_Woods",NA,"summer","summer.forage"
"BW1070","T17",2,1,2016-08-28,2016-09-12,16,0,16,"Bradley_Woods",NA,"summer","summer.forage"
"BW1070","T18",4,0,2016-09-13,2016-09-28,16,0,16,"Bradley_Woods",NA,"autumn","summer.forage"
"BW1070","T19",11,0,2016-09-29,2016-10-14,16,0,16,"Bradley_Woods",NA,"autumn","rut"
"BW1070","T2",9,0,2017-01-17,2017-02-01,16,0,16,"Bradley_Woods",NA,"winter","winter.forage"
"BW1070","T20",13,1,2016-10-15,2016-10-30,16,0,16,"Bradley_Woods",NA,"autumn","rut"
"BW1070","T21",24,1,2016-10-31,2016-11-15,16,0,16,"Bradley_Woods",NA,"autumn","rut"
"BW1070","T22",41,0,2016-11-16,2016-12-01,16,0,16,"Bradley_Woods",NA,"autumn","rut"
"BW1070","T23",39,3,2016-12-02,2016-12-17,16,0,16,"Bradley_Woods",NA,"autumn","rut"
"BW1070","T24",26,3,2016-12-18,2016-12-31,14,0,14,"Bradley_Woods",NA,"winter","rut"
"BW1070","T3",13,0,2017-02-02,2017-02-17,16,0,16,"Bradley_Woods",NA,"winter","winter.forage"
"BW1070","T4",22,0,2017-02-18,2017-03-05,16,0,16,"Bradley_Woods",NA,"winter","winter.forage"
"BW1070","T5",11,1,2017-03-06,2017-03-21,16,0,16,"Bradley_Woods",NA,"winter","winter.forage"
"BW1070","T6",3,1,2017-03-22,2017-04-06,16,0,16,"Bradley_Woods",NA,"spring","winter.forage"
"BW1070","T7",8,0,2017-04-07,2017-04-22,16,0,16,"Bradley_Woods",NA,"spring","fawning"
"BW1070","T8",2,0,2017-04-23,2017-05-08,16,0,16,"Bradley_Woods",NA,"spring","fawning"
"BW1070","T9",4,0,2017-05-09,2017-05-24,16,0,16,"Bradley_Woods",NA,"spring","fawning"
"BW1114","T1",14,5,2017-01-01,2017-01-16,16,0,16,"Bradley_Woods",NA,"winter","winter.forage"
"BW1114","T10",6,4,2017-05-25,2017-06-09,16,0,16,"Bradley_Woods",NA,"spring","fawning"
"BW1114","T11",5,1,2017-06-10,2017-06-25,16,0,16,"Bradley_Woods",NA,"spring","fawning"
"BW1114","T12",1,0,2017-06-26,2017-06-30,5,0,5,"Bradley_Woods",NA,"summer","fawning"
"BW1114","T13",8,0,2016-07-01,2016-07-10,10,0,10,"Bradley_Woods",NA,"summer","summer.forage"
"BW1114","T14",13,0,2016-07-11,2016-07-26,16,0,16,"Bradley_Woods",NA,"summer","summer.forage"
"BW1114","T15",16,1,2016-07-27,2016-08-11,16,0,16,"Bradley_Woods",NA,"summer","summer.forage"
"BW1114","T16",14,0,2016-08-12,2016-08-27,16,0,16,"Bradley_Woods",NA,"summer","summer.forage"
"BW1114","T17",17,1,2016-08-28,2016-09-12,16,0,16,"Bradley_Woods",NA,"summer","summer.forage"
"BW1114","T18",11,1,2016-09-13,2016-09-28,16,0,16,"Bradley_Woods",NA,"autumn","summer.forage"
"BW1114","T19",22,2,2016-09-29,2016-10-14,16,0,16,"Bradley_Woods",NA,"autumn","rut"
"BW1114","T2",8,7,2017-01-17,2017-02-01,16,0,16,"Bradley_Woods",NA,"winter","winter.forage"
"BW1114","T20",32,1,2016-10-15,2016-10-30,16,0,16,"Bradley_Woods",NA,"autumn","rut"
"BW1114","T21",40,7,2016-10-31,2016-11-15,16,0,16,"Bradley_Woods",NA,"autumn","rut"
"BW1114","T22",25,12,2016-11-16,2016-12-01,16,0,16,"Bradley_Woods",NA,"autumn","rut"
"BW1114","T23",24,9,2016-12-02,2016-12-17,16,0,16,"Bradley_Woods",NA,"autumn","rut"
"BW1114","T24",13,3,2016-12-18,2016-12-31,14,0,14,"Bradley_Woods",NA,"winter","rut"
"BW1114","T3",6,2,2017-02-02,2017-02-17,16,0,16,"Bradley_Woods",NA,"winter","winter.forage"
"BW1114","T4",7,1,2017-02-18,2017-03-05,16,0,16,"Bradley_Woods",NA,"winter","winter.forage"
"BW1114","T5",3,1,2017-03-06,2017-03-21,16,0,16,"Bradley_Woods",NA,"winter","winter.forage"
"BW1114","T6",19,1,2017-03-22,2017-04-06,16,0,16,"Bradley_Woods",NA,"spring","winter.forage"
"BW1114","T7",7,1,2017-04-07,2017-04-22,16,0,16,"Bradley_Woods",NA,"spring","fawning"
"BW1114","T8",5,1,2017-04-23,2017-05-08,16,0,16,"Bradley_Woods",NA,"spring","fawning"
"BW1114","T9",6,0,2017-05-09,2017-05-24,16,0,16,"Bradley_Woods",NA,"spring","fawning"
"BW1134","T1",29,2,2017-01-01,2017-01-16,16,0,16,"Bradley_Woods",NA,"winter","winter.forage"
"BW1134","T10",8,1,2017-05-25,2017-06-09,16,0,16,"Bradley_Woods",NA,"spring","fawning"
"BW1134","T11",4,1,2017-06-10,2017-06-25,16,0,16,"Bradley_Woods",NA,"spring","fawning"
"BW1134","T12",0,0,2017-06-26,2017-06-30,5,0,5,"Bradley_Woods",NA,"summer","fawning"
"BW1134","T13",11,0,2016-07-01,2016-07-10,10,0,10,"Bradley_Woods",NA,"summer","summer.forage"
"BW1134","T14",7,0,2016-07-11,2016-07-26,16,0,16,"Bradley_Woods",NA,"summer","summer.forage"
"BW1134","T15",13,0,2016-07-27,2016-08-11,16,0,16,"Bradley_Woods",NA,"summer","summer.forage"
"BW1134","T16",14,0,2016-08-12,2016-08-27,16,0,16,"Bradley_Woods",NA,"summer","summer.forage"
"BW1134","T17",9,1,2016-08-28,2016-09-12,16,0,16,"Bradley_Woods",NA,"summer","summer.forage"
"BW1134","T18",8,1,2016-09-13,2016-09-28,16,0,16,"Bradley_Woods",NA,"autumn","summer.forage"
"BW1134","T19",6,2,2016-09-29,2016-10-14,16,0,16,"Bradley_Woods",NA,"autumn","rut"
"BW1134","T2",17,1,2017-01-17,2017-02-01,16,0,16,"Bradley_Woods",NA,"winter","winter.forage"
"BW1134","T20",17,5,2016-10-15,2016-10-30,16,0,16,"Bradley_Woods",NA,"autumn","rut"
"BW1134","T21",32,2,2016-10-31,2016-11-15,16,0,16,"Bradley_Woods",NA,"autumn","rut"
"BW1134","T22",27,0,2016-11-16,2016-12-01,16,0,16,"Bradley_Woods",NA,"autumn","rut"
"BW1134","T23",31,0,2016-12-02,2016-12-17,16,0,16,"Bradley_Woods",NA,"autumn","rut"
"BW1134","T24",18,0,2016-12-18,2016-12-31,14,0,14,"Bradley_Woods",NA,"winter","rut"
"BW1134","T3",8,4,2017-02-02,2017-02-17,16,0,16,"Bradley_Woods",NA,"winter","winter.forage"
"BW1134","T4",16,2,2017-02-18,2017-03-05,16,0,16,"Bradley_Woods",NA,"winter","winter.forage"
"BW1134","T5",14,0,2017-03-06,2017-03-21,16,0,16,"Bradley_Woods",NA,"winter","winter.forage"
"BW1134","T6",6,1,2017-03-22,2017-04-06,16,0,16,"Bradley_Woods",NA,"spring","winter.forage"
"BW1134","T7",0,0,2017-04-07,2017-04-22,16,0,16,"Bradley_Woods",NA,"spring","fawning"
"BW1134","T8",8,0,2017-04-23,2017-05-08,16,0,16,"Bradley_Woods",NA,"spring","fawning"
"BW1134","T9",18,6,2017-05-09,2017-05-24,16,0,16,"Bradley_Woods",NA,"spring","fawning"
"BW1178","T1",27,0,2017-01-01,2017-01-16,16,0,16,"Bradley_Woods",NA,"winter","winter.forage"
"BW1178","T10",14,0,2017-05-25,2017-06-09,16,0,16,"Bradley_Woods",NA,"spring","fawning"
"BW1178","T11",1,0,2017-06-10,2017-06-25,16,0,16,"Bradley_Woods",NA,"spring","fawning"
"BW1178","T12",2,0,2017-06-26,2017-06-30,5,0,5,"Bradley_Woods",NA,"summer","fawning"
"BW1178","T13",6,0,2016-07-01,2016-07-10,10,0,10,"Bradley_Woods",NA,"summer","summer.forage"
"BW1178","T14",15,1,2016-07-11,2016-07-26,16,0,16,"Bradley_Woods",NA,"summer","summer.forage"
"BW1178","T15",9,2,2016-07-27,2016-08-11,16,0,16,"Bradley_Woods",NA,"summer","summer.forage"
"BW1178","T16",9,1,2016-08-12,2016-08-27,16,0,16,"Bradley_Woods",NA,"summer","summer.forage"
"BW1178","T17",9,1,2016-08-28,2016-09-12,16,0,16,"Bradley_Woods",NA,"summer","summer.forage"
"BW1178","T18",6,1,2016-09-13,2016-09-28,16,0,16,"Bradley_Woods",NA,"autumn","summer.forage"
"BW1178","T19",18,2,2016-09-29,2016-10-14,16,0,16,"Bradley_Woods",NA,"autumn","rut"
"BW1178","T2",22,0,2017-01-17,2017-02-01,16,0,16,"Bradley_Woods",NA,"winter","winter.forage"
"BW1178","T20",27,0,2016-10-15,2016-10-30,16,0,16,"Bradley_Woods",NA,"autumn","rut"
"BW1178","T21",44,1,2016-10-31,2016-11-15,16,0,16,"Bradley_Woods",NA,"autumn","rut"
"BW1178","T22",22,0,2016-11-16,2016-12-01,16,0,16,"Bradley_Woods",NA,"autumn","rut"
"BW1178","T23",28,0,2016-12-02,2016-12-17,16,0,16,"Bradley_Woods",NA,"autumn","rut"
"BW1178","T24",17,0,2016-12-18,2016-12-31,14,0,14,"Bradley_Woods",NA,"winter","rut"
"BW1178","T3",16,2,2017-02-02,2017-02-17,16,0,16,"Bradley_Woods",NA,"winter","winter.forage"
"BW1178","T4",9,1,2017-02-18,2017-03-05,16,0,16,"Bradley_Woods",NA,"winter","winter.forage"
"BW1178","T5",10,0,2017-03-06,2017-03-21,16,0,16,"Bradley_Woods",NA,"winter","winter.forage"
"BW1178","T6",8,2,2017-03-22,2017-04-06,16,0,16,"Bradley_Woods",NA,"spring","winter.forage"
"BW1178","T7",5,2,2017-04-07,2017-04-22,16,0,16,"Bradley_Woods",NA,"spring","fawning"
"BW1178","T8",5,3,2017-04-23,2017-05-08,16,0,16,"Bradley_Woods",NA,"spring","fawning"
"BW1178","T9",17,0,2017-05-09,2017-05-24,16,0,16,"Bradley_Woods",NA,"spring","fawning"
"BW1198","T1",6,0,2017-01-01,2017-01-16,16,0,16,"Bradley_Woods",NA,"winter","winter.forage"
"BW1198","T10",3,0,2017-05-25,2017-06-09,16,0,16,"Bradley_Woods",NA,"spring","fawning"
"BW1198","T11",0,2,2017-06-10,2017-06-25,16,0,16,"Bradley_Woods",NA,"spring","fawning"
"BW1198","T12",0,0,2017-06-26,2017-06-30,5,0,5,"Bradley_Woods",NA,"summer","fawning"
"BW1198","T13",2,0,2016-07-01,2016-07-10,10,0,10,"Bradley_Woods",NA,"summer","summer.forage"
"BW1198","T14",1,0,2016-07-11,2016-07-26,16,0,16,"Bradley_Woods",NA,"summer","summer.forage"
"BW1198","T15",5,0,2016-07-27,2016-08-11,16,0,16,"Bradley_Woods",NA,"summer","summer.forage"
"BW1198","T16",6,0,2016-08-12,2016-08-27,16,0,16,"Bradley_Woods",NA,"summer","summer.forage"
"BW1198","T17",14,0,2016-08-28,2016-09-12,16,0,16,"Bradley_Woods",NA,"summer","summer.forage"
"BW1198","T18",10,1,2016-09-13,2016-09-28,16,0,16,"Bradley_Woods",NA,"autumn","summer.forage"
"BW1198","T19",8,0,2016-09-29,2016-10-14,16,0,16,"Bradley_Woods",NA,"autumn","rut"
"BW1198","T2",4,1,2017-01-17,2017-02-01,16,0,16,"Bradley_Woods",NA,"winter","winter.forage"
"BW1198","T20",15,1,2016-10-15,2016-10-30,16,0,16,"Bradley_Woods",NA,"autumn","rut"
"BW1198","T21",27,0,2016-10-31,2016-11-15,16,0,16,"Bradley_Woods",NA,"autumn","rut"
"BW1198","T22",15,1,2016-11-16,2016-12-01,16,0,16,"Bradley_Woods",NA,"autumn","rut"
"BW1198","T23",9,0,2016-12-02,2016-12-17,16,0,16,"Bradley_Woods",NA,"autumn","rut"
"BW1198","T24",3,0,2016-12-18,2016-12-31,14,0,14,"Bradley_Woods",NA,"winter","rut"
"BW1198","T3",7,0,2017-02-02,2017-02-17,16,0,16,"Bradley_Woods",NA,"winter","winter.forage"
"BW1198","T4",6,3,2017-02-18,2017-03-05,16,0,16,"Bradley_Woods",NA,"winter","winter.forage"
"BW1198","T5",9,0,2017-03-06,2017-03-21,16,0,16,"Bradley_Woods",NA,"winter","winter.forage"
"BW1198","T6",4,2,2017-03-22,2017-04-06,16,0,16,"Bradley_Woods",NA,"spring","winter.forage"
"BW1198","T7",4,0,2017-04-07,2017-04-22,16,0,16,"Bradley_Woods",NA,"spring","fawning"
"BW1198","T8",8,0,2017-04-23,2017-05-08,16,0,16,"Bradley_Woods",NA,"spring","fawning"
"BW1198","T9",3,0,2017-05-09,2017-05-24,16,0,16,"Bradley_Woods",NA,"spring","fawning"
"EC1036","T1",5,2,2017-01-01,2017-01-16,16,0,16,"Euclid_Creek",NA,"winter","winter.forage"
"EC1036","T10",9,1,2017-05-25,2017-06-09,16,0,16,"Euclid_Creek",NA,"spring","fawning"
"EC1036","T11",15,1,2017-06-10,2017-06-25,16,0,16,"Euclid_Creek",NA,"spring","fawning"
"EC1036","T12",0,0,2017-06-26,2017-06-30,5,0,5,"Euclid_Creek",NA,"summer","fawning"
"EC1036","T13",1,0,2016-07-01,2016-07-10,10,0,10,"Euclid_Creek",NA,"summer","summer.forage"
"EC1036","T14",14,0,2016-07-11,2016-07-26,16,0,16,"Euclid_Creek",NA,"summer","summer.forage"
"EC1036","T15",11,1,2016-07-27,2016-08-11,16,0,16,"Euclid_Creek",NA,"summer","summer.forage"
"EC1036","T16",23,0,2016-08-12,2016-08-27,16,0,16,"Euclid_Creek",NA,"summer","summer.forage"
"EC1036","T17",22,1,2016-08-28,2016-09-12,16,0,16,"Euclid_Creek",NA,"summer","summer.forage"
"EC1036","T18",20,2,2016-09-13,2016-09-28,16,0,16,"Euclid_Creek",NA,"autumn","summer.forage"
"EC1036","T19",8,4,2016-09-29,2016-10-14,16,0,16,"Euclid_Creek",NA,"autumn","rut"
"EC1036","T2",8,3,2017-01-17,2017-02-01,16,0,16,"Euclid_Creek",NA,"winter","winter.forage"
"EC1036","T20",16,2,2016-10-15,2016-10-30,16,0,16,"Euclid_Creek",NA,"autumn","rut"
"EC1036","T21",21,2,2016-10-31,2016-11-15,16,0,16,"Euclid_Creek",NA,"autumn","rut"
"EC1036","T22",15,0,2016-11-16,2016-12-01,16,0,16,"Euclid_Creek",NA,"autumn","rut"
"EC1036","T23",8,4,2016-12-02,2016-12-17,16,0,16,"Euclid_Creek",NA,"autumn","rut"
"EC1036","T24",11,3,2016-12-18,2016-12-31,14,0,14,"Euclid_Creek",NA,"winter","rut"
"EC1036","T3",5,3,2017-02-02,2017-02-17,16,0,16,"Euclid_Creek",NA,"winter","winter.forage"
"EC1036","T4",9,1,2017-02-18,2017-03-05,16,0,16,"Euclid_Creek",NA,"winter","winter.forage"
"EC1036","T5",11,2,2017-03-06,2017-03-21,16,0,16,"Euclid_Creek",NA,"winter","winter.forage"
"EC1036","T6",7,1,2017-03-22,2017-04-06,16,0,16,"Euclid_Creek",NA,"spring","winter.forage"
"EC1036","T7",5,2,2017-04-07,2017-04-22,16,0,16,"Euclid_Creek",NA,"spring","fawning"
"EC1036","T8",11,0,2017-04-23,2017-05-08,16,0,16,"Euclid_Creek",NA,"spring","fawning"
"EC1036","T9",9,1,2017-05-09,2017-05-24,16,0,16,"Euclid_Creek",NA,"spring","fawning"
"EC1148","T1",1,3,2017-01-01,2017-01-16,16,0,16,"Euclid_Creek",NA,"winter","winter.forage"
"EC1148","T10",9,0,2017-05-25,2017-06-09,16,0,16,"Euclid_Creek",NA,"spring","fawning"
"EC1148","T11",7,0,2017-06-10,2017-06-25,16,0,16,"Euclid_Creek",NA,"spring","fawning"
"EC1148","T12",0,0,2017-06-26,2017-06-30,5,0,5,"Euclid_Creek",NA,"summer","fawning"
"EC1148","T13",5,0,2016-07-01,2016-07-10,10,0,10,"Euclid_Creek",NA,"summer","summer.forage"
"EC1148","T14",24,0,2016-07-11,2016-07-26,16,0,16,"Euclid_Creek",NA,"summer","summer.forage"
"EC1148","T15",3,0,2016-07-27,2016-08-11,16,0,16,"Euclid_Creek",NA,"summer","summer.forage"
"EC1148","T16",8,0,2016-08-12,2016-08-27,16,0,16,"Euclid_Creek",NA,"summer","summer.forage"
"EC1148","T17",14,0,2016-08-28,2016-09-12,16,0,16,"Euclid_Creek",NA,"summer","summer.forage"
"EC1148","T18",13,0,2016-09-13,2016-09-28,16,0,16,"Euclid_Creek",NA,"autumn","summer.forage"
"EC1148","T19",47,0,2016-09-29,2016-10-14,16,0,16,"Euclid_Creek",NA,"autumn","rut"
"EC1148","T2",3,0,2017-01-17,2017-02-01,16,0,16,"Euclid_Creek",NA,"winter","winter.forage"
"EC1148","T20",14,2,2016-10-15,2016-10-30,16,0,16,"Euclid_Creek",NA,"autumn","rut"
"EC1148","T21",7,1,2016-10-31,2016-11-15,16,0,16,"Euclid_Creek",NA,"autumn","rut"
"EC1148","T22",4,0,2016-11-16,2016-12-01,16,0,16,"Euclid_Creek",NA,"autumn","rut"
"EC1148","T23",0,1,2016-12-02,2016-12-17,16,0,16,"Euclid_Creek",NA,"autumn","rut"
"EC1148","T24",2,1,2016-12-18,2016-12-31,14,0,14,"Euclid_Creek",NA,"winter","rut"
"EC1148","T3",2,1,2017-02-02,2017-02-17,16,0,16,"Euclid_Creek",NA,"winter","winter.forage"
"EC1148","T4",1,0,2017-02-18,2017-03-05,16,0,16,"Euclid_Creek",NA,"winter","winter.forage"
"EC1148","T5",5,0,2017-03-06,2017-03-21,16,0,16,"Euclid_Creek",NA,"winter","winter.forage"
"EC1148","T6",4,0,2017-03-22,2017-04-06,16,0,16,"Euclid_Creek",NA,"spring","winter.forage"
"EC1148","T7",10,0,2017-04-07,2017-04-22,16,0,16,"Euclid_Creek",NA,"spring","fawning"
"EC1148","T8",15,0,2017-04-23,2017-05-08,16,0,16,"Euclid_Creek",NA,"spring","fawning"
"EC1148","T9",22,0,2017-05-09,2017-05-24,16,0,16,"Euclid_Creek",NA,"spring","fawning"
"GP1164","T1",1,0,2017-01-01,2017-01-16,16,0,16,"Garfield_Park",NA,"winter","winter.forage"
"GP1164","T10",57,0,2017-05-25,2017-06-09,16,0,16,"Garfield_Park",NA,"spring","fawning"
"GP1164","T11",49,0,2017-06-10,2017-06-25,16,0,16,"Garfield_Park",NA,"spring","fawning"
"GP1164","T12",1,0,2017-06-26,2017-06-30,5,0,5,"Garfield_Park",NA,"summer","fawning"
"GP1164","T13",21,0,2016-07-01,2016-07-10,10,0,10,"Garfield_Park",NA,"summer","summer.forage"
"GP1164","T14",26,0,2016-07-11,2016-07-26,16,0,16,"Garfield_Park",NA,"summer","summer.forage"
"GP1164","T15",11,0,2016-07-27,2016-08-11,16,0,16,"Garfield_Park",NA,"summer","summer.forage"
"GP1164","T16",15,0,2016-08-12,2016-08-27,16,0,16,"Garfield_Park",NA,"summer","summer.forage"
"GP1164","T17",14,1,2016-08-28,2016-09-12,16,0,16,"Garfield_Park",NA,"summer","summer.forage"
"GP1164","T18",6,0,2016-09-13,2016-09-28,16,0,16,"Garfield_Park",NA,"autumn","summer.forage"
"GP1164","T19",8,0,2016-09-29,2016-10-14,16,0,16,"Garfield_Park",NA,"autumn","rut"
"GP1164","T2",11,0,2017-01-17,2017-02-01,16,0,16,"Garfield_Park",NA,"winter","winter.forage"
"GP1164","T20",6,1,2016-10-15,2016-10-30,16,0,16,"Garfield_Park",NA,"autumn","rut"
"GP1164","T21",11,0,2016-10-31,2016-11-15,16,0,16,"Garfield_Park",NA,"autumn","rut"
"GP1164","T22",14,0,2016-11-16,2016-12-01,16,0,16,"Garfield_Park",NA,"autumn","rut"
"GP1164","T23",4,0,2016-12-02,2016-12-17,16,0,16,"Garfield_Park",NA,"autumn","rut"
"GP1164","T24",6,0,2016-12-18,2016-12-31,14,0,14,"Garfield_Park",NA,"winter","rut"
"GP1164","T3",3,0,2017-02-02,2017-02-17,16,0,16,"Garfield_Park",NA,"winter","winter.forage"
"GP1164","T4",3,0,2017-02-18,2017-03-05,16,0,16,"Garfield_Park",NA,"winter","winter.forage"
"GP1164","T5",7,0,2017-03-06,2017-03-21,16,0,16,"Garfield_Park",NA,"winter","winter.forage"
"GP1164","T6",10,0,2017-03-22,2017-04-06,16,0,16,"Garfield_Park",NA,"spring","winter.forage"
"GP1164","T7",20,1,2017-04-07,2017-04-22,16,0,16,"Garfield_Park",NA,"spring","fawning"
"GP1164","T8",20,0,2017-04-23,2017-05-08,16,0,16,"Garfield_Park",NA,"spring","fawning"
"GP1164","T9",37,0,2017-05-09,2017-05-24,16,0,16,"Garfield_Park",NA,"spring","fawning"
"HI1002","T1",3,0,2017-01-01,2017-01-16,16,0,16,"Hinckley",NA,"winter","winter.forage"
"HI1002","T10",1,0,2017-05-25,2017-06-09,16,9,7,"Hinckley",NA,"spring","fawning"
"HI1002","T11",1,0,2017-06-10,2017-06-25,16,0,16,"Hinckley",NA,"spring","fawning"
"HI1002","T12",0,0,2017-06-26,2017-06-30,5,0,5,"Hinckley",NA,"summer","fawning"
"HI1002","T13",1,0,2016-07-01,2016-07-10,10,0,10,"Hinckley",NA,"summer","summer.forage"
"HI1002","T14",1,0,2016-07-11,2016-07-26,16,0,16,"Hinckley",NA,"summer","summer.forage"
"HI1002","T15",4,2,2016-07-27,2016-08-11,16,0,16,"Hinckley",NA,"summer","summer.forage"
"HI1002","T16",1,0,2016-08-12,2016-08-27,16,0,16,"Hinckley",NA,"summer","summer.forage"
"HI1002","T17",1,0,2016-08-28,2016-09-12,16,0,16,"Hinckley",NA,"summer","summer.forage"
"HI1002","T18",2,0,2016-09-13,2016-09-28,16,0,16,"Hinckley",NA,"autumn","summer.forage"
"HI1002","T19",4,0,2016-09-29,2016-10-14,16,0,16,"Hinckley",NA,"autumn","rut"
"HI1002","T2",5,0,2017-01-17,2017-02-01,16,0,16,"Hinckley",NA,"winter","winter.forage"
"HI1002","T20",3,0,2016-10-15,2016-10-30,16,0,16,"Hinckley",NA,"autumn","rut"
"HI1002","T21",12,0,2016-10-31,2016-11-15,16,0,16,"Hinckley",NA,"autumn","rut"
"HI1002","T22",15,0,2016-11-16,2016-12-01,16,0,16,"Hinckley",NA,"autumn","rut"
"HI1002","T23",4,2,2016-12-02,2016-12-17,16,0,16,"Hinckley",NA,"autumn","rut"
"HI1002","T24",6,0,2016-12-18,2016-12-31,14,0,14,"Hinckley",NA,"winter","rut"
"HI1002","T3",1,0,2017-02-02,2017-02-17,16,0,16,"Hinckley",NA,"winter","winter.forage"
"HI1002","T4",0,0,2017-02-18,2017-03-05,16,0,16,"Hinckley",NA,"winter","winter.forage"
"HI1002","T5",3,0,2017-03-06,2017-03-21,16,0,16,"Hinckley",NA,"winter","winter.forage"
"HI1002","T6",1,0,2017-03-22,2017-04-06,16,0,16,"Hinckley",NA,"spring","winter.forage"
"HI1002","T7",2,1,2017-04-07,2017-04-22,16,0,16,"Hinckley",NA,"spring","fawning"
"HI1002","T8",0,0,2017-04-23,2017-05-08,16,12,4,"Hinckley",NA,"spring","fawning"
"HI1002","T9",0,0,2017-05-09,2017-05-24,16,16,0,"Hinckley",NA,"spring","fawning"
"HI1005","T1",20,1,2017-01-01,2017-01-16,16,0,16,"Hinckley",NA,"winter","winter.forage"
"HI1005","T10",29,3,2017-05-25,2017-06-09,16,0,16,"Hinckley",NA,"spring","fawning"
"HI1005","T11",3,1,2017-06-10,2017-06-25,16,0,16,"Hinckley",NA,"spring","fawning"
"HI1005","T12",0,0,2017-06-26,2017-06-30,5,0,5,"Hinckley",NA,"summer","fawning"
"HI1005","T13",10,0,2016-07-01,2016-07-10,10,0,10,"Hinckley",NA,"summer","summer.forage"
"HI1005","T14",7,0,2016-07-11,2016-07-26,16,0,16,"Hinckley",NA,"summer","summer.forage"
"HI1005","T15",11,0,2016-07-27,2016-08-11,16,0,16,"Hinckley",NA,"summer","summer.forage"
"HI1005","T16",18,0,2016-08-12,2016-08-27,16,0,16,"Hinckley",NA,"summer","summer.forage"
"HI1005","T17",6,1,2016-08-28,2016-09-12,16,0,16,"Hinckley",NA,"summer","summer.forage"
"HI1005","T18",13,2,2016-09-13,2016-09-28,16,0,16,"Hinckley",NA,"autumn","summer.forage"
"HI1005","T19",22,2,2016-09-29,2016-10-14,16,0,16,"Hinckley",NA,"autumn","rut"
"HI1005","T2",27,1,2017-01-17,2017-02-01,16,0,16,"Hinckley",NA,"winter","winter.forage"
"HI1005","T20",34,1,2016-10-15,2016-10-30,16,0,16,"Hinckley",NA,"autumn","rut"
"HI1005","T21",39,2,2016-10-31,2016-11-15,16,0,16,"Hinckley",NA,"autumn","rut"
"HI1005","T22",22,3,2016-11-16,2016-12-01,16,0,16,"Hinckley",NA,"autumn","rut"
"HI1005","T23",31,3,2016-12-02,2016-12-17,16,0,16,"Hinckley",NA,"autumn","rut"
"HI1005","T24",12,1,2016-12-18,2016-12-31,14,0,14,"Hinckley",NA,"winter","rut"
"HI1005","T3",14,6,2017-02-02,2017-02-17,16,0,16,"Hinckley",NA,"winter","winter.forage"
"HI1005","T4",22,3,2017-02-18,2017-03-05,16,0,16,"Hinckley",NA,"winter","winter.forage"
"HI1005","T5",7,0,2017-03-06,2017-03-21,16,0,16,"Hinckley",NA,"winter","winter.forage"
"HI1005","T6",24,2,2017-03-22,2017-04-06,16,0,16,"Hinckley",NA,"spring","winter.forage"
"HI1005","T7",37,0,2017-04-07,2017-04-22,16,0,16,"Hinckley",NA,"spring","fawning"
"HI1005","T8",30,0,2017-04-23,2017-05-08,16,0,16,"Hinckley",NA,"spring","fawning"
"HI1005","T9",20,0,2017-05-09,2017-05-24,16,0,16,"Hinckley",NA,"spring","fawning"
"HI1009","T1",0,0,2017-01-01,2017-01-16,16,0,16,"Hinckley",NA,"winter","winter.forage"
"HI1009","T10",6,0,2017-05-25,2017-06-09,16,0,16,"Hinckley",NA,"spring","fawning"
"HI1009","T11",0,0,2017-06-10,2017-06-25,16,0,16,"Hinckley",NA,"spring","fawning"
"HI1009","T12",0,0,2017-06-26,2017-06-30,5,0,5,"Hinckley",NA,"summer","fawning"
"HI1009","T13",1,0,2016-07-01,2016-07-10,10,0,10,"Hinckley",NA,"summer","summer.forage"
"HI1009","T14",5,0,2016-07-11,2016-07-26,16,0,16,"Hinckley",NA,"summer","summer.forage"
"HI1009","T15",4,0,2016-07-27,2016-08-11,16,0,16,"Hinckley",NA,"summer","summer.forage"
"HI1009","T16",1,0,2016-08-12,2016-08-27,16,0,16,"Hinckley",NA,"summer","summer.forage"
"HI1009","T17",0,0,2016-08-28,2016-09-12,16,0,16,"Hinckley",NA,"summer","summer.forage"
"HI1009","T18",0,0,2016-09-13,2016-09-28,16,0,16,"Hinckley",NA,"autumn","summer.forage"
"HI1009","T19",6,0,2016-09-29,2016-10-14,16,0,16,"Hinckley",NA,"autumn","rut"
"HI1009","T2",4,0,2017-01-17,2017-02-01,16,0,16,"Hinckley",NA,"winter","winter.forage"
"HI1009","T20",1,0,2016-10-15,2016-10-30,16,0,16,"Hinckley",NA,"autumn","rut"
"HI1009","T21",14,0,2016-10-31,2016-11-15,16,0,16,"Hinckley",NA,"autumn","rut"
"HI1009","T22",11,0,2016-11-16,2016-12-01,16,0,16,"Hinckley",NA,"autumn","rut"
"HI1009","T23",8,0,2016-12-02,2016-12-17,16,0,16,"Hinckley",NA,"autumn","rut"
"HI1009","T24",2,0,2016-12-18,2016-12-31,14,0,14,"Hinckley",NA,"winter","rut"
"HI1009","T3",1,0,2017-02-02,2017-02-17,16,0,16,"Hinckley",NA,"winter","winter.forage"
"HI1009","T4",4,0,2017-02-18,2017-03-05,16,0,16,"Hinckley",NA,"winter","winter.forage"
"HI1009","T5",3,0,2017-03-06,2017-03-21,16,0,16,"Hinckley",NA,"winter","winter.forage"
"HI1009","T6",2,0,2017-03-22,2017-04-06,16,0,16,"Hinckley",NA,"spring","winter.forage"
"HI1009","T7",4,0,2017-04-07,2017-04-22,16,0,16,"Hinckley",NA,"spring","fawning"
"HI1009","T8",6,0,2017-04-23,2017-05-08,16,0,16,"Hinckley",NA,"spring","fawning"
"HI1009","T9",5,1,2017-05-09,2017-05-24,16,0,16,"Hinckley",NA,"spring","fawning"
"HI1018","T1",3,1,2017-01-01,2017-01-16,16,0,16,"Hinckley",NA,"winter","winter.forage"
"HI1018","T10",1,0,2017-05-25,2017-06-09,16,0,16,"Hinckley",NA,"spring","fawning"
"HI1018","T11",0,0,2017-06-10,2017-06-25,16,0,16,"Hinckley",NA,"spring","fawning"
"HI1018","T12",0,0,2017-06-26,2017-06-30,5,0,5,"Hinckley",NA,"summer","fawning"
"HI1018","T13",0,0,2016-07-01,2016-07-10,10,0,10,"Hinckley",NA,"summer","summer.forage"
"HI1018","T14",3,0,2016-07-11,2016-07-26,16,0,16,"Hinckley",NA,"summer","summer.forage"
"HI1018","T15",0,1,2016-07-27,2016-08-11,16,0,16,"Hinckley",NA,"summer","summer.forage"
"HI1018","T16",0,0,2016-08-12,2016-08-27,16,0,16,"Hinckley",NA,"summer","summer.forage"
"HI1018","T17",0,0,2016-08-28,2016-09-12,16,0,16,"Hinckley",NA,"summer","summer.forage"
"HI1018","T18",0,0,2016-09-13,2016-09-28,16,0,16,"Hinckley",NA,"autumn","summer.forage"
"HI1018","T19",1,1,2016-09-29,2016-10-14,16,0,16,"Hinckley",NA,"autumn","rut"
"HI1018","T2",2,0,2017-01-17,2017-02-01,16,0,16,"Hinckley",NA,"winter","winter.forage"
"HI1018","T20",1,0,2016-10-15,2016-10-30,16,0,16,"Hinckley",NA,"autumn","rut"
"HI1018","T21",6,1,2016-10-31,2016-11-15,16,0,16,"Hinckley",NA,"autumn","rut"
"HI1018","T22",1,0,2016-11-16,2016-12-01,16,0,16,"Hinckley",NA,"autumn","rut"
"HI1018","T23",3,0,2016-12-02,2016-12-17,16,0,16,"Hinckley",NA,"autumn","rut"
"HI1018","T24",2,0,2016-12-18,2016-12-31,14,0,14,"Hinckley",NA,"winter","rut"
"HI1018","T3",1,1,2017-02-02,2017-02-17,16,0,16,"Hinckley",NA,"winter","winter.forage"
"HI1018","T4",1,0,2017-02-18,2017-03-05,16,0,16,"Hinckley",NA,"winter","winter.forage"
"HI1018","T5",0,0,2017-03-06,2017-03-21,16,0,16,"Hinckley",NA,"winter","winter.forage"
"HI1018","T6",2,0,2017-03-22,2017-04-06,16,0,16,"Hinckley",NA,"spring","winter.forage"
"HI1018","T7",0,0,2017-04-07,2017-04-22,16,0,16,"Hinckley",NA,"spring","fawning"
"HI1018","T8",1,0,2017-04-23,2017-05-08,16,0,16,"Hinckley",NA,"spring","fawning"
"HI1018","T9",1,0,2017-05-09,2017-05-24,16,0,16,"Hinckley",NA,"spring","fawning"
"HI1021","T1",1,0,2017-01-01,2017-01-16,16,0,16,"Hinckley",NA,"winter","winter.forage"
"HI1021","T10",2,2,2017-05-25,2017-06-09,16,0,16,"Hinckley",NA,"spring","fawning"
"HI1021","T11",2,2,2017-06-10,2017-06-25,16,0,16,"Hinckley",NA,"spring","fawning"
"HI1021","T12",0,0,2017-06-26,2017-06-30,5,0,5,"Hinckley",NA,"summer","fawning"
"HI1021","T13",1,1,2016-07-01,2016-07-10,10,0,10,"Hinckley",NA,"summer","summer.forage"
"HI1021","T14",0,1,2016-07-11,2016-07-26,16,0,16,"Hinckley",NA,"summer","summer.forage"
"HI1021","T15",2,0,2016-07-27,2016-08-11,16,0,16,"Hinckley",NA,"summer","summer.forage"
"HI1021","T16",2,0,2016-08-12,2016-08-27,16,0,16,"Hinckley",NA,"summer","summer.forage"
"HI1021","T17",1,0,2016-08-28,2016-09-12,16,0,16,"Hinckley",NA,"summer","summer.forage"
"HI1021","T18",0,0,2016-09-13,2016-09-28,16,0,16,"Hinckley",NA,"autumn","summer.forage"
"HI1021","T19",0,0,2016-09-29,2016-10-14,16,0,16,"Hinckley",NA,"autumn","rut"
"HI1021","T2",1,1,2017-01-17,2017-02-01,16,0,16,"Hinckley",NA,"winter","winter.forage"
"HI1021","T20",8,0,2016-10-15,2016-10-30,16,0,16,"Hinckley",NA,"autumn","rut"
"HI1021","T21",2,0,2016-10-31,2016-11-15,16,0,16,"Hinckley",NA,"autumn","rut"
"HI1021","T22",1,1,2016-11-16,2016-12-01,16,0,16,"Hinckley",NA,"autumn","rut"
"HI1021","T23",1,0,2016-12-02,2016-12-17,16,0,16,"Hinckley",NA,"autumn","rut"
"HI1021","T24",5,0,2016-12-18,2016-12-31,14,0,14,"Hinckley",NA,"winter","rut"
"HI1021","T3",2,1,2017-02-02,2017-02-17,16,0,16,"Hinckley",NA,"winter","winter.forage"
"HI1021","T4",0,0,2017-02-18,2017-03-05,16,0,16,"Hinckley",NA,"winter","winter.forage"
"HI1021","T5",5,2,2017-03-06,2017-03-21,16,0,16,"Hinckley",NA,"winter","winter.forage"
"HI1021","T6",1,0,2017-03-22,2017-04-06,16,0,16,"Hinckley",NA,"spring","winter.forage"
"HI1021","T7",1,1,2017-04-07,2017-04-22,16,0,16,"Hinckley",NA,"spring","fawning"
"HI1021","T8",0,0,2017-04-23,2017-05-08,16,0,16,"Hinckley",NA,"spring","fawning"
"HI1021","T9",1,1,2017-05-09,2017-05-24,16,0,16,"Hinckley",NA,"spring","fawning"
"HI1034","T1",0,0,2017-01-01,2017-01-16,16,0,16,"Hinckley",NA,"winter","winter.forage"
"HI1034","T10",0,0,2017-05-25,2017-06-09,16,16,0,"Hinckley",NA,"spring","fawning"
"HI1034","T11",0,0,2017-06-10,2017-06-25,16,3,13,"Hinckley",NA,"spring","fawning"
"HI1034","T12",0,0,2017-06-26,2017-06-30,5,0,5,"Hinckley",NA,"summer","fawning"
"HI1034","T13",0,0,2016-07-01,2016-07-10,10,0,10,"Hinckley",NA,"summer","summer.forage"
"HI1034","T14",1,1,2016-07-11,2016-07-26,16,0,16,"Hinckley",NA,"summer","summer.forage"
"HI1034","T15",2,0,2016-07-27,2016-08-11,16,0,16,"Hinckley",NA,"summer","summer.forage"
"HI1034","T16",1,0,2016-08-12,2016-08-27,16,0,16,"Hinckley",NA,"summer","summer.forage"
"HI1034","T17",3,1,2016-08-28,2016-09-12,16,0,16,"Hinckley",NA,"summer","summer.forage"
"HI1034","T18",0,0,2016-09-13,2016-09-28,16,0,16,"Hinckley",NA,"autumn","summer.forage"
"HI1034","T19",1,0,2016-09-29,2016-10-14,16,0,16,"Hinckley",NA,"autumn","rut"
"HI1034","T2",0,0,2017-01-17,2017-02-01,16,0,16,"Hinckley",NA,"winter","winter.forage"
"HI1034","T20",1,0,2016-10-15,2016-10-30,16,0,16,"Hinckley",NA,"autumn","rut"
"HI1034","T21",0,0,2016-10-31,2016-11-15,16,0,16,"Hinckley",NA,"autumn","rut"
"HI1034","T22",1,0,2016-11-16,2016-12-01,16,0,16,"Hinckley",NA,"autumn","rut"
"HI1034","T23",0,0,2016-12-02,2016-12-17,16,0,16,"Hinckley",NA,"autumn","rut"
"HI1034","T24",0,0,2016-12-18,2016-12-31,14,0,14,"Hinckley",NA,"winter","rut"
"HI1034","T3",0,0,2017-02-02,2017-02-17,16,0,16,"Hinckley",NA,"winter","winter.forage"
"HI1034","T4",0,0,2017-02-18,2017-03-05,16,0,16,"Hinckley",NA,"winter","winter.forage"
"HI1034","T5",0,0,2017-03-06,2017-03-21,16,0,16,"Hinckley",NA,"winter","winter.forage"
"HI1034","T6",0,0,2017-03-22,2017-04-06,16,0,16,"Hinckley",NA,"spring","winter.forage"
"HI1034","T7",0,0,2017-04-07,2017-04-22,16,11,5,"Hinckley",NA,"spring","fawning"
"HI1034","T8",0,0,2017-04-23,2017-05-08,16,16,0,"Hinckley",NA,"spring","fawning"
"HI1034","T9",0,0,2017-05-09,2017-05-24,16,16,0,"Hinckley",NA,"spring","fawning"
"HI1037","T1",16,1,2017-01-01,2017-01-16,16,0,16,"Hinckley",NA,"winter","winter.forage"
"HI1037","T10",17,5,2017-05-25,2017-06-09,16,0,16,"Hinckley",NA,"spring","fawning"
"HI1037","T11",8,1,2017-06-10,2017-06-25,16,0,16,"Hinckley",NA,"spring","fawning"
"HI1037","T12",0,0,2017-06-26,2017-06-30,5,0,5,"Hinckley",NA,"summer","fawning"
"HI1037","T13",4,6,2016-07-01,2016-07-10,10,0,10,"Hinckley",NA,"summer","summer.forage"
"HI1037","T14",8,2,2016-07-11,2016-07-26,16,0,16,"Hinckley",NA,"summer","summer.forage"
"HI1037","T15",3,1,2016-07-27,2016-08-11,16,0,16,"Hinckley",NA,"summer","summer.forage"
"HI1037","T16",3,0,2016-08-12,2016-08-27,16,0,16,"Hinckley",NA,"summer","summer.forage"
"HI1037","T17",7,0,2016-08-28,2016-09-12,16,0,16,"Hinckley",NA,"summer","summer.forage"
"HI1037","T18",31,3,2016-09-13,2016-09-28,16,0,16,"Hinckley",NA,"autumn","summer.forage"
"HI1037","T19",16,11,2016-09-29,2016-10-14,16,0,16,"Hinckley",NA,"autumn","rut"
"HI1037","T2",6,1,2017-01-17,2017-02-01,16,0,16,"Hinckley",NA,"winter","winter.forage"
"HI1037","T20",19,2,2016-10-15,2016-10-30,16,0,16,"Hinckley",NA,"autumn","rut"
"HI1037","T21",25,2,2016-10-31,2016-11-15,16,0,16,"Hinckley",NA,"autumn","rut"
"HI1037","T22",12,1,2016-11-16,2016-12-01,16,0,16,"Hinckley",NA,"autumn","rut"
"HI1037","T23",17,0,2016-12-02,2016-12-17,16,0,16,"Hinckley",NA,"autumn","rut"
"HI1037","T24",10,2,2016-12-18,2016-12-31,14,0,14,"Hinckley",NA,"winter","rut"
"HI1037","T3",12,1,2017-02-02,2017-02-17,16,0,16,"Hinckley",NA,"winter","winter.forage"
"HI1037","T4",3,0,2017-02-18,2017-03-05,16,0,16,"Hinckley",NA,"winter","winter.forage"
"HI1037","T5",0,0,2017-03-06,2017-03-21,16,0,16,"Hinckley",NA,"winter","winter.forage"
"HI1037","T6",4,0,2017-03-22,2017-04-06,16,0,16,"Hinckley",NA,"spring","winter.forage"
"HI1037","T7",14,1,2017-04-07,2017-04-22,16,0,16,"Hinckley",NA,"spring","fawning"
"HI1037","T8",3,0,2017-04-23,2017-05-08,16,13,3,"Hinckley",NA,"spring","fawning"
"HI1037","T9",0,0,2017-05-09,2017-05-24,16,15,1,"Hinckley",NA,"spring","fawning"
"HI1053","T1",0,4,2017-01-01,2017-01-16,16,0,16,"Hinckley",NA,"winter","winter.forage"
"HI1053","T10",3,1,2017-05-25,2017-06-09,16,0,16,"Hinckley",NA,"spring","fawning"
"HI1053","T11",1,1,2017-06-10,2017-06-25,16,0,16,"Hinckley",NA,"spring","fawning"
"HI1053","T12",0,0,2017-06-26,2017-06-30,5,0,5,"Hinckley",NA,"summer","fawning"
"HI1053","T13",0,1,2016-07-01,2016-07-10,10,0,10,"Hinckley",NA,"summer","summer.forage"
"HI1053","T14",6,0,2016-07-11,2016-07-26,16,0,16,"Hinckley",NA,"summer","summer.forage"
"HI1053","T15",0,0,2016-07-27,2016-08-11,16,0,16,"Hinckley",NA,"summer","summer.forage"
"HI1053","T16",0,1,2016-08-12,2016-08-27,16,0,16,"Hinckley",NA,"summer","summer.forage"
"HI1053","T17",2,1,2016-08-28,2016-09-12,16,0,16,"Hinckley",NA,"summer","summer.forage"
"HI1053","T18",0,3,2016-09-13,2016-09-28,16,0,16,"Hinckley",NA,"autumn","summer.forage"
"HI1053","T19",2,0,2016-09-29,2016-10-14,16,0,16,"Hinckley",NA,"autumn","rut"
"HI1053","T2",2,1,2017-01-17,2017-02-01,16,0,16,"Hinckley",NA,"winter","winter.forage"
"HI1053","T20",2,0,2016-10-15,2016-10-30,16,0,16,"Hinckley",NA,"autumn","rut"
"HI1053","T21",7,2,2016-10-31,2016-11-15,16,0,16,"Hinckley",NA,"autumn","rut"
"HI1053","T22",3,0,2016-11-16,2016-12-01,16,0,16,"Hinckley",NA,"autumn","rut"
"HI1053","T23",5,1,2016-12-02,2016-12-17,16,0,16,"Hinckley",NA,"autumn","rut"
"HI1053","T24",8,1,2016-12-18,2016-12-31,14,0,14,"Hinckley",NA,"winter","rut"
"HI1053","T3",1,2,2017-02-02,2017-02-17,16,0,16,"Hinckley",NA,"winter","winter.forage"
"HI1053","T4",0,0,2017-02-18,2017-03-05,16,0,16,"Hinckley",NA,"winter","winter.forage"
"HI1053","T5",0,4,2017-03-06,2017-03-21,16,0,16,"Hinckley",NA,"winter","winter.forage"
"HI1053","T6",1,2,2017-03-22,2017-04-06,16,0,16,"Hinckley",NA,"spring","winter.forage"
"HI1053","T7",0,2,2017-04-07,2017-04-22,16,0,16,"Hinckley",NA,"spring","fawning"
"HI1053","T8",4,2,2017-04-23,2017-05-08,16,0,16,"Hinckley",NA,"spring","fawning"
"HI1053","T9",5,0,2017-05-09,2017-05-24,16,0,16,"Hinckley",NA,"spring","fawning"
"HI1066","T1",0,0,2017-01-01,2017-01-16,16,0,16,"Hinckley",NA,"winter","winter.forage"
"HI1066","T10",1,0,2017-05-25,2017-06-09,16,0,16,"Hinckley",NA,"spring","fawning"
"HI1066","T11",4,0,2017-06-10,2017-06-25,16,0,16,"Hinckley",NA,"spring","fawning"
"HI1066","T12",0,0,2017-06-26,2017-06-30,5,0,5,"Hinckley",NA,"summer","fawning"
"HI1066","T13",2,0,2016-07-01,2016-07-10,10,0,10,"Hinckley",NA,"summer","summer.forage"
"HI1066","T14",2,0,2016-07-11,2016-07-26,16,0,16,"Hinckley",NA,"summer","summer.forage"
"HI1066","T15",0,1,2016-07-27,2016-08-11,16,0,16,"Hinckley",NA,"summer","summer.forage"
"HI1066","T16",0,0,2016-08-12,2016-08-27,16,0,16,"Hinckley",NA,"summer","summer.forage"
"HI1066","T17",0,0,2016-08-28,2016-09-12,16,0,16,"Hinckley",NA,"summer","summer.forage"
"HI1066","T18",1,2,2016-09-13,2016-09-28,16,0,16,"Hinckley",NA,"autumn","summer.forage"
"HI1066","T19",5,0,2016-09-29,2016-10-14,16,0,16,"Hinckley",NA,"autumn","rut"
"HI1066","T2",3,0,2017-01-17,2017-02-01,16,0,16,"Hinckley",NA,"winter","winter.forage"
"HI1066","T20",2,3,2016-10-15,2016-10-30,16,0,16,"Hinckley",NA,"autumn","rut"
"HI1066","T21",5,0,2016-10-31,2016-11-15,16,0,16,"Hinckley",NA,"autumn","rut"
"HI1066","T22",2,0,2016-11-16,2016-12-01,16,0,16,"Hinckley",NA,"autumn","rut"
"HI1066","T23",1,0,2016-12-02,2016-12-17,16,0,16,"Hinckley",NA,"autumn","rut"
"HI1066","T24",1,0,2016-12-18,2016-12-31,14,0,14,"Hinckley",NA,"winter","rut"
"HI1066","T3",3,0,2017-02-02,2017-02-17,16,0,16,"Hinckley",NA,"winter","winter.forage"
"HI1066","T4",2,0,2017-02-18,2017-03-05,16,0,16,"Hinckley",NA,"winter","winter.forage"
"HI1066","T5",0,0,2017-03-06,2017-03-21,16,0,16,"Hinckley",NA,"winter","winter.forage"
"HI1066","T6",4,0,2017-03-22,2017-04-06,16,0,16,"Hinckley",NA,"spring","winter.forage"
"HI1066","T7",3,0,2017-04-07,2017-04-22,16,0,16,"Hinckley",NA,"spring","fawning"
"HI1066","T8",5,0,2017-04-23,2017-05-08,16,0,16,"Hinckley",NA,"spring","fawning"
"HI1066","T9",5,2,2017-05-09,2017-05-24,16,0,16,"Hinckley",NA,"spring","fawning"
"HI1069","T1",1,0,2017-01-01,2017-01-16,16,8,8,"Hinckley",NA,"winter","winter.forage"
"HI1069","T10",4,0,2017-05-25,2017-06-09,16,0,16,"Hinckley",NA,"spring","fawning"
"HI1069","T11",2,1,2017-06-10,2017-06-25,16,0,16,"Hinckley",NA,"spring","fawning"
"HI1069","T12",0,0,2017-06-26,2017-06-30,5,0,5,"Hinckley",NA,"summer","fawning"
"HI1069","T13",1,0,2016-07-01,2016-07-10,10,0,10,"Hinckley",NA,"summer","summer.forage"
"HI1069","T14",3,1,2016-07-11,2016-07-26,16,0,16,"Hinckley",NA,"summer","summer.forage"
"HI1069","T15",3,0,2016-07-27,2016-08-11,16,0,16,"Hinckley",NA,"summer","summer.forage"
"HI1069","T16",3,0,2016-08-12,2016-08-27,16,0,16,"Hinckley",NA,"summer","summer.forage"
"HI1069","T17",0,0,2016-08-28,2016-09-12,16,0,16,"Hinckley",NA,"summer","summer.forage"
"HI1069","T18",2,0,2016-09-13,2016-09-28,16,0,16,"Hinckley",NA,"autumn","summer.forage"
"HI1069","T19",0,0,2016-09-29,2016-10-14,16,0,16,"Hinckley",NA,"autumn","rut"
"HI1069","T2",0,0,2017-01-17,2017-02-01,16,11,5,"Hinckley",NA,"winter","winter.forage"
"HI1069","T20",5,0,2016-10-15,2016-10-30,16,0,16,"Hinckley",NA,"autumn","rut"
"HI1069","T21",9,0,2016-10-31,2016-11-15,16,0,16,"Hinckley",NA,"autumn","rut"
"HI1069","T22",5,0,2016-11-16,2016-12-01,16,0,16,"Hinckley",NA,"autumn","rut"
"HI1069","T23",4,2,2016-12-02,2016-12-17,16,0,16,"Hinckley",NA,"autumn","rut"
"HI1069","T24",1,0,2016-12-18,2016-12-31,14,0,14,"Hinckley",NA,"winter","rut"
"HI1069","T3",4,0,2017-02-02,2017-02-17,16,0,16,"Hinckley",NA,"winter","winter.forage"
"HI1069","T4",4,0,2017-02-18,2017-03-05,16,0,16,"Hinckley",NA,"winter","winter.forage"
"HI1069","T5",1,0,2017-03-06,2017-03-21,16,0,16,"Hinckley",NA,"winter","winter.forage"
"HI1069","T6",2,0,2017-03-22,2017-04-06,16,0,16,"Hinckley",NA,"spring","winter.forage"
"HI1069","T7",6,0,2017-04-07,2017-04-22,16,0,16,"Hinckley",NA,"spring","fawning"
"HI1069","T8",16,0,2017-04-23,2017-05-08,16,0,16,"Hinckley",NA,"spring","fawning"
"HI1069","T9",5,0,2017-05-09,2017-05-24,16,0,16,"Hinckley",NA,"spring","fawning"
"HI1073","T1",0,1,2017-01-01,2017-01-16,16,0,16,"Hinckley",NA,"winter","winter.forage"
"HI1073","T10",2,2,2017-05-25,2017-06-09,16,0,16,"Hinckley",NA,"spring","fawning"
"HI1073","T11",0,0,2017-06-10,2017-06-25,16,0,16,"Hinckley",NA,"spring","fawning"
"HI1073","T12",0,0,2017-06-26,2017-06-30,5,0,5,"Hinckley",NA,"summer","fawning"
"HI1073","T13",1,0,2016-07-01,2016-07-10,10,0,10,"Hinckley",NA,"summer","summer.forage"
"HI1073","T14",3,0,2016-07-11,2016-07-26,16,0,16,"Hinckley",NA,"summer","summer.forage"
"HI1073","T15",4,0,2016-07-27,2016-08-11,16,0,16,"Hinckley",NA,"summer","summer.forage"
"HI1073","T16",0,0,2016-08-12,2016-08-27,16,0,16,"Hinckley",NA,"summer","summer.forage"
"HI1073","T17",3,1,2016-08-28,2016-09-12,16,0,16,"Hinckley",NA,"summer","summer.forage"
"HI1073","T18",4,0,2016-09-13,2016-09-28,16,0,16,"Hinckley",NA,"autumn","summer.forage"
"HI1073","T19",1,4,2016-09-29,2016-10-14,16,0,16,"Hinckley",NA,"autumn","rut"
"HI1073","T2",1,0,2017-01-17,2017-02-01,16,0,16,"Hinckley",NA,"winter","winter.forage"
"HI1073","T20",0,1,2016-10-15,2016-10-30,16,0,16,"Hinckley",NA,"autumn","rut"
"HI1073","T21",1,0,2016-10-31,2016-11-15,16,0,16,"Hinckley",NA,"autumn","rut"
"HI1073","T22",1,0,2016-11-16,2016-12-01,16,0,16,"Hinckley",NA,"autumn","rut"
"HI1073","T23",0,0,2016-12-02,2016-12-17,16,0,16,"Hinckley",NA,"autumn","rut"
"HI1073","T24",0,1,2016-12-18,2016-12-31,14,0,14,"Hinckley",NA,"winter","rut"
"HI1073","T3",0,0,2017-02-02,2017-02-17,16,0,16,"Hinckley",NA,"winter","winter.forage"
"HI1073","T4",0,0,2017-02-18,2017-03-05,16,0,16,"Hinckley",NA,"winter","winter.forage"
"HI1073","T5",0,0,2017-03-06,2017-03-21,16,0,16,"Hinckley",NA,"winter","winter.forage"
"HI1073","T6",2,0,2017-03-22,2017-04-06,16,0,16,"Hinckley",NA,"spring","winter.forage"
"HI1073","T7",0,0,2017-04-07,2017-04-22,16,0,16,"Hinckley",NA,"spring","fawning"
"HI1073","T8",1,0,2017-04-23,2017-05-08,16,0,16,"Hinckley",NA,"spring","fawning"
"HI1073","T9",1,0,2017-05-09,2017-05-24,16,0,16,"Hinckley",NA,"spring","fawning"
"HI1082","T1",8,4,2017-01-01,2017-01-16,16,0,16,"Hinckley",NA,"winter","winter.forage"
"HI1082","T10",3,0,2017-05-25,2017-06-09,16,0,16,"Hinckley",NA,"spring","fawning"
"HI1082","T11",0,0,2017-06-10,2017-06-25,16,0,16,"Hinckley",NA,"spring","fawning"
"HI1082","T12",0,0,2017-06-26,2017-06-30,5,0,5,"Hinckley",NA,"summer","fawning"
"HI1082","T13",4,3,2016-07-01,2016-07-10,10,0,10,"Hinckley",NA,"summer","summer.forage"
"HI1082","T14",7,0,2016-07-11,2016-07-26,16,0,16,"Hinckley",NA,"summer","summer.forage"
"HI1082","T15",5,0,2016-07-27,2016-08-11,16,0,16,"Hinckley",NA,"summer","summer.forage"
"HI1082","T16",2,0,2016-08-12,2016-08-27,16,0,16,"Hinckley",NA,"summer","summer.forage"
"HI1082","T17",6,0,2016-08-28,2016-09-12,16,0,16,"Hinckley",NA,"summer","summer.forage"
"HI1082","T18",7,1,2016-09-13,2016-09-28,16,0,16,"Hinckley",NA,"autumn","summer.forage"
"HI1082","T19",13,0,2016-09-29,2016-10-14,16,0,16,"Hinckley",NA,"autumn","rut"
"HI1082","T2",11,2,2017-01-17,2017-02-01,16,0,16,"Hinckley",NA,"winter","winter.forage"
"HI1082","T20",18,2,2016-10-15,2016-10-30,16,0,16,"Hinckley",NA,"autumn","rut"
"HI1082","T21",35,1,2016-10-31,2016-11-15,16,0,16,"Hinckley",NA,"autumn","rut"
"HI1082","T22",21,2,2016-11-16,2016-12-01,16,0,16,"Hinckley",NA,"autumn","rut"
"HI1082","T23",13,4,2016-12-02,2016-12-17,16,0,16,"Hinckley",NA,"autumn","rut"
"HI1082","T24",3,5,2016-12-18,2016-12-31,14,0,14,"Hinckley",NA,"winter","rut"
"HI1082","T3",7,2,2017-02-02,2017-02-17,16,0,16,"Hinckley",NA,"winter","winter.forage"
"HI1082","T4",11,2,2017-02-18,2017-03-05,16,0,16,"Hinckley",NA,"winter","winter.forage"
"HI1082","T5",7,2,2017-03-06,2017-03-21,16,0,16,"Hinckley",NA,"winter","winter.forage"
"HI1082","T6",10,1,2017-03-22,2017-04-06,16,0,16,"Hinckley",NA,"spring","winter.forage"
"HI1082","T7",6,1,2017-04-07,2017-04-22,16,0,16,"Hinckley",NA,"spring","fawning"
"HI1082","T8",16,0,2017-04-23,2017-05-08,16,0,16,"Hinckley",NA,"spring","fawning"
"HI1082","T9",7,0,2017-05-09,2017-05-24,16,0,16,"Hinckley",NA,"spring","fawning"
"HI1085","T1",12,0,2017-01-01,2017-01-16,16,0,16,"Hinckley",NA,"winter","winter.forage"
"HI1085","T10",5,0,2017-05-25,2017-06-09,16,0,16,"Hinckley",NA,"spring","fawning"
"HI1085","T11",3,0,2017-06-10,2017-06-25,16,0,16,"Hinckley",NA,"spring","fawning"
"HI1085","T12",1,0,2017-06-26,2017-06-30,5,0,5,"Hinckley",NA,"summer","fawning"
"HI1085","T13",0,0,2016-07-01,2016-07-10,10,0,10,"Hinckley",NA,"summer","summer.forage"
"HI1085","T14",0,1,2016-07-11,2016-07-26,16,0,16,"Hinckley",NA,"summer","summer.forage"
"HI1085","T15",0,0,2016-07-27,2016-08-11,16,0,16,"Hinckley",NA,"summer","summer.forage"
"HI1085","T16",0,0,2016-08-12,2016-08-27,16,0,16,"Hinckley",NA,"summer","summer.forage"
"HI1085","T17",0,0,2016-08-28,2016-09-12,16,0,16,"Hinckley",NA,"summer","summer.forage"
"HI1085","T18",0,0,2016-09-13,2016-09-28,16,0,16,"Hinckley",NA,"autumn","summer.forage"
"HI1085","T19",0,0,2016-09-29,2016-10-14,16,0,16,"Hinckley",NA,"autumn","rut"
"HI1085","T2",4,0,2017-01-17,2017-02-01,16,0,16,"Hinckley",NA,"winter","winter.forage"
"HI1085","T20",2,0,2016-10-15,2016-10-30,16,0,16,"Hinckley",NA,"autumn","rut"
"HI1085","T21",10,0,2016-10-31,2016-11-15,16,0,16,"Hinckley",NA,"autumn","rut"
"HI1085","T22",13,1,2016-11-16,2016-12-01,16,0,16,"Hinckley",NA,"autumn","rut"
"HI1085","T23",15,0,2016-12-02,2016-12-17,16,0,16,"Hinckley",NA,"autumn","rut"
"HI1085","T24",12,0,2016-12-18,2016-12-31,14,0,14,"Hinckley",NA,"winter","rut"
"HI1085","T3",4,0,2017-02-02,2017-02-17,16,0,16,"Hinckley",NA,"winter","winter.forage"
"HI1085","T4",1,0,2017-02-18,2017-03-05,16,0,16,"Hinckley",NA,"winter","winter.forage"
"HI1085","T5",2,1,2017-03-06,2017-03-21,16,0,16,"Hinckley",NA,"winter","winter.forage"
"HI1085","T6",0,0,2017-03-22,2017-04-06,16,0,16,"Hinckley",NA,"spring","winter.forage"
"HI1085","T7",0,0,2017-04-07,2017-04-22,16,0,16,"Hinckley",NA,"spring","fawning"
"HI1085","T8",6,1,2017-04-23,2017-05-08,16,0,16,"Hinckley",NA,"spring","fawning"
"HI1085","T9",7,1,2017-05-09,2017-05-24,16,0,16,"Hinckley",NA,"spring","fawning"
"HI1098","T1",1,1,2017-01-01,2017-01-16,16,0,16,"Hinckley",NA,"winter","winter.forage"
"HI1098","T10",0,0,2017-05-25,2017-06-09,16,0,16,"Hinckley",NA,"spring","fawning"
"HI1098","T11",0,0,2017-06-10,2017-06-25,16,0,16,"Hinckley",NA,"spring","fawning"
"HI1098","T12",0,0,2017-06-26,2017-06-30,5,0,5,"Hinckley",NA,"summer","fawning"
"HI1098","T13",0,0,2016-07-01,2016-07-10,10,0,10,"Hinckley",NA,"summer","summer.forage"
"HI1098","T14",0,0,2016-07-11,2016-07-26,16,0,16,"Hinckley",NA,"summer","summer.forage"
"HI1098","T15",1,0,2016-07-27,2016-08-11,16,0,16,"Hinckley",NA,"summer","summer.forage"
"HI1098","T16",1,0,2016-08-12,2016-08-27,16,0,16,"Hinckley",NA,"summer","summer.forage"
"HI1098","T17",0,0,2016-08-28,2016-09-12,16,0,16,"Hinckley",NA,"summer","summer.forage"
"HI1098","T18",0,0,2016-09-13,2016-09-28,16,0,16,"Hinckley",NA,"autumn","summer.forage"
"HI1098","T19",1,0,2016-09-29,2016-10-14,16,0,16,"Hinckley",NA,"autumn","rut"
"HI1098","T2",0,0,2017-01-17,2017-02-01,16,0,16,"Hinckley",NA,"winter","winter.forage"
"HI1098","T20",1,0,2016-10-15,2016-10-30,16,0,16,"Hinckley",NA,"autumn","rut"
"HI1098","T21",3,0,2016-10-31,2016-11-15,16,0,16,"Hinckley",NA,"autumn","rut"
"HI1098","T22",2,0,2016-11-16,2016-12-01,16,0,16,"Hinckley",NA,"autumn","rut"
"HI1098","T23",2,0,2016-12-02,2016-12-17,16,0,16,"Hinckley",NA,"autumn","rut"
"HI1098","T24",1,0,2016-12-18,2016-12-31,14,0,14,"Hinckley",NA,"winter","rut"
"HI1098","T3",3,1,2017-02-02,2017-02-17,16,0,16,"Hinckley",NA,"winter","winter.forage"
"HI1098","T4",2,0,2017-02-18,2017-03-05,16,0,16,"Hinckley",NA,"winter","winter.forage"
"HI1098","T5",1,0,2017-03-06,2017-03-21,16,0,16,"Hinckley",NA,"winter","winter.forage"
"HI1098","T6",0,0,2017-03-22,2017-04-06,16,0,16,"Hinckley",NA,"spring","winter.forage"
"HI1098","T7",0,0,2017-04-07,2017-04-22,16,0,16,"Hinckley",NA,"spring","fawning"
"HI1098","T8",0,1,2017-04-23,2017-05-08,16,0,16,"Hinckley",NA,"spring","fawning"
"HI1098","T9",3,0,2017-05-09,2017-05-24,16,0,16,"Hinckley",NA,"spring","fawning"
"HI1101","T1",5,0,2017-01-01,2017-01-16,16,0,16,"Hinckley",NA,"winter","winter.forage"
"HI1101","T10",5,0,2017-05-25,2017-06-09,16,0,16,"Hinckley",NA,"spring","fawning"
"HI1101","T11",1,1,2017-06-10,2017-06-25,16,0,16,"Hinckley",NA,"spring","fawning"
"HI1101","T12",0,0,2017-06-26,2017-06-30,5,0,5,"Hinckley",NA,"summer","fawning"
"HI1101","T13",2,0,2016-07-01,2016-07-10,10,0,10,"Hinckley",NA,"summer","summer.forage"
"HI1101","T14",2,0,2016-07-11,2016-07-26,16,0,16,"Hinckley",NA,"summer","summer.forage"
"HI1101","T15",2,0,2016-07-27,2016-08-11,16,0,16,"Hinckley",NA,"summer","summer.forage"
"HI1101","T16",3,2,2016-08-12,2016-08-27,16,0,16,"Hinckley",NA,"summer","summer.forage"
"HI1101","T17",3,0,2016-08-28,2016-09-12,16,0,16,"Hinckley",NA,"summer","summer.forage"
"HI1101","T18",3,0,2016-09-13,2016-09-28,16,0,16,"Hinckley",NA,"autumn","summer.forage"
"HI1101","T19",5,0,2016-09-29,2016-10-14,16,0,16,"Hinckley",NA,"autumn","rut"
"HI1101","T2",9,2,2017-01-17,2017-02-01,16,0,16,"Hinckley",NA,"winter","winter.forage"
"HI1101","T20",5,0,2016-10-15,2016-10-30,16,0,16,"Hinckley",NA,"autumn","rut"
"HI1101","T21",9,0,2016-10-31,2016-11-15,16,0,16,"Hinckley",NA,"autumn","rut"
"HI1101","T22",13,1,2016-11-16,2016-12-01,16,0,16,"Hinckley",NA,"autumn","rut"
"HI1101","T23",3,0,2016-12-02,2016-12-17,16,0,16,"Hinckley",NA,"autumn","rut"
"HI1101","T24",3,2,2016-12-18,2016-12-31,14,0,14,"Hinckley",NA,"winter","rut"
"HI1101","T3",10,1,2017-02-02,2017-02-17,16,0,16,"Hinckley",NA,"winter","winter.forage"
"HI1101","T4",5,0,2017-02-18,2017-03-05,16,0,16,"Hinckley",NA,"winter","winter.forage"
"HI1101","T5",10,5,2017-03-06,2017-03-21,16,0,16,"Hinckley",NA,"winter","winter.forage"
"HI1101","T6",3,0,2017-03-22,2017-04-06,16,0,16,"Hinckley",NA,"spring","winter.forage"
"HI1101","T7",7,0,2017-04-07,2017-04-22,16,0,16,"Hinckley",NA,"spring","fawning"
"HI1101","T8",5,0,2017-04-23,2017-05-08,16,0,16,"Hinckley",NA,"spring","fawning"
"HI1101","T9",12,0,2017-05-09,2017-05-24,16,0,16,"Hinckley",NA,"spring","fawning"
"HI1117","T1",2,1,2017-01-01,2017-01-16,16,0,16,"Hinckley",NA,"winter","winter.forage"
"HI1117","T10",4,0,2017-05-25,2017-06-09,16,0,16,"Hinckley",NA,"spring","fawning"
"HI1117","T11",2,0,2017-06-10,2017-06-25,16,0,16,"Hinckley",NA,"spring","fawning"
"HI1117","T12",0,0,2017-06-26,2017-06-30,5,0,5,"Hinckley",NA,"summer","fawning"
"HI1117","T13",1,0,2016-07-01,2016-07-10,10,0,10,"Hinckley",NA,"summer","summer.forage"
"HI1117","T14",0,0,2016-07-11,2016-07-26,16,0,16,"Hinckley",NA,"summer","summer.forage"
"HI1117","T15",2,2,2016-07-27,2016-08-11,16,0,16,"Hinckley",NA,"summer","summer.forage"
"HI1117","T16",0,0,2016-08-12,2016-08-27,16,0,16,"Hinckley",NA,"summer","summer.forage"
"HI1117","T17",2,0,2016-08-28,2016-09-12,16,0,16,"Hinckley",NA,"summer","summer.forage"
"HI1117","T18",3,1,2016-09-13,2016-09-28,16,0,16,"Hinckley",NA,"autumn","summer.forage"
"HI1117","T19",6,0,2016-09-29,2016-10-14,16,0,16,"Hinckley",NA,"autumn","rut"
"HI1117","T2",0,1,2017-01-17,2017-02-01,16,0,16,"Hinckley",NA,"winter","winter.forage"
"HI1117","T20",1,1,2016-10-15,2016-10-30,16,0,16,"Hinckley",NA,"autumn","rut"
"HI1117","T21",7,0,2016-10-31,2016-11-15,16,0,16,"Hinckley",NA,"autumn","rut"
"HI1117","T22",3,1,2016-11-16,2016-12-01,16,0,16,"Hinckley",NA,"autumn","rut"
"HI1117","T23",1,0,2016-12-02,2016-12-17,16,0,16,"Hinckley",NA,"autumn","rut"
"HI1117","T24",3,0,2016-12-18,2016-12-31,14,0,14,"Hinckley",NA,"winter","rut"
"HI1117","T3",0,1,2017-02-02,2017-02-17,16,0,16,"Hinckley",NA,"winter","winter.forage"
"HI1117","T4",1,1,2017-02-18,2017-03-05,16,0,16,"Hinckley",NA,"winter","winter.forage"
"HI1117","T5",1,1,2017-03-06,2017-03-21,16,0,16,"Hinckley",NA,"winter","winter.forage"
"HI1117","T6",3,0,2017-03-22,2017-04-06,16,0,16,"Hinckley",NA,"spring","winter.forage"
"HI1117","T7",0,0,2017-04-07,2017-04-22,16,0,16,"Hinckley",NA,"spring","fawning"
"HI1117","T8",2,0,2017-04-23,2017-05-08,16,0,16,"Hinckley",NA,"spring","fawning"
"HI1117","T9",1,0,2017-05-09,2017-05-24,16,0,16,"Hinckley",NA,"spring","fawning"
"HI1130","T1",0,0,2017-01-01,2017-01-16,16,16,0,"Hinckley",NA,"winter","winter.forage"
"HI1130","T10",2,1,2017-05-25,2017-06-09,16,0,16,"Hinckley",NA,"spring","fawning"
"HI1130","T11",7,1,2017-06-10,2017-06-25,16,0,16,"Hinckley",NA,"spring","fawning"
"HI1130","T12",1,0,2017-06-26,2017-06-30,5,0,5,"Hinckley",NA,"summer","fawning"
"HI1130","T13",3,2,2016-07-01,2016-07-10,10,0,10,"Hinckley",NA,"summer","summer.forage"
"HI1130","T14",3,0,2016-07-11,2016-07-26,16,0,16,"Hinckley",NA,"summer","summer.forage"
"HI1130","T15",1,0,2016-07-27,2016-08-11,16,0,16,"Hinckley",NA,"summer","summer.forage"
"HI1130","T16",0,0,2016-08-12,2016-08-27,16,0,16,"Hinckley",NA,"summer","summer.forage"
"HI1130","T17",1,0,2016-08-28,2016-09-12,16,0,16,"Hinckley",NA,"summer","summer.forage"
"HI1130","T18",2,0,2016-09-13,2016-09-28,16,0,16,"Hinckley",NA,"autumn","summer.forage"
"HI1130","T19",2,2,2016-09-29,2016-10-14,16,0,16,"Hinckley",NA,"autumn","rut"
"HI1130","T2",0,2,2017-01-17,2017-02-01,16,11,5,"Hinckley",NA,"winter","winter.forage"
"HI1130","T20",1,1,2016-10-15,2016-10-30,16,0,16,"Hinckley",NA,"autumn","rut"
"HI1130","T21",3,13,2016-10-31,2016-11-15,16,0,16,"Hinckley",NA,"autumn","rut"
"HI1130","T22",2,7,2016-11-16,2016-12-01,16,0,16,"Hinckley",NA,"autumn","rut"
"HI1130","T23",1,19,2016-12-02,2016-12-17,16,0,16,"Hinckley",NA,"autumn","rut"
"HI1130","T24",1,7,2016-12-18,2016-12-31,14,10,4,"Hinckley",NA,"winter","rut"
"HI1130","T3",0,12,2017-02-02,2017-02-17,16,0,16,"Hinckley",NA,"winter","winter.forage"
"HI1130","T4",0,5,2017-02-18,2017-03-05,16,0,16,"Hinckley",NA,"winter","winter.forage"
"HI1130","T5",0,3,2017-03-06,2017-03-21,16,0,16,"Hinckley",NA,"winter","winter.forage"
"HI1130","T6",1,0,2017-03-22,2017-04-06,16,0,16,"Hinckley",NA,"spring","winter.forage"
"HI1130","T7",4,5,2017-04-07,2017-04-22,16,0,16,"Hinckley",NA,"spring","fawning"
"HI1130","T8",1,2,2017-04-23,2017-05-08,16,0,16,"Hinckley",NA,"spring","fawning"
"HI1130","T9",2,0,2017-05-09,2017-05-24,16,0,16,"Hinckley",NA,"spring","fawning"
"HI1133","T1",13,15,2017-01-01,2017-01-16,16,0,16,"Hinckley",NA,"winter","winter.forage"
"HI1133","T10",1,0,2017-05-25,2017-06-09,16,0,16,"Hinckley",NA,"spring","fawning"
"HI1133","T11",0,0,2017-06-10,2017-06-25,16,0,16,"Hinckley",NA,"spring","fawning"
"HI1133","T12",0,0,2017-06-26,2017-06-30,5,0,5,"Hinckley",NA,"summer","fawning"
"HI1133","T13",2,5,2016-07-01,2016-07-10,10,0,10,"Hinckley",NA,"summer","summer.forage"
"HI1133","T14",9,3,2016-07-11,2016-07-26,16,0,16,"Hinckley",NA,"summer","summer.forage"
"HI1133","T15",11,2,2016-07-27,2016-08-11,16,0,16,"Hinckley",NA,"summer","summer.forage"
"HI1133","T16",4,0,2016-08-12,2016-08-27,16,0,16,"Hinckley",NA,"summer","summer.forage"
"HI1133","T17",11,8,2016-08-28,2016-09-12,16,0,16,"Hinckley",NA,"summer","summer.forage"
"HI1133","T18",11,5,2016-09-13,2016-09-28,16,0,16,"Hinckley",NA,"autumn","summer.forage"
"HI1133","T19",13,4,2016-09-29,2016-10-14,16,0,16,"Hinckley",NA,"autumn","rut"
"HI1133","T2",7,5,2017-01-17,2017-02-01,16,0,16,"Hinckley",NA,"winter","winter.forage"
"HI1133","T20",30,8,2016-10-15,2016-10-30,16,0,16,"Hinckley",NA,"autumn","rut"
"HI1133","T21",24,5,2016-10-31,2016-11-15,16,0,16,"Hinckley",NA,"autumn","rut"
"HI1133","T22",14,3,2016-11-16,2016-12-01,16,0,16,"Hinckley",NA,"autumn","rut"
"HI1133","T23",6,3,2016-12-02,2016-12-17,16,0,16,"Hinckley",NA,"autumn","rut"
"HI1133","T24",7,8,2016-12-18,2016-12-31,14,0,14,"Hinckley",NA,"winter","rut"
"HI1133","T3",9,16,2017-02-02,2017-02-17,16,0,16,"Hinckley",NA,"winter","winter.forage"
"HI1133","T4",10,14,2017-02-18,2017-03-05,16,0,16,"Hinckley",NA,"winter","winter.forage"
"HI1133","T5",3,9,2017-03-06,2017-03-21,16,0,16,"Hinckley",NA,"winter","winter.forage"
"HI1133","T6",2,5,2017-03-22,2017-04-06,16,0,16,"Hinckley",NA,"spring","winter.forage"
"HI1133","T7",8,9,2017-04-07,2017-04-22,16,0,16,"Hinckley",NA,"spring","fawning"
"HI1133","T8",11,7,2017-04-23,2017-05-08,16,0,16,"Hinckley",NA,"spring","fawning"
"HI1133","T9",13,9,2017-05-09,2017-05-24,16,0,16,"Hinckley",NA,"spring","fawning"
"HI1146","T1",1,2,2017-01-01,2017-01-16,16,0,16,"Hinckley",NA,"winter","winter.forage"
"HI1146","T10",3,1,2017-05-25,2017-06-09,16,0,16,"Hinckley",NA,"spring","fawning"
"HI1146","T11",0,0,2017-06-10,2017-06-25,16,0,16,"Hinckley",NA,"spring","fawning"
"HI1146","T12",0,0,2017-06-26,2017-06-30,5,0,5,"Hinckley",NA,"summer","fawning"
"HI1146","T13",1,0,2016-07-01,2016-07-10,10,0,10,"Hinckley",NA,"summer","summer.forage"
"HI1146","T14",1,3,2016-07-11,2016-07-26,16,0,16,"Hinckley",NA,"summer","summer.forage"
"HI1146","T15",1,5,2016-07-27,2016-08-11,16,0,16,"Hinckley",NA,"summer","summer.forage"
"HI1146","T16",3,0,2016-08-12,2016-08-27,16,0,16,"Hinckley",NA,"summer","summer.forage"
"HI1146","T17",0,0,2016-08-28,2016-09-12,16,0,16,"Hinckley",NA,"summer","summer.forage"
"HI1146","T18",4,0,2016-09-13,2016-09-28,16,0,16,"Hinckley",NA,"autumn","summer.forage"
"HI1146","T19",3,3,2016-09-29,2016-10-14,16,0,16,"Hinckley",NA,"autumn","rut"
"HI1146","T2",6,1,2017-01-17,2017-02-01,16,0,16,"Hinckley",NA,"winter","winter.forage"
"HI1146","T20",2,2,2016-10-15,2016-10-30,16,0,16,"Hinckley",NA,"autumn","rut"
"HI1146","T21",6,0,2016-10-31,2016-11-15,16,0,16,"Hinckley",NA,"autumn","rut"
"HI1146","T22",7,0,2016-11-16,2016-12-01,16,0,16,"Hinckley",NA,"autumn","rut"
"HI1146","T23",4,0,2016-12-02,2016-12-17,16,0,16,"Hinckley",NA,"autumn","rut"
"HI1146","T24",2,2,2016-12-18,2016-12-31,14,0,14,"Hinckley",NA,"winter","rut"
"HI1146","T3",5,0,2017-02-02,2017-02-17,16,0,16,"Hinckley",NA,"winter","winter.forage"
"HI1146","T4",4,3,2017-02-18,2017-03-05,16,0,16,"Hinckley",NA,"winter","winter.forage"
"HI1146","T5",0,1,2017-03-06,2017-03-21,16,0,16,"Hinckley",NA,"winter","winter.forage"
"HI1146","T6",10,0,2017-03-22,2017-04-06,16,0,16,"Hinckley",NA,"spring","winter.forage"
"HI1146","T7",7,1,2017-04-07,2017-04-22,16,0,16,"Hinckley",NA,"spring","fawning"
"HI1146","T8",1,0,2017-04-23,2017-05-08,16,0,16,"Hinckley",NA,"spring","fawning"
"HI1146","T9",2,0,2017-05-09,2017-05-24,16,0,16,"Hinckley",NA,"spring","fawning"
"HI1149","T1",50,0,2017-01-01,2017-01-16,16,0,16,"Hinckley",NA,"winter","winter.forage"
"HI1149","T10",9,0,2017-05-25,2017-06-09,16,0,16,"Hinckley",NA,"spring","fawning"
"HI1149","T11",3,0,2017-06-10,2017-06-25,16,0,16,"Hinckley",NA,"spring","fawning"
"HI1149","T12",0,0,2017-06-26,2017-06-30,5,0,5,"Hinckley",NA,"summer","fawning"
"HI1149","T13",6,0,2016-07-01,2016-07-10,10,0,10,"Hinckley",NA,"summer","summer.forage"
"HI1149","T14",9,0,2016-07-11,2016-07-26,16,0,16,"Hinckley",NA,"summer","summer.forage"
"HI1149","T15",7,1,2016-07-27,2016-08-11,16,0,16,"Hinckley",NA,"summer","summer.forage"
"HI1149","T16",12,1,2016-08-12,2016-08-27,16,0,16,"Hinckley",NA,"summer","summer.forage"
"HI1149","T17",13,1,2016-08-28,2016-09-12,16,0,16,"Hinckley",NA,"summer","summer.forage"
"HI1149","T18",38,2,2016-09-13,2016-09-28,16,0,16,"Hinckley",NA,"autumn","summer.forage"
"HI1149","T19",25,0,2016-09-29,2016-10-14,16,0,16,"Hinckley",NA,"autumn","rut"
"HI1149","T2",29,1,2017-01-17,2017-02-01,16,0,16,"Hinckley",NA,"winter","winter.forage"
"HI1149","T20",17,0,2016-10-15,2016-10-30,16,0,16,"Hinckley",NA,"autumn","rut"
"HI1149","T21",21,1,2016-10-31,2016-11-15,16,0,16,"Hinckley",NA,"autumn","rut"
"HI1149","T22",33,0,2016-11-16,2016-12-01,16,0,16,"Hinckley",NA,"autumn","rut"
"HI1149","T23",32,0,2016-12-02,2016-12-17,16,0,16,"Hinckley",NA,"autumn","rut"
"HI1149","T24",39,2,2016-12-18,2016-12-31,14,0,14,"Hinckley",NA,"winter","rut"
"HI1149","T3",13,0,2017-02-02,2017-02-17,16,0,16,"Hinckley",NA,"winter","winter.forage"
"HI1149","T4",6,0,2017-02-18,2017-03-05,16,0,16,"Hinckley",NA,"winter","winter.forage"
"HI1149","T5",12,0,2017-03-06,2017-03-21,16,0,16,"Hinckley",NA,"winter","winter.forage"
"HI1149","T6",1,0,2017-03-22,2017-04-06,16,0,16,"Hinckley",NA,"spring","winter.forage"
"HI1149","T7",1,0,2017-04-07,2017-04-22,16,0,16,"Hinckley",NA,"spring","fawning"
"HI1149","T8",6,1,2017-04-23,2017-05-08,16,0,16,"Hinckley",NA,"spring","fawning"
"HI1149","T9",7,0,2017-05-09,2017-05-24,16,0,16,"Hinckley",NA,"spring","fawning"
"HI1162","T1",2,3,2017-01-01,2017-01-16,16,0,16,"Hinckley",NA,"winter","winter.forage"
"HI1162","T10",1,0,2017-05-25,2017-06-09,16,0,16,"Hinckley",NA,"spring","fawning"
"HI1162","T11",3,1,2017-06-10,2017-06-25,16,0,16,"Hinckley",NA,"spring","fawning"
"HI1162","T12",1,0,2017-06-26,2017-06-30,5,0,5,"Hinckley",NA,"summer","fawning"
"HI1162","T13",2,0,2016-07-01,2016-07-10,10,0,10,"Hinckley",NA,"summer","summer.forage"
"HI1162","T14",2,1,2016-07-11,2016-07-26,16,0,16,"Hinckley",NA,"summer","summer.forage"
"HI1162","T15",3,3,2016-07-27,2016-08-11,16,0,16,"Hinckley",NA,"summer","summer.forage"
"HI1162","T16",0,6,2016-08-12,2016-08-27,16,0,16,"Hinckley",NA,"summer","summer.forage"
"HI1162","T17",3,1,2016-08-28,2016-09-12,16,0,16,"Hinckley",NA,"summer","summer.forage"
"HI1162","T18",1,1,2016-09-13,2016-09-28,16,0,16,"Hinckley",NA,"autumn","summer.forage"
"HI1162","T19",2,2,2016-09-29,2016-10-14,16,0,16,"Hinckley",NA,"autumn","rut"
"HI1162","T2",5,0,2017-01-17,2017-02-01,16,0,16,"Hinckley",NA,"winter","winter.forage"
"HI1162","T20",2,6,2016-10-15,2016-10-30,16,0,16,"Hinckley",NA,"autumn","rut"
"HI1162","T21",3,6,2016-10-31,2016-11-15,16,0,16,"Hinckley",NA,"autumn","rut"
"HI1162","T22",8,3,2016-11-16,2016-12-01,16,0,16,"Hinckley",NA,"autumn","rut"
"HI1162","T23",4,2,2016-12-02,2016-12-17,16,0,16,"Hinckley",NA,"autumn","rut"
"HI1162","T24",4,1,2016-12-18,2016-12-31,14,0,14,"Hinckley",NA,"winter","rut"
"HI1162","T3",0,1,2017-02-02,2017-02-17,16,0,16,"Hinckley",NA,"winter","winter.forage"
"HI1162","T4",0,3,2017-02-18,2017-03-05,16,0,16,"Hinckley",NA,"winter","winter.forage"
"HI1162","T5",0,3,2017-03-06,2017-03-21,16,0,16,"Hinckley",NA,"winter","winter.forage"
"HI1162","T6",0,0,2017-03-22,2017-04-06,16,0,16,"Hinckley",NA,"spring","winter.forage"
"HI1162","T7",5,0,2017-04-07,2017-04-22,16,0,16,"Hinckley",NA,"spring","fawning"
"HI1162","T8",1,1,2017-04-23,2017-05-08,16,0,16,"Hinckley",NA,"spring","fawning"
"HI1162","T9",8,1,2017-05-09,2017-05-24,16,0,16,"Hinckley",NA,"spring","fawning"
"HI1165","T1",0,0,2017-01-01,2017-01-16,16,0,16,"Hinckley",NA,"winter","winter.forage"
"HI1165","T10",0,0,2017-05-25,2017-06-09,16,0,16,"Hinckley",NA,"spring","fawning"
"HI1165","T11",0,0,2017-06-10,2017-06-25,16,0,16,"Hinckley",NA,"spring","fawning"
"HI1165","T12",0,0,2017-06-26,2017-06-30,5,0,5,"Hinckley",NA,"summer","fawning"
"HI1165","T13",0,0,2016-07-01,2016-07-10,10,0,10,"Hinckley",NA,"summer","summer.forage"
"HI1165","T14",0,0,2016-07-11,2016-07-26,16,0,16,"Hinckley",NA,"summer","summer.forage"
"HI1165","T15",0,0,2016-07-27,2016-08-11,16,0,16,"Hinckley",NA,"summer","summer.forage"
"HI1165","T16",0,0,2016-08-12,2016-08-27,16,0,16,"Hinckley",NA,"summer","summer.forage"
"HI1165","T17",0,0,2016-08-28,2016-09-12,16,0,16,"Hinckley",NA,"summer","summer.forage"
"HI1165","T18",0,0,2016-09-13,2016-09-28,16,0,16,"Hinckley",NA,"autumn","summer.forage"
"HI1165","T19",0,0,2016-09-29,2016-10-14,16,0,16,"Hinckley",NA,"autumn","rut"
"HI1165","T2",0,0,2017-01-17,2017-02-01,16,0,16,"Hinckley",NA,"winter","winter.forage"
"HI1165","T20",0,0,2016-10-15,2016-10-30,16,0,16,"Hinckley",NA,"autumn","rut"
"HI1165","T21",0,0,2016-10-31,2016-11-15,16,0,16,"Hinckley",NA,"autumn","rut"
"HI1165","T22",0,0,2016-11-16,2016-12-01,16,0,16,"Hinckley",NA,"autumn","rut"
"HI1165","T23",0,0,2016-12-02,2016-12-17,16,0,16,"Hinckley",NA,"autumn","rut"
"HI1165","T24",0,0,2016-12-18,2016-12-31,14,0,14,"Hinckley",NA,"winter","rut"
"HI1165","T3",0,0,2017-02-02,2017-02-17,16,0,16,"Hinckley",NA,"winter","winter.forage"
"HI1165","T4",0,0,2017-02-18,2017-03-05,16,0,16,"Hinckley",NA,"winter","winter.forage"
"HI1165","T5",0,0,2017-03-06,2017-03-21,16,0,16,"Hinckley",NA,"winter","winter.forage"
"HI1165","T6",0,0,2017-03-22,2017-04-06,16,0,16,"Hinckley",NA,"spring","winter.forage"
"HI1165","T7",0,0,2017-04-07,2017-04-22,16,0,16,"Hinckley",NA,"spring","fawning"
"HI1165","T8",0,0,2017-04-23,2017-05-08,16,0,16,"Hinckley",NA,"spring","fawning"
"HI1165","T9",0,0,2017-05-09,2017-05-24,16,0,16,"Hinckley",NA,"spring","fawning"
"HI1181","T1",0,0,2017-01-01,2017-01-16,16,0,16,"Hinckley",NA,"winter","winter.forage"
"HI1181","T10",3,0,2017-05-25,2017-06-09,16,0,16,"Hinckley",NA,"spring","fawning"
"HI1181","T11",4,0,2017-06-10,2017-06-25,16,0,16,"Hinckley",NA,"spring","fawning"
"HI1181","T12",0,0,2017-06-26,2017-06-30,5,0,5,"Hinckley",NA,"summer","fawning"
"HI1181","T13",1,0,2016-07-01,2016-07-10,10,0,10,"Hinckley",NA,"summer","summer.forage"
"HI1181","T14",2,0,2016-07-11,2016-07-26,16,0,16,"Hinckley",NA,"summer","summer.forage"
"HI1181","T15",2,0,2016-07-27,2016-08-11,16,0,16,"Hinckley",NA,"summer","summer.forage"
"HI1181","T16",0,0,2016-08-12,2016-08-27,16,0,16,"Hinckley",NA,"summer","summer.forage"
"HI1181","T17",0,0,2016-08-28,2016-09-12,16,0,16,"Hinckley",NA,"summer","summer.forage"
"HI1181","T18",3,1,2016-09-13,2016-09-28,16,0,16,"Hinckley",NA,"autumn","summer.forage"
"HI1181","T19",2,0,2016-09-29,2016-10-14,16,0,16,"Hinckley",NA,"autumn","rut"
"HI1181","T2",0,0,2017-01-17,2017-02-01,16,0,16,"Hinckley",NA,"winter","winter.forage"
"HI1181","T20",2,0,2016-10-15,2016-10-30,16,0,16,"Hinckley",NA,"autumn","rut"
"HI1181","T21",2,0,2016-10-31,2016-11-15,16,0,16,"Hinckley",NA,"autumn","rut"
"HI1181","T22",0,0,2016-11-16,2016-12-01,16,0,16,"Hinckley",NA,"autumn","rut"
"HI1181","T23",2,0,2016-12-02,2016-12-17,16,0,16,"Hinckley",NA,"autumn","rut"
"HI1181","T24",0,1,2016-12-18,2016-12-31,14,0,14,"Hinckley",NA,"winter","rut"
"HI1181","T3",0,0,2017-02-02,2017-02-17,16,0,16,"Hinckley",NA,"winter","winter.forage"
"HI1181","T4",0,0,2017-02-18,2017-03-05,16,0,16,"Hinckley",NA,"winter","winter.forage"
"HI1181","T5",1,0,2017-03-06,2017-03-21,16,0,16,"Hinckley",NA,"winter","winter.forage"
"HI1181","T6",0,1,2017-03-22,2017-04-06,16,0,16,"Hinckley",NA,"spring","winter.forage"
"HI1181","T7",1,0,2017-04-07,2017-04-22,16,0,16,"Hinckley",NA,"spring","fawning"
"HI1181","T8",2,0,2017-04-23,2017-05-08,16,0,16,"Hinckley",NA,"spring","fawning"
"HI1181","T9",2,2,2017-05-09,2017-05-24,16,0,16,"Hinckley",NA,"spring","fawning"
"HI1194","T1",6,2,2017-01-01,2017-01-16,16,0,16,"Hinckley",NA,"winter","winter.forage"
"HI1194","T10",2,0,2017-05-25,2017-06-09,16,0,16,"Hinckley",NA,"spring","fawning"
"HI1194","T11",3,1,2017-06-10,2017-06-25,16,0,16,"Hinckley",NA,"spring","fawning"
"HI1194","T12",0,0,2017-06-26,2017-06-30,5,0,5,"Hinckley",NA,"summer","fawning"
"HI1194","T13",5,0,2016-07-01,2016-07-10,10,0,10,"Hinckley",NA,"summer","summer.forage"
"HI1194","T14",1,0,2016-07-11,2016-07-26,16,0,16,"Hinckley",NA,"summer","summer.forage"
"HI1194","T15",1,0,2016-07-27,2016-08-11,16,0,16,"Hinckley",NA,"summer","summer.forage"
"HI1194","T16",2,1,2016-08-12,2016-08-27,16,0,16,"Hinckley",NA,"summer","summer.forage"
"HI1194","T17",1,0,2016-08-28,2016-09-12,16,0,16,"Hinckley",NA,"summer","summer.forage"
"HI1194","T18",0,0,2016-09-13,2016-09-28,16,0,16,"Hinckley",NA,"autumn","summer.forage"
"HI1194","T19",2,1,2016-09-29,2016-10-14,16,0,16,"Hinckley",NA,"autumn","rut"
"HI1194","T2",2,0,2017-01-17,2017-02-01,16,0,16,"Hinckley",NA,"winter","winter.forage"
"HI1194","T20",1,0,2016-10-15,2016-10-30,16,0,16,"Hinckley",NA,"autumn","rut"
"HI1194","T21",8,0,2016-10-31,2016-11-15,16,0,16,"Hinckley",NA,"autumn","rut"
"HI1194","T22",1,2,2016-11-16,2016-12-01,16,0,16,"Hinckley",NA,"autumn","rut"
"HI1194","T23",2,0,2016-12-02,2016-12-17,16,0,16,"Hinckley",NA,"autumn","rut"
"HI1194","T24",5,0,2016-12-18,2016-12-31,14,0,14,"Hinckley",NA,"winter","rut"
"HI1194","T3",1,0,2017-02-02,2017-02-17,16,0,16,"Hinckley",NA,"winter","winter.forage"
"HI1194","T4",1,0,2017-02-18,2017-03-05,16,0,16,"Hinckley",NA,"winter","winter.forage"
"HI1194","T5",0,0,2017-03-06,2017-03-21,16,0,16,"Hinckley",NA,"winter","winter.forage"
"HI1194","T6",1,1,2017-03-22,2017-04-06,16,0,16,"Hinckley",NA,"spring","winter.forage"
"HI1194","T7",1,0,2017-04-07,2017-04-22,16,0,16,"Hinckley",NA,"spring","fawning"
"HI1194","T8",3,0,2017-04-23,2017-05-08,16,0,16,"Hinckley",NA,"spring","fawning"
"HI1194","T9",2,0,2017-05-09,2017-05-24,16,0,16,"Hinckley",NA,"spring","fawning"
"HI1197","T1",5,1,2017-01-01,2017-01-16,16,0,16,"Hinckley",NA,"winter","winter.forage"
"HI1197","T10",6,0,2017-05-25,2017-06-09,16,0,16,"Hinckley",NA,"spring","fawning"
"HI1197","T11",3,0,2017-06-10,2017-06-25,16,0,16,"Hinckley",NA,"spring","fawning"
"HI1197","T12",0,0,2017-06-26,2017-06-30,5,0,5,"Hinckley",NA,"summer","fawning"
"HI1197","T13",3,0,2016-07-01,2016-07-10,10,0,10,"Hinckley",NA,"summer","summer.forage"
"HI1197","T14",2,0,2016-07-11,2016-07-26,16,0,16,"Hinckley",NA,"summer","summer.forage"
"HI1197","T15",0,0,2016-07-27,2016-08-11,16,0,16,"Hinckley",NA,"summer","summer.forage"
"HI1197","T16",5,0,2016-08-12,2016-08-27,16,0,16,"Hinckley",NA,"summer","summer.forage"
"HI1197","T17",1,0,2016-08-28,2016-09-12,16,0,16,"Hinckley",NA,"summer","summer.forage"
"HI1197","T18",0,0,2016-09-13,2016-09-28,16,0,16,"Hinckley",NA,"autumn","summer.forage"
"HI1197","T19",0,0,2016-09-29,2016-10-14,16,0,16,"Hinckley",NA,"autumn","rut"
"HI1197","T2",13,2,2017-01-17,2017-02-01,16,0,16,"Hinckley",NA,"winter","winter.forage"
"HI1197","T20",5,0,2016-10-15,2016-10-30,16,0,16,"Hinckley",NA,"autumn","rut"
"HI1197","T21",7,2,2016-10-31,2016-11-15,16,0,16,"Hinckley",NA,"autumn","rut"
"HI1197","T22",2,0,2016-11-16,2016-12-01,16,0,16,"Hinckley",NA,"autumn","rut"
"HI1197","T23",6,0,2016-12-02,2016-12-17,16,0,16,"Hinckley",NA,"autumn","rut"
"HI1197","T24",7,0,2016-12-18,2016-12-31,14,0,14,"Hinckley",NA,"winter","rut"
"HI1197","T3",7,0,2017-02-02,2017-02-17,16,0,16,"Hinckley",NA,"winter","winter.forage"
"HI1197","T4",7,0,2017-02-18,2017-03-05,16,0,16,"Hinckley",NA,"winter","winter.forage"
"HI1197","T5",0,0,2017-03-06,2017-03-21,16,0,16,"Hinckley",NA,"winter","winter.forage"
"HI1197","T6",2,0,2017-03-22,2017-04-06,16,0,16,"Hinckley",NA,"spring","winter.forage"
"HI1197","T7",6,0,2017-04-07,2017-04-22,16,0,16,"Hinckley",NA,"spring","fawning"
"HI1197","T8",5,1,2017-04-23,2017-05-08,16,0,16,"Hinckley",NA,"spring","fawning"
"HI1197","T9",11,0,2017-05-09,2017-05-24,16,0,16,"Hinckley",NA,"spring","fawning"
"HU1195","T1",2,1,2017-01-01,2017-01-16,16,0,16,"Huntington",NA,"winter","winter.forage"
"HU1195","T10",12,0,2017-05-25,2017-06-09,16,0,16,"Huntington",NA,"spring","fawning"
"HU1195","T11",18,0,2017-06-10,2017-06-25,16,0,16,"Huntington",NA,"spring","fawning"
"HU1195","T12",5,0,2017-06-26,2017-06-30,5,0,5,"Huntington",NA,"summer","fawning"
"HU1195","T13",22,0,2016-07-01,2016-07-10,10,0,10,"Huntington",NA,"summer","summer.forage"
"HU1195","T14",13,0,2016-07-11,2016-07-26,16,0,16,"Huntington",NA,"summer","summer.forage"
"HU1195","T15",22,0,2016-07-27,2016-08-11,16,0,16,"Huntington",NA,"summer","summer.forage"
"HU1195","T16",16,0,2016-08-12,2016-08-27,16,0,16,"Huntington",NA,"summer","summer.forage"
"HU1195","T17",21,0,2016-08-28,2016-09-12,16,0,16,"Huntington",NA,"summer","summer.forage"
"HU1195","T18",9,0,2016-09-13,2016-09-28,16,0,16,"Huntington",NA,"autumn","summer.forage"
"HU1195","T19",8,1,2016-09-29,2016-10-14,16,0,16,"Huntington",NA,"autumn","rut"
"HU1195","T2",0,0,2017-01-17,2017-02-01,16,0,16,"Huntington",NA,"winter","winter.forage"
"HU1195","T20",6,0,2016-10-15,2016-10-30,16,0,16,"Huntington",NA,"autumn","rut"
"HU1195","T21",20,0,2016-10-31,2016-11-15,16,0,16,"Huntington",NA,"autumn","rut"
"HU1195","T22",5,0,2016-11-16,2016-12-01,16,0,16,"Huntington",NA,"autumn","rut"
"HU1195","T23",5,5,2016-12-02,2016-12-17,16,0,16,"Huntington",NA,"autumn","rut"
"HU1195","T24",1,0,2016-12-18,2016-12-31,14,0,14,"Huntington",NA,"winter","rut"
"HU1195","T3",1,1,2017-02-02,2017-02-17,16,0,16,"Huntington",NA,"winter","winter.forage"
"HU1195","T4",1,2,2017-02-18,2017-03-05,16,0,16,"Huntington",NA,"winter","winter.forage"
"HU1195","T5",1,1,2017-03-06,2017-03-21,16,0,16,"Huntington",NA,"winter","winter.forage"
"HU1195","T6",2,1,2017-03-22,2017-04-06,16,0,16,"Huntington",NA,"spring","winter.forage"
"HU1195","T7",3,0,2017-04-07,2017-04-22,16,0,16,"Huntington",NA,"spring","fawning"
"HU1195","T8",14,1,2017-04-23,2017-05-08,16,0,16,"Huntington",NA,"spring","fawning"
"HU1195","T9",21,1,2017-05-09,2017-05-24,16,0,16,"Huntington",NA,"spring","fawning"
"MS1003","T1",8,0,2017-01-01,2017-01-16,16,0,16,"Mill_Stream_Run",NA,"winter","winter.forage"
"MS1003","T10",4,0,2017-05-25,2017-06-09,16,0,16,"Mill_Stream_Run",NA,"spring","fawning"
"MS1003","T11",4,0,2017-06-10,2017-06-25,16,0,16,"Mill_Stream_Run",NA,"spring","fawning"
"MS1003","T12",0,0,2017-06-26,2017-06-30,5,0,5,"Mill_Stream_Run",NA,"summer","fawning"
"MS1003","T13",2,0,2016-07-01,2016-07-10,10,0,10,"Mill_Stream_Run",NA,"summer","summer.forage"
"MS1003","T14",4,1,2016-07-11,2016-07-26,16,0,16,"Mill_Stream_Run",NA,"summer","summer.forage"
"MS1003","T15",5,0,2016-07-27,2016-08-11,16,0,16,"Mill_Stream_Run",NA,"summer","summer.forage"
"MS1003","T16",12,0,2016-08-12,2016-08-27,16,0,16,"Mill_Stream_Run",NA,"summer","summer.forage"
"MS1003","T17",10,0,2016-08-28,2016-09-12,16,0,16,"Mill_Stream_Run",NA,"summer","summer.forage"
"MS1003","T18",9,1,2016-09-13,2016-09-28,16,0,16,"Mill_Stream_Run",NA,"autumn","summer.forage"
"MS1003","T19",9,0,2016-09-29,2016-10-14,16,0,16,"Mill_Stream_Run",NA,"autumn","rut"
"MS1003","T2",14,1,2017-01-17,2017-02-01,16,0,16,"Mill_Stream_Run",NA,"winter","winter.forage"
"MS1003","T20",30,3,2016-10-15,2016-10-30,16,0,16,"Mill_Stream_Run",NA,"autumn","rut"
"MS1003","T21",35,1,2016-10-31,2016-11-15,16,0,16,"Mill_Stream_Run",NA,"autumn","rut"
"MS1003","T22",13,1,2016-11-16,2016-12-01,16,0,16,"Mill_Stream_Run",NA,"autumn","rut"
"MS1003","T23",16,1,2016-12-02,2016-12-17,16,0,16,"Mill_Stream_Run",NA,"autumn","rut"
"MS1003","T24",4,0,2016-12-18,2016-12-31,14,0,14,"Mill_Stream_Run",NA,"winter","rut"
"MS1003","T3",10,0,2017-02-02,2017-02-17,16,0,16,"Mill_Stream_Run",NA,"winter","winter.forage"
"MS1003","T4",10,1,2017-02-18,2017-03-05,16,0,16,"Mill_Stream_Run",NA,"winter","winter.forage"
"MS1003","T5",10,1,2017-03-06,2017-03-21,16,0,16,"Mill_Stream_Run",NA,"winter","winter.forage"
"MS1003","T6",9,0,2017-03-22,2017-04-06,16,0,16,"Mill_Stream_Run",NA,"spring","winter.forage"
"MS1003","T7",7,0,2017-04-07,2017-04-22,16,0,16,"Mill_Stream_Run",NA,"spring","fawning"
"MS1003","T8",10,0,2017-04-23,2017-05-08,16,0,16,"Mill_Stream_Run",NA,"spring","fawning"
"MS1003","T9",6,0,2017-05-09,2017-05-24,16,0,16,"Mill_Stream_Run",NA,"spring","fawning"
"MS1007","T1",0,0,2017-01-01,2017-01-16,16,0,16,"Mill_Stream_Run",NA,"winter","winter.forage"
"MS1007","T10",1,0,2017-05-25,2017-06-09,16,0,16,"Mill_Stream_Run",NA,"spring","fawning"
"MS1007","T11",0,0,2017-06-10,2017-06-25,16,0,16,"Mill_Stream_Run",NA,"spring","fawning"
"MS1007","T12",0,0,2017-06-26,2017-06-30,5,0,5,"Mill_Stream_Run",NA,"summer","fawning"
"MS1007","T13",1,0,2016-07-01,2016-07-10,10,0,10,"Mill_Stream_Run",NA,"summer","summer.forage"
"MS1007","T14",1,0,2016-07-11,2016-07-26,16,0,16,"Mill_Stream_Run",NA,"summer","summer.forage"
"MS1007","T15",0,1,2016-07-27,2016-08-11,16,0,16,"Mill_Stream_Run",NA,"summer","summer.forage"
"MS1007","T16",1,0,2016-08-12,2016-08-27,16,0,16,"Mill_Stream_Run",NA,"summer","summer.forage"
"MS1007","T17",1,0,2016-08-28,2016-09-12,16,0,16,"Mill_Stream_Run",NA,"summer","summer.forage"
"MS1007","T18",0,1,2016-09-13,2016-09-28,16,0,16,"Mill_Stream_Run",NA,"autumn","summer.forage"
"MS1007","T19",0,0,2016-09-29,2016-10-14,16,0,16,"Mill_Stream_Run",NA,"autumn","rut"
"MS1007","T2",0,0,2017-01-17,2017-02-01,16,0,16,"Mill_Stream_Run",NA,"winter","winter.forage"
"MS1007","T20",0,0,2016-10-15,2016-10-30,16,0,16,"Mill_Stream_Run",NA,"autumn","rut"
"MS1007","T21",0,0,2016-10-31,2016-11-15,16,0,16,"Mill_Stream_Run",NA,"autumn","rut"
"MS1007","T22",0,0,2016-11-16,2016-12-01,16,0,16,"Mill_Stream_Run",NA,"autumn","rut"
"MS1007","T23",0,0,2016-12-02,2016-12-17,16,0,16,"Mill_Stream_Run",NA,"autumn","rut"
"MS1007","T24",0,0,2016-12-18,2016-12-31,14,0,14,"Mill_Stream_Run",NA,"winter","rut"
"MS1007","T3",0,0,2017-02-02,2017-02-17,16,0,16,"Mill_Stream_Run",NA,"winter","winter.forage"
"MS1007","T4",0,0,2017-02-18,2017-03-05,16,0,16,"Mill_Stream_Run",NA,"winter","winter.forage"
"MS1007","T5",0,0,2017-03-06,2017-03-21,16,0,16,"Mill_Stream_Run",NA,"winter","winter.forage"
"MS1007","T6",0,0,2017-03-22,2017-04-06,16,0,16,"Mill_Stream_Run",NA,"spring","winter.forage"
"MS1007","T7",0,0,2017-04-07,2017-04-22,16,0,16,"Mill_Stream_Run",NA,"spring","fawning"
"MS1007","T8",0,0,2017-04-23,2017-05-08,16,0,16,"Mill_Stream_Run",NA,"spring","fawning"
"MS1007","T9",0,0,2017-05-09,2017-05-24,16,0,16,"Mill_Stream_Run",NA,"spring","fawning"
"MS1014","T1",12,1,2017-01-01,2017-01-16,16,0,16,"Mill_Stream_Run",NA,"winter","winter.forage"
"MS1014","T10",6,0,2017-05-25,2017-06-09,16,0,16,"Mill_Stream_Run",NA,"spring","fawning"
"MS1014","T11",6,0,2017-06-10,2017-06-25,16,0,16,"Mill_Stream_Run",NA,"spring","fawning"
"MS1014","T12",0,0,2017-06-26,2017-06-30,5,0,5,"Mill_Stream_Run",NA,"summer","fawning"
"MS1014","T13",3,0,2016-07-01,2016-07-10,10,0,10,"Mill_Stream_Run",NA,"summer","summer.forage"
"MS1014","T14",2,0,2016-07-11,2016-07-26,16,0,16,"Mill_Stream_Run",NA,"summer","summer.forage"
"MS1014","T15",1,0,2016-07-27,2016-08-11,16,0,16,"Mill_Stream_Run",NA,"summer","summer.forage"
"MS1014","T16",4,0,2016-08-12,2016-08-27,16,0,16,"Mill_Stream_Run",NA,"summer","summer.forage"
"MS1014","T17",5,2,2016-08-28,2016-09-12,16,0,16,"Mill_Stream_Run",NA,"summer","summer.forage"
"MS1014","T18",8,0,2016-09-13,2016-09-28,16,0,16,"Mill_Stream_Run",NA,"autumn","summer.forage"
"MS1014","T19",5,2,2016-09-29,2016-10-14,16,0,16,"Mill_Stream_Run",NA,"autumn","rut"
"MS1014","T2",4,0,2017-01-17,2017-02-01,16,0,16,"Mill_Stream_Run",NA,"winter","winter.forage"
"MS1014","T20",9,4,2016-10-15,2016-10-30,16,0,16,"Mill_Stream_Run",NA,"autumn","rut"
"MS1014","T21",13,2,2016-10-31,2016-11-15,16,0,16,"Mill_Stream_Run",NA,"autumn","rut"
"MS1014","T22",13,1,2016-11-16,2016-12-01,16,0,16,"Mill_Stream_Run",NA,"autumn","rut"
"MS1014","T23",14,3,2016-12-02,2016-12-17,16,0,16,"Mill_Stream_Run",NA,"autumn","rut"
"MS1014","T24",9,0,2016-12-18,2016-12-31,14,0,14,"Mill_Stream_Run",NA,"winter","rut"
"MS1014","T3",3,0,2017-02-02,2017-02-17,16,0,16,"Mill_Stream_Run",NA,"winter","winter.forage"
"MS1014","T4",1,0,2017-02-18,2017-03-05,16,0,16,"Mill_Stream_Run",NA,"winter","winter.forage"
"MS1014","T5",0,0,2017-03-06,2017-03-21,16,0,16,"Mill_Stream_Run",NA,"winter","winter.forage"
"MS1014","T6",3,1,2017-03-22,2017-04-06,16,0,16,"Mill_Stream_Run",NA,"spring","winter.forage"
"MS1014","T7",4,1,2017-04-07,2017-04-22,16,0,16,"Mill_Stream_Run",NA,"spring","fawning"
"MS1014","T8",14,0,2017-04-23,2017-05-08,16,0,16,"Mill_Stream_Run",NA,"spring","fawning"
"MS1014","T9",17,2,2017-05-09,2017-05-24,16,0,16,"Mill_Stream_Run",NA,"spring","fawning"
"MS1019","T1",10,2,2017-01-01,2017-01-16,16,0,16,"Mill_Stream_Run",NA,"winter","winter.forage"
"MS1019","T10",20,0,2017-05-25,2017-06-09,16,0,16,"Mill_Stream_Run",NA,"spring","fawning"
"MS1019","T11",2,2,2017-06-10,2017-06-25,16,0,16,"Mill_Stream_Run",NA,"spring","fawning"
"MS1019","T12",0,0,2017-06-26,2017-06-30,5,0,5,"Mill_Stream_Run",NA,"summer","fawning"
"MS1019","T13",7,0,2016-07-01,2016-07-10,10,0,10,"Mill_Stream_Run",NA,"summer","summer.forage"
"MS1019","T14",7,0,2016-07-11,2016-07-26,16,0,16,"Mill_Stream_Run",NA,"summer","summer.forage"
"MS1019","T15",22,0,2016-07-27,2016-08-11,16,0,16,"Mill_Stream_Run",NA,"summer","summer.forage"
"MS1019","T16",21,3,2016-08-12,2016-08-27,16,0,16,"Mill_Stream_Run",NA,"summer","summer.forage"
"MS1019","T17",22,0,2016-08-28,2016-09-12,16,0,16,"Mill_Stream_Run",NA,"summer","summer.forage"
"MS1019","T18",16,1,2016-09-13,2016-09-28,16,0,16,"Mill_Stream_Run",NA,"autumn","summer.forage"
"MS1019","T19",34,0,2016-09-29,2016-10-14,16,0,16,"Mill_Stream_Run",NA,"autumn","rut"
"MS1019","T2",10,0,2017-01-17,2017-02-01,16,0,16,"Mill_Stream_Run",NA,"winter","winter.forage"
"MS1019","T20",37,2,2016-10-15,2016-10-30,16,0,16,"Mill_Stream_Run",NA,"autumn","rut"
"MS1019","T21",29,1,2016-10-31,2016-11-15,16,0,16,"Mill_Stream_Run",NA,"autumn","rut"
"MS1019","T22",12,0,2016-11-16,2016-12-01,16,0,16,"Mill_Stream_Run",NA,"autumn","rut"
"MS1019","T23",7,2,2016-12-02,2016-12-17,16,0,16,"Mill_Stream_Run",NA,"autumn","rut"
"MS1019","T24",9,1,2016-12-18,2016-12-31,14,0,14,"Mill_Stream_Run",NA,"winter","rut"
"MS1019","T3",7,0,2017-02-02,2017-02-17,16,0,16,"Mill_Stream_Run",NA,"winter","winter.forage"
"MS1019","T4",9,1,2017-02-18,2017-03-05,16,0,16,"Mill_Stream_Run",NA,"winter","winter.forage"
"MS1019","T5",13,1,2017-03-06,2017-03-21,16,0,16,"Mill_Stream_Run",NA,"winter","winter.forage"
"MS1019","T6",12,1,2017-03-22,2017-04-06,16,0,16,"Mill_Stream_Run",NA,"spring","winter.forage"
"MS1019","T7",6,0,2017-04-07,2017-04-22,16,0,16,"Mill_Stream_Run",NA,"spring","fawning"
"MS1019","T8",4,1,2017-04-23,2017-05-08,16,0,16,"Mill_Stream_Run",NA,"spring","fawning"
"MS1019","T9",1,0,2017-05-09,2017-05-24,16,0,16,"Mill_Stream_Run",NA,"spring","fawning"
"MS1035","T1",4,1,2017-01-01,2017-01-16,16,0,16,"Mill_Stream_Run",NA,"winter","winter.forage"
"MS1035","T10",11,0,2017-05-25,2017-06-09,16,0,16,"Mill_Stream_Run",NA,"spring","fawning"
"MS1035","T11",0,0,2017-06-10,2017-06-25,16,0,16,"Mill_Stream_Run",NA,"spring","fawning"
"MS1035","T12",0,0,2017-06-26,2017-06-30,5,0,5,"Mill_Stream_Run",NA,"summer","fawning"
"MS1035","T13",1,0,2016-07-01,2016-07-10,10,0,10,"Mill_Stream_Run",NA,"summer","summer.forage"
"MS1035","T14",3,1,2016-07-11,2016-07-26,16,0,16,"Mill_Stream_Run",NA,"summer","summer.forage"
"MS1035","T15",12,0,2016-07-27,2016-08-11,16,0,16,"Mill_Stream_Run",NA,"summer","summer.forage"
"MS1035","T16",23,0,2016-08-12,2016-08-27,16,0,16,"Mill_Stream_Run",NA,"summer","summer.forage"
"MS1035","T17",19,0,2016-08-28,2016-09-12,16,0,16,"Mill_Stream_Run",NA,"summer","summer.forage"
"MS1035","T18",11,0,2016-09-13,2016-09-28,16,0,16,"Mill_Stream_Run",NA,"autumn","summer.forage"
"MS1035","T19",15,0,2016-09-29,2016-10-14,16,0,16,"Mill_Stream_Run",NA,"autumn","rut"
"MS1035","T2",2,0,2017-01-17,2017-02-01,16,0,16,"Mill_Stream_Run",NA,"winter","winter.forage"
"MS1035","T20",24,0,2016-10-15,2016-10-30,16,0,16,"Mill_Stream_Run",NA,"autumn","rut"
"MS1035","T21",10,0,2016-10-31,2016-11-15,16,0,16,"Mill_Stream_Run",NA,"autumn","rut"
"MS1035","T22",2,0,2016-11-16,2016-12-01,16,0,16,"Mill_Stream_Run",NA,"autumn","rut"
"MS1035","T23",1,2,2016-12-02,2016-12-17,16,0,16,"Mill_Stream_Run",NA,"autumn","rut"
"MS1035","T24",6,0,2016-12-18,2016-12-31,14,0,14,"Mill_Stream_Run",NA,"winter","rut"
"MS1035","T3",0,0,2017-02-02,2017-02-17,16,0,16,"Mill_Stream_Run",NA,"winter","winter.forage"
"MS1035","T4",5,2,2017-02-18,2017-03-05,16,0,16,"Mill_Stream_Run",NA,"winter","winter.forage"
"MS1035","T5",3,0,2017-03-06,2017-03-21,16,0,16,"Mill_Stream_Run",NA,"winter","winter.forage"
"MS1035","T6",7,0,2017-03-22,2017-04-06,16,0,16,"Mill_Stream_Run",NA,"spring","winter.forage"
"MS1035","T7",3,0,2017-04-07,2017-04-22,16,0,16,"Mill_Stream_Run",NA,"spring","fawning"
"MS1035","T8",6,1,2017-04-23,2017-05-08,16,0,16,"Mill_Stream_Run",NA,"spring","fawning"
"MS1035","T9",5,0,2017-05-09,2017-05-24,16,0,16,"Mill_Stream_Run",NA,"spring","fawning"
"MS1039","T1",2,0,2017-01-01,2017-01-16,16,0,16,"Mill_Stream_Run",NA,"winter","winter.forage"
"MS1039","T10",4,0,2017-05-25,2017-06-09,16,0,16,"Mill_Stream_Run",NA,"spring","fawning"
"MS1039","T11",2,0,2017-06-10,2017-06-25,16,0,16,"Mill_Stream_Run",NA,"spring","fawning"
"MS1039","T12",0,0,2017-06-26,2017-06-30,5,0,5,"Mill_Stream_Run",NA,"summer","fawning"
"MS1039","T13",4,0,2016-07-01,2016-07-10,10,0,10,"Mill_Stream_Run",NA,"summer","summer.forage"
"MS1039","T14",1,0,2016-07-11,2016-07-26,16,0,16,"Mill_Stream_Run",NA,"summer","summer.forage"
"MS1039","T15",1,0,2016-07-27,2016-08-11,16,0,16,"Mill_Stream_Run",NA,"summer","summer.forage"
"MS1039","T16",2,0,2016-08-12,2016-08-27,16,0,16,"Mill_Stream_Run",NA,"summer","summer.forage"
"MS1039","T17",2,0,2016-08-28,2016-09-12,16,0,16,"Mill_Stream_Run",NA,"summer","summer.forage"
"MS1039","T18",0,0,2016-09-13,2016-09-28,16,0,16,"Mill_Stream_Run",NA,"autumn","summer.forage"
"MS1039","T19",1,0,2016-09-29,2016-10-14,16,0,16,"Mill_Stream_Run",NA,"autumn","rut"
"MS1039","T2",6,0,2017-01-17,2017-02-01,16,0,16,"Mill_Stream_Run",NA,"winter","winter.forage"
"MS1039","T20",6,2,2016-10-15,2016-10-30,16,0,16,"Mill_Stream_Run",NA,"autumn","rut"
"MS1039","T21",10,1,2016-10-31,2016-11-15,16,0,16,"Mill_Stream_Run",NA,"autumn","rut"
"MS1039","T22",4,0,2016-11-16,2016-12-01,16,0,16,"Mill_Stream_Run",NA,"autumn","rut"
"MS1039","T23",8,0,2016-12-02,2016-12-17,16,0,16,"Mill_Stream_Run",NA,"autumn","rut"
"MS1039","T24",6,0,2016-12-18,2016-12-31,14,0,14,"Mill_Stream_Run",NA,"winter","rut"
"MS1039","T3",7,3,2017-02-02,2017-02-17,16,0,16,"Mill_Stream_Run",NA,"winter","winter.forage"
"MS1039","T4",2,1,2017-02-18,2017-03-05,16,0,16,"Mill_Stream_Run",NA,"winter","winter.forage"
"MS1039","T5",2,1,2017-03-06,2017-03-21,16,0,16,"Mill_Stream_Run",NA,"winter","winter.forage"
"MS1039","T6",2,0,2017-03-22,2017-04-06,16,0,16,"Mill_Stream_Run",NA,"spring","winter.forage"
"MS1039","T7",2,2,2017-04-07,2017-04-22,16,0,16,"Mill_Stream_Run",NA,"spring","fawning"
"MS1039","T8",18,3,2017-04-23,2017-05-08,16,0,16,"Mill_Stream_Run",NA,"spring","fawning"
"MS1039","T9",11,0,2017-05-09,2017-05-24,16,0,16,"Mill_Stream_Run",NA,"spring","fawning"
"MS1051","T1",33,1,2017-01-01,2017-01-16,16,0,16,"Mill_Stream_Run",NA,"winter","winter.forage"
"MS1051","T10",20,2,2017-05-25,2017-06-09,16,0,16,"Mill_Stream_Run",NA,"spring","fawning"
"MS1051","T11",6,2,2017-06-10,2017-06-25,16,0,16,"Mill_Stream_Run",NA,"spring","fawning"
"MS1051","T12",0,0,2017-06-26,2017-06-30,5,0,5,"Mill_Stream_Run",NA,"summer","fawning"
"MS1051","T13",20,0,2016-07-01,2016-07-10,10,0,10,"Mill_Stream_Run",NA,"summer","summer.forage"
"MS1051","T14",23,0,2016-07-11,2016-07-26,16,0,16,"Mill_Stream_Run",NA,"summer","summer.forage"
"MS1051","T15",25,2,2016-07-27,2016-08-11,16,0,16,"Mill_Stream_Run",NA,"summer","summer.forage"
"MS1051","T16",16,0,2016-08-12,2016-08-27,16,0,16,"Mill_Stream_Run",NA,"summer","summer.forage"
"MS1051","T17",12,0,2016-08-28,2016-09-12,16,0,16,"Mill_Stream_Run",NA,"summer","summer.forage"
"MS1051","T18",18,0,2016-09-13,2016-09-28,16,0,16,"Mill_Stream_Run",NA,"autumn","summer.forage"
"MS1051","T19",15,0,2016-09-29,2016-10-14,16,0,16,"Mill_Stream_Run",NA,"autumn","rut"
"MS1051","T2",20,0,2017-01-17,2017-02-01,16,0,16,"Mill_Stream_Run",NA,"winter","winter.forage"
"MS1051","T20",19,0,2016-10-15,2016-10-30,16,0,16,"Mill_Stream_Run",NA,"autumn","rut"
"MS1051","T21",49,1,2016-10-31,2016-11-15,16,0,16,"Mill_Stream_Run",NA,"autumn","rut"
"MS1051","T22",23,0,2016-11-16,2016-12-01,16,0,16,"Mill_Stream_Run",NA,"autumn","rut"
"MS1051","T23",39,0,2016-12-02,2016-12-17,16,0,16,"Mill_Stream_Run",NA,"autumn","rut"
"MS1051","T24",58,0,2016-12-18,2016-12-31,14,0,14,"Mill_Stream_Run",NA,"winter","rut"
"MS1051","T3",10,0,2017-02-02,2017-02-17,16,0,16,"Mill_Stream_Run",NA,"winter","winter.forage"
"MS1051","T4",19,1,2017-02-18,2017-03-05,16,0,16,"Mill_Stream_Run",NA,"winter","winter.forage"
"MS1051","T5",9,1,2017-03-06,2017-03-21,16,0,16,"Mill_Stream_Run",NA,"winter","winter.forage"
"MS1051","T6",7,0,2017-03-22,2017-04-06,16,0,16,"Mill_Stream_Run",NA,"spring","winter.forage"
"MS1051","T7",7,1,2017-04-07,2017-04-22,16,0,16,"Mill_Stream_Run",NA,"spring","fawning"
"MS1051","T8",15,1,2017-04-23,2017-05-08,16,0,16,"Mill_Stream_Run",NA,"spring","fawning"
"MS1051","T9",8,1,2017-05-09,2017-05-24,16,0,16,"Mill_Stream_Run",NA,"spring","fawning"
"MS1062","T1",0,0,2017-01-01,2017-01-16,16,16,0,"Mill_Stream_Run",NA,"winter","winter.forage"
"MS1062","T10",13,1,2017-05-25,2017-06-09,16,0,16,"Mill_Stream_Run",NA,"spring","fawning"
"MS1062","T11",28,0,2017-06-10,2017-06-25,16,0,16,"Mill_Stream_Run",NA,"spring","fawning"
"MS1062","T12",3,0,2017-06-26,2017-06-30,5,0,5,"Mill_Stream_Run",NA,"summer","fawning"
"MS1062","T13",29,0,2016-07-01,2016-07-10,10,0,10,"Mill_Stream_Run",NA,"summer","summer.forage"
"MS1062","T14",40,0,2016-07-11,2016-07-26,16,0,16,"Mill_Stream_Run",NA,"summer","summer.forage"
"MS1062","T15",50,0,2016-07-27,2016-08-11,16,0,16,"Mill_Stream_Run",NA,"summer","summer.forage"
"MS1062","T16",40,0,2016-08-12,2016-08-27,16,0,16,"Mill_Stream_Run",NA,"summer","summer.forage"
"MS1062","T17",21,0,2016-08-28,2016-09-12,16,0,16,"Mill_Stream_Run",NA,"summer","summer.forage"
"MS1062","T18",14,0,2016-09-13,2016-09-28,16,6,10,"Mill_Stream_Run",NA,"autumn","summer.forage"
"MS1062","T19",0,0,2016-09-29,2016-10-14,16,16,0,"Mill_Stream_Run",NA,"autumn","rut"
"MS1062","T2",0,0,2017-01-17,2017-02-01,16,16,0,"Mill_Stream_Run",NA,"winter","winter.forage"
"MS1062","T20",40,1,2016-10-15,2016-10-30,16,7,9,"Mill_Stream_Run",NA,"autumn","rut"
"MS1062","T21",74,3,2016-10-31,2016-11-15,16,0,16,"Mill_Stream_Run",NA,"autumn","rut"
"MS1062","T22",33,5,2016-11-16,2016-12-01,16,0,16,"Mill_Stream_Run",NA,"autumn","rut"
"MS1062","T23",21,0,2016-12-02,2016-12-17,16,5,11,"Mill_Stream_Run",NA,"autumn","rut"
"MS1062","T24",0,0,2016-12-18,2016-12-31,14,14,0,"Mill_Stream_Run",NA,"winter","rut"
"MS1062","T3",0,0,2017-02-02,2017-02-17,16,16,0,"Mill_Stream_Run",NA,"winter","winter.forage"
"MS1062","T4",13,1,2017-02-18,2017-03-05,16,8,8,"Mill_Stream_Run",NA,"winter","winter.forage"
"MS1062","T5",5,1,2017-03-06,2017-03-21,16,11,5,"Mill_Stream_Run",NA,"winter","winter.forage"
"MS1062","T6",0,0,2017-03-22,2017-04-06,16,16,0,"Mill_Stream_Run",NA,"spring","winter.forage"
"MS1062","T7",0,0,2017-04-07,2017-04-22,16,16,0,"Mill_Stream_Run",NA,"spring","fawning"
"MS1062","T8",25,0,2017-04-23,2017-05-08,16,2,14,"Mill_Stream_Run",NA,"spring","fawning"
"MS1062","T9",35,0,2017-05-09,2017-05-24,16,0,16,"Mill_Stream_Run",NA,"spring","fawning"
"MS1067","T1",18,0,2017-01-01,2017-01-16,16,0,16,"Mill_Stream_Run",NA,"winter","winter.forage"
"MS1067","T10",23,0,2017-05-25,2017-06-09,16,0,16,"Mill_Stream_Run",NA,"spring","fawning"
"MS1067","T11",5,0,2017-06-10,2017-06-25,16,0,16,"Mill_Stream_Run",NA,"spring","fawning"
"MS1067","T12",0,0,2017-06-26,2017-06-30,5,0,5,"Mill_Stream_Run",NA,"summer","fawning"
"MS1067","T13",25,0,2016-07-01,2016-07-10,10,0,10,"Mill_Stream_Run",NA,"summer","summer.forage"
"MS1067","T14",38,1,2016-07-11,2016-07-26,16,0,16,"Mill_Stream_Run",NA,"summer","summer.forage"
"MS1067","T15",24,0,2016-07-27,2016-08-11,16,0,16,"Mill_Stream_Run",NA,"summer","summer.forage"
"MS1067","T16",27,0,2016-08-12,2016-08-27,16,0,16,"Mill_Stream_Run",NA,"summer","summer.forage"
"MS1067","T17",35,0,2016-08-28,2016-09-12,16,0,16,"Mill_Stream_Run",NA,"summer","summer.forage"
"MS1067","T18",30,0,2016-09-13,2016-09-28,16,0,16,"Mill_Stream_Run",NA,"autumn","summer.forage"
"MS1067","T19",61,0,2016-09-29,2016-10-14,16,0,16,"Mill_Stream_Run",NA,"autumn","rut"
"MS1067","T2",0,0,2017-01-17,2017-02-01,16,0,16,"Mill_Stream_Run",NA,"winter","winter.forage"
"MS1067","T20",77,4,2016-10-15,2016-10-30,16,0,16,"Mill_Stream_Run",NA,"autumn","rut"
"MS1067","T21",94,4,2016-10-31,2016-11-15,16,0,16,"Mill_Stream_Run",NA,"autumn","rut"
"MS1067","T22",129,4,2016-11-16,2016-12-01,16,0,16,"Mill_Stream_Run",NA,"autumn","rut"
"MS1067","T23",84,0,2016-12-02,2016-12-17,16,0,16,"Mill_Stream_Run",NA,"autumn","rut"
"MS1067","T24",52,1,2016-12-18,2016-12-31,14,0,14,"Mill_Stream_Run",NA,"winter","rut"
"MS1067","T3",0,0,2017-02-02,2017-02-17,16,0,16,"Mill_Stream_Run",NA,"winter","winter.forage"
"MS1067","T4",27,0,2017-02-18,2017-03-05,16,0,16,"Mill_Stream_Run",NA,"winter","winter.forage"
"MS1067","T5",31,0,2017-03-06,2017-03-21,16,0,16,"Mill_Stream_Run",NA,"winter","winter.forage"
"MS1067","T6",24,0,2017-03-22,2017-04-06,16,0,16,"Mill_Stream_Run",NA,"spring","winter.forage"
"MS1067","T7",15,0,2017-04-07,2017-04-22,16,0,16,"Mill_Stream_Run",NA,"spring","fawning"
"MS1067","T8",17,0,2017-04-23,2017-05-08,16,0,16,"Mill_Stream_Run",NA,"spring","fawning"
"MS1067","T9",24,0,2017-05-09,2017-05-24,16,0,16,"Mill_Stream_Run",NA,"spring","fawning"
"MS1071","T1",10,0,2017-01-01,2017-01-16,16,0,16,"Mill_Stream_Run",NA,"winter","winter.forage"
"MS1071","T10",7,0,2017-05-25,2017-06-09,16,0,16,"Mill_Stream_Run",NA,"spring","fawning"
"MS1071","T11",27,1,2017-06-10,2017-06-25,16,0,16,"Mill_Stream_Run",NA,"spring","fawning"
"MS1071","T12",0,0,2017-06-26,2017-06-30,5,0,5,"Mill_Stream_Run",NA,"summer","fawning"
"MS1071","T13",5,0,2016-07-01,2016-07-10,10,0,10,"Mill_Stream_Run",NA,"summer","summer.forage"
"MS1071","T14",11,0,2016-07-11,2016-07-26,16,0,16,"Mill_Stream_Run",NA,"summer","summer.forage"
"MS1071","T15",4,0,2016-07-27,2016-08-11,16,0,16,"Mill_Stream_Run",NA,"summer","summer.forage"
"MS1071","T16",4,0,2016-08-12,2016-08-27,16,0,16,"Mill_Stream_Run",NA,"summer","summer.forage"
"MS1071","T17",0,0,2016-08-28,2016-09-12,16,0,16,"Mill_Stream_Run",NA,"summer","summer.forage"
"MS1071","T18",4,0,2016-09-13,2016-09-28,16,0,16,"Mill_Stream_Run",NA,"autumn","summer.forage"
"MS1071","T19",3,0,2016-09-29,2016-10-14,16,0,16,"Mill_Stream_Run",NA,"autumn","rut"
"MS1071","T2",11,0,2017-01-17,2017-02-01,16,0,16,"Mill_Stream_Run",NA,"winter","winter.forage"
"MS1071","T20",3,0,2016-10-15,2016-10-30,16,0,16,"Mill_Stream_Run",NA,"autumn","rut"
"MS1071","T21",8,0,2016-10-31,2016-11-15,16,0,16,"Mill_Stream_Run",NA,"autumn","rut"
"MS1071","T22",6,0,2016-11-16,2016-12-01,16,0,16,"Mill_Stream_Run",NA,"autumn","rut"
"MS1071","T23",6,2,2016-12-02,2016-12-17,16,0,16,"Mill_Stream_Run",NA,"autumn","rut"
"MS1071","T24",10,0,2016-12-18,2016-12-31,14,0,14,"Mill_Stream_Run",NA,"winter","rut"
"MS1071","T3",3,0,2017-02-02,2017-02-17,16,0,16,"Mill_Stream_Run",NA,"winter","winter.forage"
"MS1071","T4",11,0,2017-02-18,2017-03-05,16,0,16,"Mill_Stream_Run",NA,"winter","winter.forage"
"MS1071","T5",15,0,2017-03-06,2017-03-21,16,0,16,"Mill_Stream_Run",NA,"winter","winter.forage"
"MS1071","T6",12,1,2017-03-22,2017-04-06,16,0,16,"Mill_Stream_Run",NA,"spring","winter.forage"
"MS1071","T7",18,0,2017-04-07,2017-04-22,16,0,16,"Mill_Stream_Run",NA,"spring","fawning"
"MS1071","T8",16,0,2017-04-23,2017-05-08,16,0,16,"Mill_Stream_Run",NA,"spring","fawning"
"MS1071","T9",12,0,2017-05-09,2017-05-24,16,0,16,"Mill_Stream_Run",NA,"spring","fawning"
"MS1083","T1",17,0,2017-01-01,2017-01-16,16,0,16,"Mill_Stream_Run",NA,"winter","winter.forage"
"MS1083","T10",13,2,2017-05-25,2017-06-09,16,0,16,"Mill_Stream_Run",NA,"spring","fawning"
"MS1083","T11",7,0,2017-06-10,2017-06-25,16,0,16,"Mill_Stream_Run",NA,"spring","fawning"
"MS1083","T12",0,0,2017-06-26,2017-06-30,5,0,5,"Mill_Stream_Run",NA,"summer","fawning"
"MS1083","T13",6,0,2016-07-01,2016-07-10,10,0,10,"Mill_Stream_Run",NA,"summer","summer.forage"
"MS1083","T14",15,0,2016-07-11,2016-07-26,16,0,16,"Mill_Stream_Run",NA,"summer","summer.forage"
"MS1083","T15",20,1,2016-07-27,2016-08-11,16,0,16,"Mill_Stream_Run",NA,"summer","summer.forage"
"MS1083","T16",16,0,2016-08-12,2016-08-27,16,0,16,"Mill_Stream_Run",NA,"summer","summer.forage"
"MS1083","T17",9,0,2016-08-28,2016-09-12,16,0,16,"Mill_Stream_Run",NA,"summer","summer.forage"
"MS1083","T18",14,0,2016-09-13,2016-09-28,16,0,16,"Mill_Stream_Run",NA,"autumn","summer.forage"
"MS1083","T19",7,1,2016-09-29,2016-10-14,16,0,16,"Mill_Stream_Run",NA,"autumn","rut"
"MS1083","T2",5,1,2017-01-17,2017-02-01,16,0,16,"Mill_Stream_Run",NA,"winter","winter.forage"
"MS1083","T20",19,1,2016-10-15,2016-10-30,16,0,16,"Mill_Stream_Run",NA,"autumn","rut"
"MS1083","T21",11,1,2016-10-31,2016-11-15,16,0,16,"Mill_Stream_Run",NA,"autumn","rut"
"MS1083","T22",5,0,2016-11-16,2016-12-01,16,0,16,"Mill_Stream_Run",NA,"autumn","rut"
"MS1083","T23",3,0,2016-12-02,2016-12-17,16,0,16,"Mill_Stream_Run",NA,"autumn","rut"
"MS1083","T24",3,0,2016-12-18,2016-12-31,14,0,14,"Mill_Stream_Run",NA,"winter","rut"
"MS1083","T3",5,0,2017-02-02,2017-02-17,16,0,16,"Mill_Stream_Run",NA,"winter","winter.forage"
"MS1083","T4",4,1,2017-02-18,2017-03-05,16,0,16,"Mill_Stream_Run",NA,"winter","winter.forage"
"MS1083","T5",7,0,2017-03-06,2017-03-21,16,0,16,"Mill_Stream_Run",NA,"winter","winter.forage"
"MS1083","T6",4,2,2017-03-22,2017-04-06,16,0,16,"Mill_Stream_Run",NA,"spring","winter.forage"
"MS1083","T7",7,0,2017-04-07,2017-04-22,16,0,16,"Mill_Stream_Run",NA,"spring","fawning"
"MS1083","T8",6,4,2017-04-23,2017-05-08,16,0,16,"Mill_Stream_Run",NA,"spring","fawning"
"MS1083","T9",8,1,2017-05-09,2017-05-24,16,0,16,"Mill_Stream_Run",NA,"spring","fawning"
"MS1087","T1",7,1,2017-01-01,2017-01-16,16,0,16,"Mill_Stream_Run",NA,"winter","winter.forage"
"MS1087","T10",14,1,2017-05-25,2017-06-09,16,0,16,"Mill_Stream_Run",NA,"spring","fawning"
"MS1087","T11",0,1,2017-06-10,2017-06-25,16,0,16,"Mill_Stream_Run",NA,"spring","fawning"
"MS1087","T12",0,0,2017-06-26,2017-06-30,5,0,5,"Mill_Stream_Run",NA,"summer","fawning"
"MS1087","T13",2,10,2016-07-01,2016-07-10,10,0,10,"Mill_Stream_Run",NA,"summer","summer.forage"
"MS1087","T14",3,8,2016-07-11,2016-07-26,16,0,16,"Mill_Stream_Run",NA,"summer","summer.forage"
"MS1087","T15",3,17,2016-07-27,2016-08-11,16,0,16,"Mill_Stream_Run",NA,"summer","summer.forage"
"MS1087","T16",1,4,2016-08-12,2016-08-27,16,0,16,"Mill_Stream_Run",NA,"summer","summer.forage"
"MS1087","T17",11,6,2016-08-28,2016-09-12,16,0,16,"Mill_Stream_Run",NA,"summer","summer.forage"
"MS1087","T18",8,8,2016-09-13,2016-09-28,16,0,16,"Mill_Stream_Run",NA,"autumn","summer.forage"
"MS1087","T19",2,13,2016-09-29,2016-10-14,16,0,16,"Mill_Stream_Run",NA,"autumn","rut"
"MS1087","T2",4,4,2017-01-17,2017-02-01,16,0,16,"Mill_Stream_Run",NA,"winter","winter.forage"
"MS1087","T20",1,8,2016-10-15,2016-10-30,16,0,16,"Mill_Stream_Run",NA,"autumn","rut"
"MS1087","T21",9,7,2016-10-31,2016-11-15,16,0,16,"Mill_Stream_Run",NA,"autumn","rut"
"MS1087","T22",3,8,2016-11-16,2016-12-01,16,0,16,"Mill_Stream_Run",NA,"autumn","rut"
"MS1087","T23",3,5,2016-12-02,2016-12-17,16,0,16,"Mill_Stream_Run",NA,"autumn","rut"
"MS1087","T24",3,3,2016-12-18,2016-12-31,14,0,14,"Mill_Stream_Run",NA,"winter","rut"
"MS1087","T3",1,4,2017-02-02,2017-02-17,16,0,16,"Mill_Stream_Run",NA,"winter","winter.forage"
"MS1087","T4",3,4,2017-02-18,2017-03-05,16,0,16,"Mill_Stream_Run",NA,"winter","winter.forage"
"MS1087","T5",3,6,2017-03-06,2017-03-21,16,0,16,"Mill_Stream_Run",NA,"winter","winter.forage"
"MS1087","T6",2,11,2017-03-22,2017-04-06,16,0,16,"Mill_Stream_Run",NA,"spring","winter.forage"
"MS1087","T7",3,1,2017-04-07,2017-04-22,16,0,16,"Mill_Stream_Run",NA,"spring","fawning"
"MS1087","T8",1,1,2017-04-23,2017-05-08,16,0,16,"Mill_Stream_Run",NA,"spring","fawning"
"MS1087","T9",10,0,2017-05-09,2017-05-24,16,0,16,"Mill_Stream_Run",NA,"spring","fawning"
"MS1099","T1",4,1,2017-01-01,2017-01-16,16,0,16,"Mill_Stream_Run",NA,"winter","winter.forage"
"MS1099","T10",6,8,2017-05-25,2017-06-09,16,0,16,"Mill_Stream_Run",NA,"spring","fawning"
"MS1099","T11",2,0,2017-06-10,2017-06-25,16,0,16,"Mill_Stream_Run",NA,"spring","fawning"
"MS1099","T12",0,0,2017-06-26,2017-06-30,5,0,5,"Mill_Stream_Run",NA,"summer","fawning"
"MS1099","T13",12,1,2016-07-01,2016-07-10,10,0,10,"Mill_Stream_Run",NA,"summer","summer.forage"
"MS1099","T14",12,0,2016-07-11,2016-07-26,16,0,16,"Mill_Stream_Run",NA,"summer","summer.forage"
"MS1099","T15",14,0,2016-07-27,2016-08-11,16,0,16,"Mill_Stream_Run",NA,"summer","summer.forage"
"MS1099","T16",25,0,2016-08-12,2016-08-27,16,0,16,"Mill_Stream_Run",NA,"summer","summer.forage"
"MS1099","T17",31,0,2016-08-28,2016-09-12,16,0,16,"Mill_Stream_Run",NA,"summer","summer.forage"
"MS1099","T18",14,1,2016-09-13,2016-09-28,16,0,16,"Mill_Stream_Run",NA,"autumn","summer.forage"
"MS1099","T19",7,0,2016-09-29,2016-10-14,16,0,16,"Mill_Stream_Run",NA,"autumn","rut"
"MS1099","T2",7,1,2017-01-17,2017-02-01,16,0,16,"Mill_Stream_Run",NA,"winter","winter.forage"
"MS1099","T20",13,2,2016-10-15,2016-10-30,16,0,16,"Mill_Stream_Run",NA,"autumn","rut"
"MS1099","T21",14,2,2016-10-31,2016-11-15,16,0,16,"Mill_Stream_Run",NA,"autumn","rut"
"MS1099","T22",12,0,2016-11-16,2016-12-01,16,0,16,"Mill_Stream_Run",NA,"autumn","rut"
"MS1099","T23",4,1,2016-12-02,2016-12-17,16,0,16,"Mill_Stream_Run",NA,"autumn","rut"
"MS1099","T24",7,0,2016-12-18,2016-12-31,14,0,14,"Mill_Stream_Run",NA,"winter","rut"
"MS1099","T3",17,0,2017-02-02,2017-02-17,16,0,16,"Mill_Stream_Run",NA,"winter","winter.forage"
"MS1099","T4",9,1,2017-02-18,2017-03-05,16,0,16,"Mill_Stream_Run",NA,"winter","winter.forage"
"MS1099","T5",11,3,2017-03-06,2017-03-21,16,0,16,"Mill_Stream_Run",NA,"winter","winter.forage"
"MS1099","T6",4,1,2017-03-22,2017-04-06,16,0,16,"Mill_Stream_Run",NA,"spring","winter.forage"
"MS1099","T7",5,4,2017-04-07,2017-04-22,16,0,16,"Mill_Stream_Run",NA,"spring","fawning"
"MS1099","T8",13,1,2017-04-23,2017-05-08,16,0,16,"Mill_Stream_Run",NA,"spring","fawning"
"MS1099","T9",10,1,2017-05-09,2017-05-24,16,0,16,"Mill_Stream_Run",NA,"spring","fawning"
"MS1103","T1",6,2,2017-01-01,2017-01-16,16,0,16,"Mill_Stream_Run",NA,"winter","winter.forage"
"MS1103","T10",2,2,2017-05-25,2017-06-09,16,0,16,"Mill_Stream_Run",NA,"spring","fawning"
"MS1103","T11",0,0,2017-06-10,2017-06-25,16,0,16,"Mill_Stream_Run",NA,"spring","fawning"
"MS1103","T12",0,0,2017-06-26,2017-06-30,5,0,5,"Mill_Stream_Run",NA,"summer","fawning"
"MS1103","T13",0,0,2016-07-01,2016-07-10,10,0,10,"Mill_Stream_Run",NA,"summer","summer.forage"
"MS1103","T14",0,4,2016-07-11,2016-07-26,16,0,16,"Mill_Stream_Run",NA,"summer","summer.forage"
"MS1103","T15",1,8,2016-07-27,2016-08-11,16,0,16,"Mill_Stream_Run",NA,"summer","summer.forage"
"MS1103","T16",3,2,2016-08-12,2016-08-27,16,0,16,"Mill_Stream_Run",NA,"summer","summer.forage"
"MS1103","T17",3,2,2016-08-28,2016-09-12,16,0,16,"Mill_Stream_Run",NA,"summer","summer.forage"
"MS1103","T18",1,12,2016-09-13,2016-09-28,16,0,16,"Mill_Stream_Run",NA,"autumn","summer.forage"
"MS1103","T19",1,0,2016-09-29,2016-10-14,16,0,16,"Mill_Stream_Run",NA,"autumn","rut"
"MS1103","T2",2,2,2017-01-17,2017-02-01,16,0,16,"Mill_Stream_Run",NA,"winter","winter.forage"
"MS1103","T20",3,0,2016-10-15,2016-10-30,16,0,16,"Mill_Stream_Run",NA,"autumn","rut"
"MS1103","T21",2,0,2016-10-31,2016-11-15,16,0,16,"Mill_Stream_Run",NA,"autumn","rut"
"MS1103","T22",3,1,2016-11-16,2016-12-01,16,0,16,"Mill_Stream_Run",NA,"autumn","rut"
"MS1103","T23",0,2,2016-12-02,2016-12-17,16,0,16,"Mill_Stream_Run",NA,"autumn","rut"
"MS1103","T24",0,2,2016-12-18,2016-12-31,14,0,14,"Mill_Stream_Run",NA,"winter","rut"
"MS1103","T3",4,5,2017-02-02,2017-02-17,16,0,16,"Mill_Stream_Run",NA,"winter","winter.forage"
"MS1103","T4",1,3,2017-02-18,2017-03-05,16,0,16,"Mill_Stream_Run",NA,"winter","winter.forage"
"MS1103","T5",0,2,2017-03-06,2017-03-21,16,0,16,"Mill_Stream_Run",NA,"winter","winter.forage"
"MS1103","T6",0,2,2017-03-22,2017-04-06,16,0,16,"Mill_Stream_Run",NA,"spring","winter.forage"
"MS1103","T7",1,7,2017-04-07,2017-04-22,16,0,16,"Mill_Stream_Run",NA,"spring","fawning"
"MS1103","T8",1,7,2017-04-23,2017-05-08,16,0,16,"Mill_Stream_Run",NA,"spring","fawning"
"MS1103","T9",0,1,2017-05-09,2017-05-24,16,0,16,"Mill_Stream_Run",NA,"spring","fawning"
"MS1115","T1",3,1,2017-01-01,2017-01-16,16,0,16,"Mill_Stream_Run",NA,"winter","winter.forage"
"MS1115","T10",4,1,2017-05-25,2017-06-09,16,0,16,"Mill_Stream_Run",NA,"spring","fawning"
"MS1115","T11",1,0,2017-06-10,2017-06-25,16,0,16,"Mill_Stream_Run",NA,"spring","fawning"
"MS1115","T12",0,0,2017-06-26,2017-06-30,5,0,5,"Mill_Stream_Run",NA,"summer","fawning"
"MS1115","T13",4,0,2016-07-01,2016-07-10,10,0,10,"Mill_Stream_Run",NA,"summer","summer.forage"
"MS1115","T14",4,0,2016-07-11,2016-07-26,16,0,16,"Mill_Stream_Run",NA,"summer","summer.forage"
"MS1115","T15",1,0,2016-07-27,2016-08-11,16,0,16,"Mill_Stream_Run",NA,"summer","summer.forage"
"MS1115","T16",7,0,2016-08-12,2016-08-27,16,0,16,"Mill_Stream_Run",NA,"summer","summer.forage"
"MS1115","T17",6,0,2016-08-28,2016-09-12,16,0,16,"Mill_Stream_Run",NA,"summer","summer.forage"
"MS1115","T18",9,0,2016-09-13,2016-09-28,16,0,16,"Mill_Stream_Run",NA,"autumn","summer.forage"
"MS1115","T19",12,0,2016-09-29,2016-10-14,16,0,16,"Mill_Stream_Run",NA,"autumn","rut"
"MS1115","T2",4,0,2017-01-17,2017-02-01,16,0,16,"Mill_Stream_Run",NA,"winter","winter.forage"
"MS1115","T20",11,0,2016-10-15,2016-10-30,16,0,16,"Mill_Stream_Run",NA,"autumn","rut"
"MS1115","T21",29,1,2016-10-31,2016-11-15,16,0,16,"Mill_Stream_Run",NA,"autumn","rut"
"MS1115","T22",7,1,2016-11-16,2016-12-01,16,0,16,"Mill_Stream_Run",NA,"autumn","rut"
"MS1115","T23",5,0,2016-12-02,2016-12-17,16,0,16,"Mill_Stream_Run",NA,"autumn","rut"
"MS1115","T24",0,0,2016-12-18,2016-12-31,14,0,14,"Mill_Stream_Run",NA,"winter","rut"
"MS1115","T3",5,2,2017-02-02,2017-02-17,16,0,16,"Mill_Stream_Run",NA,"winter","winter.forage"
"MS1115","T4",1,4,2017-02-18,2017-03-05,16,0,16,"Mill_Stream_Run",NA,"winter","winter.forage"
"MS1115","T5",5,0,2017-03-06,2017-03-21,16,0,16,"Mill_Stream_Run",NA,"winter","winter.forage"
"MS1115","T6",10,1,2017-03-22,2017-04-06,16,0,16,"Mill_Stream_Run",NA,"spring","winter.forage"
"MS1115","T7",7,1,2017-04-07,2017-04-22,16,0,16,"Mill_Stream_Run",NA,"spring","fawning"
"MS1115","T8",7,0,2017-04-23,2017-05-08,16,0,16,"Mill_Stream_Run",NA,"spring","fawning"
"MS1115","T9",7,0,2017-05-09,2017-05-24,16,0,16,"Mill_Stream_Run",NA,"spring","fawning"
"MS1126","T1",12,1,2017-01-01,2017-01-16,16,0,16,"Mill_Stream_Run",NA,"winter","winter.forage"
"MS1126","T10",6,0,2017-05-25,2017-06-09,16,0,16,"Mill_Stream_Run",NA,"spring","fawning"
"MS1126","T11",3,0,2017-06-10,2017-06-25,16,0,16,"Mill_Stream_Run",NA,"spring","fawning"
"MS1126","T12",0,0,2017-06-26,2017-06-30,5,0,5,"Mill_Stream_Run",NA,"summer","fawning"
"MS1126","T13",8,0,2016-07-01,2016-07-10,10,0,10,"Mill_Stream_Run",NA,"summer","summer.forage"
"MS1126","T14",13,0,2016-07-11,2016-07-26,16,0,16,"Mill_Stream_Run",NA,"summer","summer.forage"
"MS1126","T15",11,1,2016-07-27,2016-08-11,16,0,16,"Mill_Stream_Run",NA,"summer","summer.forage"
"MS1126","T16",27,0,2016-08-12,2016-08-27,16,0,16,"Mill_Stream_Run",NA,"summer","summer.forage"
"MS1126","T17",9,0,2016-08-28,2016-09-12,16,0,16,"Mill_Stream_Run",NA,"summer","summer.forage"
"MS1126","T18",33,0,2016-09-13,2016-09-28,16,0,16,"Mill_Stream_Run",NA,"autumn","summer.forage"
"MS1126","T19",22,1,2016-09-29,2016-10-14,16,0,16,"Mill_Stream_Run",NA,"autumn","rut"
"MS1126","T2",6,1,2017-01-17,2017-02-01,16,0,16,"Mill_Stream_Run",NA,"winter","winter.forage"
"MS1126","T20",16,1,2016-10-15,2016-10-30,16,0,16,"Mill_Stream_Run",NA,"autumn","rut"
"MS1126","T21",11,0,2016-10-31,2016-11-15,16,0,16,"Mill_Stream_Run",NA,"autumn","rut"
"MS1126","T22",8,1,2016-11-16,2016-12-01,16,0,16,"Mill_Stream_Run",NA,"autumn","rut"
"MS1126","T23",1,0,2016-12-02,2016-12-17,16,0,16,"Mill_Stream_Run",NA,"autumn","rut"
"MS1126","T24",9,0,2016-12-18,2016-12-31,14,0,14,"Mill_Stream_Run",NA,"winter","rut"
"MS1126","T3",2,0,2017-02-02,2017-02-17,16,0,16,"Mill_Stream_Run",NA,"winter","winter.forage"
"MS1126","T4",2,0,2017-02-18,2017-03-05,16,0,16,"Mill_Stream_Run",NA,"winter","winter.forage"
"MS1126","T5",3,0,2017-03-06,2017-03-21,16,0,16,"Mill_Stream_Run",NA,"winter","winter.forage"
"MS1126","T6",3,0,2017-03-22,2017-04-06,16,0,16,"Mill_Stream_Run",NA,"spring","winter.forage"
"MS1126","T7",1,0,2017-04-07,2017-04-22,16,0,16,"Mill_Stream_Run",NA,"spring","fawning"
"MS1126","T8",3,0,2017-04-23,2017-05-08,16,0,16,"Mill_Stream_Run",NA,"spring","fawning"
"MS1126","T9",2,0,2017-05-09,2017-05-24,16,0,16,"Mill_Stream_Run",NA,"spring","fawning"
"MS1131","T1",7,1,2017-01-01,2017-01-16,16,0,16,"Mill_Stream_Run",NA,"winter","winter.forage"
"MS1131","T10",6,1,2017-05-25,2017-06-09,16,0,16,"Mill_Stream_Run",NA,"spring","fawning"
"MS1131","T11",1,1,2017-06-10,2017-06-25,16,0,16,"Mill_Stream_Run",NA,"spring","fawning"
"MS1131","T12",0,0,2017-06-26,2017-06-30,5,0,5,"Mill_Stream_Run",NA,"summer","fawning"
"MS1131","T13",7,0,2016-07-01,2016-07-10,10,0,10,"Mill_Stream_Run",NA,"summer","summer.forage"
"MS1131","T14",24,0,2016-07-11,2016-07-26,16,0,16,"Mill_Stream_Run",NA,"summer","summer.forage"
"MS1131","T15",18,0,2016-07-27,2016-08-11,16,0,16,"Mill_Stream_Run",NA,"summer","summer.forage"
"MS1131","T16",14,0,2016-08-12,2016-08-27,16,0,16,"Mill_Stream_Run",NA,"summer","summer.forage"
"MS1131","T17",11,0,2016-08-28,2016-09-12,16,0,16,"Mill_Stream_Run",NA,"summer","summer.forage"
"MS1131","T18",7,0,2016-09-13,2016-09-28,16,0,16,"Mill_Stream_Run",NA,"autumn","summer.forage"
"MS1131","T19",9,3,2016-09-29,2016-10-14,16,0,16,"Mill_Stream_Run",NA,"autumn","rut"
"MS1131","T2",20,1,2017-01-17,2017-02-01,16,0,16,"Mill_Stream_Run",NA,"winter","winter.forage"
"MS1131","T20",11,0,2016-10-15,2016-10-30,16,0,16,"Mill_Stream_Run",NA,"autumn","rut"
"MS1131","T21",18,1,2016-10-31,2016-11-15,16,0,16,"Mill_Stream_Run",NA,"autumn","rut"
"MS1131","T22",22,1,2016-11-16,2016-12-01,16,0,16,"Mill_Stream_Run",NA,"autumn","rut"
"MS1131","T23",15,0,2016-12-02,2016-12-17,16,0,16,"Mill_Stream_Run",NA,"autumn","rut"
"MS1131","T24",9,0,2016-12-18,2016-12-31,14,0,14,"Mill_Stream_Run",NA,"winter","rut"
"MS1131","T3",17,1,2017-02-02,2017-02-17,16,0,16,"Mill_Stream_Run",NA,"winter","winter.forage"
"MS1131","T4",27,2,2017-02-18,2017-03-05,16,0,16,"Mill_Stream_Run",NA,"winter","winter.forage"
"MS1131","T5",9,0,2017-03-06,2017-03-21,16,0,16,"Mill_Stream_Run",NA,"winter","winter.forage"
"MS1131","T6",5,1,2017-03-22,2017-04-06,16,0,16,"Mill_Stream_Run",NA,"spring","winter.forage"
"MS1131","T7",1,1,2017-04-07,2017-04-22,16,0,16,"Mill_Stream_Run",NA,"spring","fawning"
"MS1131","T8",8,0,2017-04-23,2017-05-08,16,0,16,"Mill_Stream_Run",NA,"spring","fawning"
"MS1131","T9",8,0,2017-05-09,2017-05-24,16,0,16,"Mill_Stream_Run",NA,"spring","fawning"
"MS1135","T1",4,1,2017-01-01,2017-01-16,16,0,16,"Mill_Stream_Run",NA,"winter","winter.forage"
"MS1135","T10",5,1,2017-05-25,2017-06-09,16,0,16,"Mill_Stream_Run",NA,"spring","fawning"
"MS1135","T11",1,0,2017-06-10,2017-06-25,16,0,16,"Mill_Stream_Run",NA,"spring","fawning"
"MS1135","T12",0,0,2017-06-26,2017-06-30,5,0,5,"Mill_Stream_Run",NA,"summer","fawning"
"MS1135","T13",3,0,2016-07-01,2016-07-10,10,0,10,"Mill_Stream_Run",NA,"summer","summer.forage"
"MS1135","T14",5,0,2016-07-11,2016-07-26,16,0,16,"Mill_Stream_Run",NA,"summer","summer.forage"
"MS1135","T15",3,0,2016-07-27,2016-08-11,16,0,16,"Mill_Stream_Run",NA,"summer","summer.forage"
"MS1135","T16",1,0,2016-08-12,2016-08-27,16,0,16,"Mill_Stream_Run",NA,"summer","summer.forage"
"MS1135","T17",1,0,2016-08-28,2016-09-12,16,0,16,"Mill_Stream_Run",NA,"summer","summer.forage"
"MS1135","T18",9,0,2016-09-13,2016-09-28,16,0,16,"Mill_Stream_Run",NA,"autumn","summer.forage"
"MS1135","T19",3,1,2016-09-29,2016-10-14,16,0,16,"Mill_Stream_Run",NA,"autumn","rut"
"MS1135","T2",2,0,2017-01-17,2017-02-01,16,0,16,"Mill_Stream_Run",NA,"winter","winter.forage"
"MS1135","T20",4,0,2016-10-15,2016-10-30,16,0,16,"Mill_Stream_Run",NA,"autumn","rut"
"MS1135","T21",12,0,2016-10-31,2016-11-15,16,0,16,"Mill_Stream_Run",NA,"autumn","rut"
"MS1135","T22",11,0,2016-11-16,2016-12-01,16,0,16,"Mill_Stream_Run",NA,"autumn","rut"
"MS1135","T23",1,0,2016-12-02,2016-12-17,16,0,16,"Mill_Stream_Run",NA,"autumn","rut"
"MS1135","T24",0,0,2016-12-18,2016-12-31,14,0,14,"Mill_Stream_Run",NA,"winter","rut"
"MS1135","T3",2,0,2017-02-02,2017-02-17,16,0,16,"Mill_Stream_Run",NA,"winter","winter.forage"
"MS1135","T4",1,1,2017-02-18,2017-03-05,16,0,16,"Mill_Stream_Run",NA,"winter","winter.forage"
"MS1135","T5",3,1,2017-03-06,2017-03-21,16,0,16,"Mill_Stream_Run",NA,"winter","winter.forage"
"MS1135","T6",4,3,2017-03-22,2017-04-06,16,0,16,"Mill_Stream_Run",NA,"spring","winter.forage"
"MS1135","T7",11,1,2017-04-07,2017-04-22,16,0,16,"Mill_Stream_Run",NA,"spring","fawning"
"MS1135","T8",8,0,2017-04-23,2017-05-08,16,0,16,"Mill_Stream_Run",NA,"spring","fawning"
"MS1135","T9",8,0,2017-05-09,2017-05-24,16,0,16,"Mill_Stream_Run",NA,"spring","fawning"
"MS1147","T1",8,0,2017-01-01,2017-01-16,16,0,16,"Mill_Stream_Run",NA,"winter","winter.forage"
"MS1147","T10",6,1,2017-05-25,2017-06-09,16,0,16,"Mill_Stream_Run",NA,"spring","fawning"
"MS1147","T11",4,0,2017-06-10,2017-06-25,16,0,16,"Mill_Stream_Run",NA,"spring","fawning"
"MS1147","T12",0,0,2017-06-26,2017-06-30,5,0,5,"Mill_Stream_Run",NA,"summer","fawning"
"MS1147","T13",2,0,2016-07-01,2016-07-10,10,0,10,"Mill_Stream_Run",NA,"summer","summer.forage"
"MS1147","T14",5,0,2016-07-11,2016-07-26,16,0,16,"Mill_Stream_Run",NA,"summer","summer.forage"
"MS1147","T15",8,1,2016-07-27,2016-08-11,16,0,16,"Mill_Stream_Run",NA,"summer","summer.forage"
"MS1147","T16",4,0,2016-08-12,2016-08-27,16,0,16,"Mill_Stream_Run",NA,"summer","summer.forage"
"MS1147","T17",10,0,2016-08-28,2016-09-12,16,0,16,"Mill_Stream_Run",NA,"summer","summer.forage"
"MS1147","T18",20,0,2016-09-13,2016-09-28,16,0,16,"Mill_Stream_Run",NA,"autumn","summer.forage"
"MS1147","T19",33,1,2016-09-29,2016-10-14,16,0,16,"Mill_Stream_Run",NA,"autumn","rut"
"MS1147","T2",4,1,2017-01-17,2017-02-01,16,0,16,"Mill_Stream_Run",NA,"winter","winter.forage"
"MS1147","T20",16,0,2016-10-15,2016-10-30,16,0,16,"Mill_Stream_Run",NA,"autumn","rut"
"MS1147","T21",12,0,2016-10-31,2016-11-15,16,0,16,"Mill_Stream_Run",NA,"autumn","rut"
"MS1147","T22",0,0,2016-11-16,2016-12-01,16,0,16,"Mill_Stream_Run",NA,"autumn","rut"
"MS1147","T23",3,0,2016-12-02,2016-12-17,16,0,16,"Mill_Stream_Run",NA,"autumn","rut"
"MS1147","T24",1,0,2016-12-18,2016-12-31,14,0,14,"Mill_Stream_Run",NA,"winter","rut"
"MS1147","T3",1,5,2017-02-02,2017-02-17,16,0,16,"Mill_Stream_Run",NA,"winter","winter.forage"
"MS1147","T4",2,0,2017-02-18,2017-03-05,16,0,16,"Mill_Stream_Run",NA,"winter","winter.forage"
"MS1147","T5",3,3,2017-03-06,2017-03-21,16,0,16,"Mill_Stream_Run",NA,"winter","winter.forage"
"MS1147","T6",9,1,2017-03-22,2017-04-06,16,0,16,"Mill_Stream_Run",NA,"spring","winter.forage"
"MS1147","T7",6,1,2017-04-07,2017-04-22,16,0,16,"Mill_Stream_Run",NA,"spring","fawning"
"MS1147","T8",4,3,2017-04-23,2017-05-08,16,0,16,"Mill_Stream_Run",NA,"spring","fawning"
"MS1147","T9",5,6,2017-05-09,2017-05-24,16,0,16,"Mill_Stream_Run",NA,"spring","fawning"
"MS1151","T1",0,0,2017-01-01,2017-01-16,16,16,0,"Mill_Stream_Run",NA,"winter","winter.forage"
"MS1151","T10",2,1,2017-05-25,2017-06-09,16,0,16,"Mill_Stream_Run",NA,"spring","fawning"
"MS1151","T11",1,1,2017-06-10,2017-06-25,16,10,6,"Mill_Stream_Run",NA,"spring","fawning"
"MS1151","T12",0,0,2017-06-26,2017-06-30,5,4,1,"Mill_Stream_Run",NA,"summer","fawning"
"MS1151","T13",8,0,2016-07-01,2016-07-10,10,0,10,"Mill_Stream_Run",NA,"summer","summer.forage"
"MS1151","T14",6,2,2016-07-11,2016-07-26,16,0,16,"Mill_Stream_Run",NA,"summer","summer.forage"
"MS1151","T15",10,3,2016-07-27,2016-08-11,16,0,16,"Mill_Stream_Run",NA,"summer","summer.forage"
"MS1151","T16",15,0,2016-08-12,2016-08-27,16,0,16,"Mill_Stream_Run",NA,"summer","summer.forage"
"MS1151","T17",6,1,2016-08-28,2016-09-12,16,0,16,"Mill_Stream_Run",NA,"summer","summer.forage"
"MS1151","T18",12,0,2016-09-13,2016-09-28,16,0,16,"Mill_Stream_Run",NA,"autumn","summer.forage"
"MS1151","T19",10,2,2016-09-29,2016-10-14,16,0,16,"Mill_Stream_Run",NA,"autumn","rut"
"MS1151","T2",6,0,2017-01-17,2017-02-01,16,5,11,"Mill_Stream_Run",NA,"winter","winter.forage"
"MS1151","T20",4,0,2016-10-15,2016-10-30,16,0,16,"Mill_Stream_Run",NA,"autumn","rut"
"MS1151","T21",10,0,2016-10-31,2016-11-15,16,0,16,"Mill_Stream_Run",NA,"autumn","rut"
"MS1151","T22",1,2,2016-11-16,2016-12-01,16,12,4,"Mill_Stream_Run",NA,"autumn","rut"
"MS1151","T23",0,0,2016-12-02,2016-12-17,16,16,0,"Mill_Stream_Run",NA,"autumn","rut"
"MS1151","T24",1,0,2016-12-18,2016-12-31,14,8,6,"Mill_Stream_Run",NA,"winter","rut"
"MS1151","T3",9,0,2017-02-02,2017-02-17,16,0,16,"Mill_Stream_Run",NA,"winter","winter.forage"
"MS1151","T4",1,0,2017-02-18,2017-03-05,16,0,16,"Mill_Stream_Run",NA,"winter","winter.forage"
"MS1151","T5",2,1,2017-03-06,2017-03-21,16,0,16,"Mill_Stream_Run",NA,"winter","winter.forage"
"MS1151","T6",4,1,2017-03-22,2017-04-06,16,0,16,"Mill_Stream_Run",NA,"spring","winter.forage"
"MS1151","T7",10,1,2017-04-07,2017-04-22,16,0,16,"Mill_Stream_Run",NA,"spring","fawning"
"MS1151","T8",6,0,2017-04-23,2017-05-08,16,0,16,"Mill_Stream_Run",NA,"spring","fawning"
"MS1151","T9",5,2,2017-05-09,2017-05-24,16,0,16,"Mill_Stream_Run",NA,"spring","fawning"
"MS1163","T1",2,2,2017-01-01,2017-01-16,16,0,16,"Mill_Stream_Run",NA,"winter","winter.forage"
"MS1163","T10",49,4,2017-05-25,2017-06-09,16,0,16,"Mill_Stream_Run",NA,"spring","fawning"
"MS1163","T11",11,5,2017-06-10,2017-06-25,16,0,16,"Mill_Stream_Run",NA,"spring","fawning"
"MS1163","T12",0,0,2017-06-26,2017-06-30,5,0,5,"Mill_Stream_Run",NA,"summer","fawning"
"MS1163","T13",22,0,2016-07-01,2016-07-10,10,0,10,"Mill_Stream_Run",NA,"summer","summer.forage"
"MS1163","T14",24,1,2016-07-11,2016-07-26,16,0,16,"Mill_Stream_Run",NA,"summer","summer.forage"
"MS1163","T15",20,0,2016-07-27,2016-08-11,16,0,16,"Mill_Stream_Run",NA,"summer","summer.forage"
"MS1163","T16",40,1,2016-08-12,2016-08-27,16,0,16,"Mill_Stream_Run",NA,"summer","summer.forage"
"MS1163","T17",27,0,2016-08-28,2016-09-12,16,0,16,"Mill_Stream_Run",NA,"summer","summer.forage"
"MS1163","T18",24,1,2016-09-13,2016-09-28,16,0,16,"Mill_Stream_Run",NA,"autumn","summer.forage"
"MS1163","T19",9,2,2016-09-29,2016-10-14,16,0,16,"Mill_Stream_Run",NA,"autumn","rut"
"MS1163","T2",11,10,2017-01-17,2017-02-01,16,0,16,"Mill_Stream_Run",NA,"winter","winter.forage"
"MS1163","T20",3,2,2016-10-15,2016-10-30,16,0,16,"Mill_Stream_Run",NA,"autumn","rut"
"MS1163","T21",10,0,2016-10-31,2016-11-15,16,0,16,"Mill_Stream_Run",NA,"autumn","rut"
"MS1163","T22",8,2,2016-11-16,2016-12-01,16,0,16,"Mill_Stream_Run",NA,"autumn","rut"
"MS1163","T23",6,0,2016-12-02,2016-12-17,16,0,16,"Mill_Stream_Run",NA,"autumn","rut"
"MS1163","T24",2,0,2016-12-18,2016-12-31,14,0,14,"Mill_Stream_Run",NA,"winter","rut"
"MS1163","T3",5,2,2017-02-02,2017-02-17,16,0,16,"Mill_Stream_Run",NA,"winter","winter.forage"
"MS1163","T4",10,0,2017-02-18,2017-03-05,16,0,16,"Mill_Stream_Run",NA,"winter","winter.forage"
"MS1163","T5",11,0,2017-03-06,2017-03-21,16,0,16,"Mill_Stream_Run",NA,"winter","winter.forage"
"MS1163","T6",9,2,2017-03-22,2017-04-06,16,0,16,"Mill_Stream_Run",NA,"spring","winter.forage"
"MS1163","T7",6,0,2017-04-07,2017-04-22,16,0,16,"Mill_Stream_Run",NA,"spring","fawning"
"MS1163","T8",19,0,2017-04-23,2017-05-08,16,0,16,"Mill_Stream_Run",NA,"spring","fawning"
"MS1163","T9",27,0,2017-05-09,2017-05-24,16,0,16,"Mill_Stream_Run",NA,"spring","fawning"
"MS1167","T1",21,1,2017-01-01,2017-01-16,16,0,16,"Mill_Stream_Run",NA,"winter","winter.forage"
"MS1167","T10",14,0,2017-05-25,2017-06-09,16,0,16,"Mill_Stream_Run",NA,"spring","fawning"
"MS1167","T11",4,0,2017-06-10,2017-06-25,16,0,16,"Mill_Stream_Run",NA,"spring","fawning"
"MS1167","T12",0,0,2017-06-26,2017-06-30,5,0,5,"Mill_Stream_Run",NA,"summer","fawning"
"MS1167","T13",13,2,2016-07-01,2016-07-10,10,0,10,"Mill_Stream_Run",NA,"summer","summer.forage"
"MS1167","T14",23,2,2016-07-11,2016-07-26,16,0,16,"Mill_Stream_Run",NA,"summer","summer.forage"
"MS1167","T15",15,5,2016-07-27,2016-08-11,16,0,16,"Mill_Stream_Run",NA,"summer","summer.forage"
"MS1167","T16",11,0,2016-08-12,2016-08-27,16,0,16,"Mill_Stream_Run",NA,"summer","summer.forage"
"MS1167","T17",16,3,2016-08-28,2016-09-12,16,0,16,"Mill_Stream_Run",NA,"summer","summer.forage"
"MS1167","T18",16,2,2016-09-13,2016-09-28,16,0,16,"Mill_Stream_Run",NA,"autumn","summer.forage"
"MS1167","T19",28,2,2016-09-29,2016-10-14,16,0,16,"Mill_Stream_Run",NA,"autumn","rut"
"MS1167","T2",18,2,2017-01-17,2017-02-01,16,0,16,"Mill_Stream_Run",NA,"winter","winter.forage"
"MS1167","T20",22,0,2016-10-15,2016-10-30,16,0,16,"Mill_Stream_Run",NA,"autumn","rut"
"MS1167","T21",48,1,2016-10-31,2016-11-15,16,0,16,"Mill_Stream_Run",NA,"autumn","rut"
"MS1167","T22",27,2,2016-11-16,2016-12-01,16,0,16,"Mill_Stream_Run",NA,"autumn","rut"
"MS1167","T23",35,0,2016-12-02,2016-12-17,16,0,16,"Mill_Stream_Run",NA,"autumn","rut"
"MS1167","T24",29,4,2016-12-18,2016-12-31,14,0,14,"Mill_Stream_Run",NA,"winter","rut"
"MS1167","T3",12,4,2017-02-02,2017-02-17,16,0,16,"Mill_Stream_Run",NA,"winter","winter.forage"
"MS1167","T4",13,2,2017-02-18,2017-03-05,16,0,16,"Mill_Stream_Run",NA,"winter","winter.forage"
"MS1167","T5",19,0,2017-03-06,2017-03-21,16,0,16,"Mill_Stream_Run",NA,"winter","winter.forage"
"MS1167","T6",15,0,2017-03-22,2017-04-06,16,0,16,"Mill_Stream_Run",NA,"spring","winter.forage"
"MS1167","T7",13,3,2017-04-07,2017-04-22,16,0,16,"Mill_Stream_Run",NA,"spring","fawning"
"MS1167","T8",18,2,2017-04-23,2017-05-08,16,0,16,"Mill_Stream_Run",NA,"spring","fawning"
"MS1167","T9",26,2,2017-05-09,2017-05-24,16,0,16,"Mill_Stream_Run",NA,"spring","fawning"
"MS1179","T1",8,0,2017-01-01,2017-01-16,16,0,16,"Mill_Stream_Run",NA,"winter","winter.forage"
"MS1179","T10",10,0,2017-05-25,2017-06-09,16,0,16,"Mill_Stream_Run",NA,"spring","fawning"
"MS1179","T11",9,0,2017-06-10,2017-06-25,16,0,16,"Mill_Stream_Run",NA,"spring","fawning"
"MS1179","T12",0,0,2017-06-26,2017-06-30,5,0,5,"Mill_Stream_Run",NA,"summer","fawning"
"MS1179","T13",17,0,2016-07-01,2016-07-10,10,0,10,"Mill_Stream_Run",NA,"summer","summer.forage"
"MS1179","T14",17,0,2016-07-11,2016-07-26,16,0,16,"Mill_Stream_Run",NA,"summer","summer.forage"
"MS1179","T15",17,0,2016-07-27,2016-08-11,16,0,16,"Mill_Stream_Run",NA,"summer","summer.forage"
"MS1179","T16",15,1,2016-08-12,2016-08-27,16,0,16,"Mill_Stream_Run",NA,"summer","summer.forage"
"MS1179","T17",42,0,2016-08-28,2016-09-12,16,0,16,"Mill_Stream_Run",NA,"summer","summer.forage"
"MS1179","T18",39,0,2016-09-13,2016-09-28,16,0,16,"Mill_Stream_Run",NA,"autumn","summer.forage"
"MS1179","T19",11,0,2016-09-29,2016-10-14,16,0,16,"Mill_Stream_Run",NA,"autumn","rut"
"MS1179","T2",1,0,2017-01-17,2017-02-01,16,0,16,"Mill_Stream_Run",NA,"winter","winter.forage"
"MS1179","T20",12,0,2016-10-15,2016-10-30,16,0,16,"Mill_Stream_Run",NA,"autumn","rut"
"MS1179","T21",37,1,2016-10-31,2016-11-15,16,0,16,"Mill_Stream_Run",NA,"autumn","rut"
"MS1179","T22",20,0,2016-11-16,2016-12-01,16,0,16,"Mill_Stream_Run",NA,"autumn","rut"
"MS1179","T23",5,0,2016-12-02,2016-12-17,16,0,16,"Mill_Stream_Run",NA,"autumn","rut"
"MS1179","T24",8,0,2016-12-18,2016-12-31,14,0,14,"Mill_Stream_Run",NA,"winter","rut"
"MS1179","T3",2,1,2017-02-02,2017-02-17,16,0,16,"Mill_Stream_Run",NA,"winter","winter.forage"
"MS1179","T4",9,0,2017-02-18,2017-03-05,16,0,16,"Mill_Stream_Run",NA,"winter","winter.forage"
"MS1179","T5",5,0,2017-03-06,2017-03-21,16,0,16,"Mill_Stream_Run",NA,"winter","winter.forage"
"MS1179","T6",13,0,2017-03-22,2017-04-06,16,0,16,"Mill_Stream_Run",NA,"spring","winter.forage"
"MS1179","T7",8,0,2017-04-07,2017-04-22,16,0,16,"Mill_Stream_Run",NA,"spring","fawning"
"MS1179","T8",30,0,2017-04-23,2017-05-08,16,0,16,"Mill_Stream_Run",NA,"spring","fawning"
"MS1179","T9",20,0,2017-05-09,2017-05-24,16,0,16,"Mill_Stream_Run",NA,"spring","fawning"
"MS1190","T1",21,0,2017-01-01,2017-01-16,16,0,16,"Mill_Stream_Run",NA,"winter","winter.forage"
"MS1190","T10",24,0,2017-05-25,2017-06-09,16,0,16,"Mill_Stream_Run",NA,"spring","fawning"
"MS1190","T11",5,0,2017-06-10,2017-06-25,16,0,16,"Mill_Stream_Run",NA,"spring","fawning"
"MS1190","T12",3,0,2017-06-26,2017-06-30,5,0,5,"Mill_Stream_Run",NA,"summer","fawning"
"MS1190","T13",13,0,2016-07-01,2016-07-10,10,0,10,"Mill_Stream_Run",NA,"summer","summer.forage"
"MS1190","T14",12,0,2016-07-11,2016-07-26,16,0,16,"Mill_Stream_Run",NA,"summer","summer.forage"
"MS1190","T15",18,0,2016-07-27,2016-08-11,16,0,16,"Mill_Stream_Run",NA,"summer","summer.forage"
"MS1190","T16",9,0,2016-08-12,2016-08-27,16,0,16,"Mill_Stream_Run",NA,"summer","summer.forage"
"MS1190","T17",31,1,2016-08-28,2016-09-12,16,0,16,"Mill_Stream_Run",NA,"summer","summer.forage"
"MS1190","T18",16,1,2016-09-13,2016-09-28,16,0,16,"Mill_Stream_Run",NA,"autumn","summer.forage"
"MS1190","T19",22,0,2016-09-29,2016-10-14,16,0,16,"Mill_Stream_Run",NA,"autumn","rut"
"MS1190","T2",20,1,2017-01-17,2017-02-01,16,0,16,"Mill_Stream_Run",NA,"winter","winter.forage"
"MS1190","T20",28,0,2016-10-15,2016-10-30,16,0,16,"Mill_Stream_Run",NA,"autumn","rut"
"MS1190","T21",61,1,2016-10-31,2016-11-15,16,0,16,"Mill_Stream_Run",NA,"autumn","rut"
"MS1190","T22",39,0,2016-11-16,2016-12-01,16,0,16,"Mill_Stream_Run",NA,"autumn","rut"
"MS1190","T23",18,3,2016-12-02,2016-12-17,16,0,16,"Mill_Stream_Run",NA,"autumn","rut"
"MS1190","T24",10,0,2016-12-18,2016-12-31,14,0,14,"Mill_Stream_Run",NA,"winter","rut"
"MS1190","T3",13,0,2017-02-02,2017-02-17,16,0,16,"Mill_Stream_Run",NA,"winter","winter.forage"
"MS1190","T4",27,0,2017-02-18,2017-03-05,16,0,16,"Mill_Stream_Run",NA,"winter","winter.forage"
"MS1190","T5",23,1,2017-03-06,2017-03-21,16,0,16,"Mill_Stream_Run",NA,"winter","winter.forage"
"MS1190","T6",19,0,2017-03-22,2017-04-06,16,0,16,"Mill_Stream_Run",NA,"spring","winter.forage"
"MS1190","T7",1,0,2017-04-07,2017-04-22,16,0,16,"Mill_Stream_Run",NA,"spring","fawning"
"MS1190","T8",24,1,2017-04-23,2017-05-08,16,0,16,"Mill_Stream_Run",NA,"spring","fawning"
"MS1190","T9",24,0,2017-05-09,2017-05-24,16,0,16,"Mill_Stream_Run",NA,"spring","fawning"
"MS1199","T1",3,1,2017-01-01,2017-01-16,16,0,16,"Mill_Stream_Run",NA,"winter","winter.forage"
"MS1199","T10",16,0,2017-05-25,2017-06-09,16,0,16,"Mill_Stream_Run",NA,"spring","fawning"
"MS1199","T11",4,0,2017-06-10,2017-06-25,16,0,16,"Mill_Stream_Run",NA,"spring","fawning"
"MS1199","T12",0,0,2017-06-26,2017-06-30,5,0,5,"Mill_Stream_Run",NA,"summer","fawning"
"MS1199","T13",3,0,2016-07-01,2016-07-10,10,0,10,"Mill_Stream_Run",NA,"summer","summer.forage"
"MS1199","T14",10,0,2016-07-11,2016-07-26,16,0,16,"Mill_Stream_Run",NA,"summer","summer.forage"
"MS1199","T15",4,2,2016-07-27,2016-08-11,16,0,16,"Mill_Stream_Run",NA,"summer","summer.forage"
"MS1199","T16",8,2,2016-08-12,2016-08-27,16,0,16,"Mill_Stream_Run",NA,"summer","summer.forage"
"MS1199","T17",7,0,2016-08-28,2016-09-12,16,0,16,"Mill_Stream_Run",NA,"summer","summer.forage"
"MS1199","T18",10,0,2016-09-13,2016-09-28,16,0,16,"Mill_Stream_Run",NA,"autumn","summer.forage"
"MS1199","T19",13,1,2016-09-29,2016-10-14,16,0,16,"Mill_Stream_Run",NA,"autumn","rut"
"MS1199","T2",6,1,2017-01-17,2017-02-01,16,0,16,"Mill_Stream_Run",NA,"winter","winter.forage"
"MS1199","T20",7,0,2016-10-15,2016-10-30,16,0,16,"Mill_Stream_Run",NA,"autumn","rut"
"MS1199","T21",32,0,2016-10-31,2016-11-15,16,0,16,"Mill_Stream_Run",NA,"autumn","rut"
"MS1199","T22",28,0,2016-11-16,2016-12-01,16,0,16,"Mill_Stream_Run",NA,"autumn","rut"
"MS1199","T23",20,1,2016-12-02,2016-12-17,16,0,16,"Mill_Stream_Run",NA,"autumn","rut"
"MS1199","T24",5,4,2016-12-18,2016-12-31,14,0,14,"Mill_Stream_Run",NA,"winter","rut"
"MS1199","T3",8,2,2017-02-02,2017-02-17,16,0,16,"Mill_Stream_Run",NA,"winter","winter.forage"
"MS1199","T4",4,2,2017-02-18,2017-03-05,16,0,16,"Mill_Stream_Run",NA,"winter","winter.forage"
"MS1199","T5",8,2,2017-03-06,2017-03-21,16,0,16,"Mill_Stream_Run",NA,"winter","winter.forage"
"MS1199","T6",10,2,2017-03-22,2017-04-06,16,0,16,"Mill_Stream_Run",NA,"spring","winter.forage"
"MS1199","T7",11,3,2017-04-07,2017-04-22,16,0,16,"Mill_Stream_Run",NA,"spring","fawning"
"MS1199","T8",17,1,2017-04-23,2017-05-08,16,0,16,"Mill_Stream_Run",NA,"spring","fawning"
"MS1199","T9",6,0,2017-05-09,2017-05-24,16,0,16,"Mill_Stream_Run",NA,"spring","fawning"
"NC1001","T1",1,0,2017-01-01,2017-01-16,16,0,16,"North_Chagrin",NA,"winter","winter.forage"
"NC1001","T10",3,0,2017-05-25,2017-06-09,16,0,16,"North_Chagrin",NA,"spring","fawning"
"NC1001","T11",0,0,2017-06-10,2017-06-25,16,0,16,"North_Chagrin",NA,"spring","fawning"
"NC1001","T12",0,0,2017-06-26,2017-06-30,5,0,5,"North_Chagrin",NA,"summer","fawning"
"NC1001","T13",1,0,2016-07-01,2016-07-10,10,0,10,"North_Chagrin",NA,"summer","summer.forage"
"NC1001","T14",0,0,2016-07-11,2016-07-26,16,0,16,"North_Chagrin",NA,"summer","summer.forage"
"NC1001","T15",0,0,2016-07-27,2016-08-11,16,0,16,"North_Chagrin",NA,"summer","summer.forage"
"NC1001","T16",4,0,2016-08-12,2016-08-27,16,0,16,"North_Chagrin",NA,"summer","summer.forage"
"NC1001","T17",2,0,2016-08-28,2016-09-12,16,0,16,"North_Chagrin",NA,"summer","summer.forage"
"NC1001","T18",1,0,2016-09-13,2016-09-28,16,0,16,"North_Chagrin",NA,"autumn","summer.forage"
"NC1001","T19",5,0,2016-09-29,2016-10-14,16,0,16,"North_Chagrin",NA,"autumn","rut"
"NC1001","T2",1,0,2017-01-17,2017-02-01,16,0,16,"North_Chagrin",NA,"winter","winter.forage"
"NC1001","T20",2,4,2016-10-15,2016-10-30,16,0,16,"North_Chagrin",NA,"autumn","rut"
"NC1001","T21",1,0,2016-10-31,2016-11-15,16,0,16,"North_Chagrin",NA,"autumn","rut"
"NC1001","T22",0,0,2016-11-16,2016-12-01,16,0,16,"North_Chagrin",NA,"autumn","rut"
"NC1001","T23",0,0,2016-12-02,2016-12-17,16,0,16,"North_Chagrin",NA,"autumn","rut"
"NC1001","T24",1,4,2016-12-18,2016-12-31,14,0,14,"North_Chagrin",NA,"winter","rut"
"NC1001","T3",2,0,2017-02-02,2017-02-17,16,0,16,"North_Chagrin",NA,"winter","winter.forage"
"NC1001","T4",0,0,2017-02-18,2017-03-05,16,0,16,"North_Chagrin",NA,"winter","winter.forage"
"NC1001","T5",0,0,2017-03-06,2017-03-21,16,0,16,"North_Chagrin",NA,"winter","winter.forage"
"NC1001","T6",1,0,2017-03-22,2017-04-06,16,0,16,"North_Chagrin",NA,"spring","winter.forage"
"NC1001","T7",0,0,2017-04-07,2017-04-22,16,0,16,"North_Chagrin",NA,"spring","fawning"
"NC1001","T8",0,0,2017-04-23,2017-05-08,16,0,16,"North_Chagrin",NA,"spring","fawning"
"NC1001","T9",1,0,2017-05-09,2017-05-24,16,0,16,"North_Chagrin",NA,"spring","fawning"
"NC1012","T1",2,2,2017-01-01,2017-01-16,16,0,16,"North_Chagrin",NA,"winter","winter.forage"
"NC1012","T10",1,0,2017-05-25,2017-06-09,16,0,16,"North_Chagrin",NA,"spring","fawning"
"NC1012","T11",0,0,2017-06-10,2017-06-25,16,0,16,"North_Chagrin",NA,"spring","fawning"
"NC1012","T12",0,1,2017-06-26,2017-06-30,5,0,5,"North_Chagrin",NA,"summer","fawning"
"NC1012","T13",3,0,2016-07-01,2016-07-10,10,0,10,"North_Chagrin",NA,"summer","summer.forage"
"NC1012","T14",5,0,2016-07-11,2016-07-26,16,0,16,"North_Chagrin",NA,"summer","summer.forage"
"NC1012","T15",1,0,2016-07-27,2016-08-11,16,0,16,"North_Chagrin",NA,"summer","summer.forage"
"NC1012","T16",2,0,2016-08-12,2016-08-27,16,0,16,"North_Chagrin",NA,"summer","summer.forage"
"NC1012","T17",0,0,2016-08-28,2016-09-12,16,0,16,"North_Chagrin",NA,"summer","summer.forage"
"NC1012","T18",0,0,2016-09-13,2016-09-28,16,0,16,"North_Chagrin",NA,"autumn","summer.forage"
"NC1012","T19",12,0,2016-09-29,2016-10-14,16,0,16,"North_Chagrin",NA,"autumn","rut"
"NC1012","T2",2,0,2017-01-17,2017-02-01,16,0,16,"North_Chagrin",NA,"winter","winter.forage"
"NC1012","T20",9,0,2016-10-15,2016-10-30,16,0,16,"North_Chagrin",NA,"autumn","rut"
"NC1012","T21",3,0,2016-10-31,2016-11-15,16,0,16,"North_Chagrin",NA,"autumn","rut"
"NC1012","T22",3,1,2016-11-16,2016-12-01,16,0,16,"North_Chagrin",NA,"autumn","rut"
"NC1012","T23",0,1,2016-12-02,2016-12-17,16,0,16,"North_Chagrin",NA,"autumn","rut"
"NC1012","T24",0,0,2016-12-18,2016-12-31,14,0,14,"North_Chagrin",NA,"winter","rut"
"NC1012","T3",3,0,2017-02-02,2017-02-17,16,0,16,"North_Chagrin",NA,"winter","winter.forage"
"NC1012","T4",1,0,2017-02-18,2017-03-05,16,0,16,"North_Chagrin",NA,"winter","winter.forage"
"NC1012","T5",2,0,2017-03-06,2017-03-21,16,0,16,"North_Chagrin",NA,"winter","winter.forage"
"NC1012","T6",2,0,2017-03-22,2017-04-06,16,0,16,"North_Chagrin",NA,"spring","winter.forage"
"NC1012","T7",3,0,2017-04-07,2017-04-22,16,0,16,"North_Chagrin",NA,"spring","fawning"
"NC1012","T8",2,0,2017-04-23,2017-05-08,16,0,16,"North_Chagrin",NA,"spring","fawning"
"NC1012","T9",4,0,2017-05-09,2017-05-24,16,0,16,"North_Chagrin",NA,"spring","fawning"
"NC1017","T1",0,0,2017-01-01,2017-01-16,16,0,16,"North_Chagrin",NA,"winter","winter.forage"
"NC1017","T10",0,0,2017-05-25,2017-06-09,16,0,16,"North_Chagrin",NA,"spring","fawning"
"NC1017","T11",0,1,2017-06-10,2017-06-25,16,0,16,"North_Chagrin",NA,"spring","fawning"
"NC1017","T12",0,0,2017-06-26,2017-06-30,5,0,5,"North_Chagrin",NA,"summer","fawning"
"NC1017","T13",0,0,2016-07-01,2016-07-10,10,0,10,"North_Chagrin",NA,"summer","summer.forage"
"NC1017","T14",0,0,2016-07-11,2016-07-26,16,0,16,"North_Chagrin",NA,"summer","summer.forage"
"NC1017","T15",0,0,2016-07-27,2016-08-11,16,0,16,"North_Chagrin",NA,"summer","summer.forage"
"NC1017","T16",0,0,2016-08-12,2016-08-27,16,0,16,"North_Chagrin",NA,"summer","summer.forage"
"NC1017","T17",0,0,2016-08-28,2016-09-12,16,0,16,"North_Chagrin",NA,"summer","summer.forage"
"NC1017","T18",0,1,2016-09-13,2016-09-28,16,0,16,"North_Chagrin",NA,"autumn","summer.forage"
"NC1017","T19",0,0,2016-09-29,2016-10-14,16,0,16,"North_Chagrin",NA,"autumn","rut"
"NC1017","T2",0,1,2017-01-17,2017-02-01,16,0,16,"North_Chagrin",NA,"winter","winter.forage"
"NC1017","T20",0,0,2016-10-15,2016-10-30,16,0,16,"North_Chagrin",NA,"autumn","rut"
"NC1017","T21",0,0,2016-10-31,2016-11-15,16,0,16,"North_Chagrin",NA,"autumn","rut"
"NC1017","T22",0,0,2016-11-16,2016-12-01,16,0,16,"North_Chagrin",NA,"autumn","rut"
"NC1017","T23",0,0,2016-12-02,2016-12-17,16,0,16,"North_Chagrin",NA,"autumn","rut"
"NC1017","T24",0,0,2016-12-18,2016-12-31,14,0,14,"North_Chagrin",NA,"winter","rut"
"NC1017","T3",0,0,2017-02-02,2017-02-17,16,0,16,"North_Chagrin",NA,"winter","winter.forage"
"NC1017","T4",0,0,2017-02-18,2017-03-05,16,0,16,"North_Chagrin",NA,"winter","winter.forage"
"NC1017","T5",0,0,2017-03-06,2017-03-21,16,0,16,"North_Chagrin",NA,"winter","winter.forage"
"NC1017","T6",0,0,2017-03-22,2017-04-06,16,0,16,"North_Chagrin",NA,"spring","winter.forage"
"NC1017","T7",0,0,2017-04-07,2017-04-22,16,0,16,"North_Chagrin",NA,"spring","fawning"
"NC1017","T8",0,0,2017-04-23,2017-05-08,16,0,16,"North_Chagrin",NA,"spring","fawning"
"NC1017","T9",0,0,2017-05-09,2017-05-24,16,0,16,"North_Chagrin",NA,"spring","fawning"
"NC1028","T1",1,1,2017-01-01,2017-01-16,16,0,16,"North_Chagrin",NA,"winter","winter.forage"
"NC1028","T10",4,0,2017-05-25,2017-06-09,16,0,16,"North_Chagrin",NA,"spring","fawning"
"NC1028","T11",1,0,2017-06-10,2017-06-25,16,0,16,"North_Chagrin",NA,"spring","fawning"
"NC1028","T12",0,0,2017-06-26,2017-06-30,5,0,5,"North_Chagrin",NA,"summer","fawning"
"NC1028","T13",1,0,2016-07-01,2016-07-10,10,0,10,"North_Chagrin",NA,"summer","summer.forage"
"NC1028","T14",6,0,2016-07-11,2016-07-26,16,0,16,"North_Chagrin",NA,"summer","summer.forage"
"NC1028","T15",6,2,2016-07-27,2016-08-11,16,0,16,"North_Chagrin",NA,"summer","summer.forage"
"NC1028","T16",1,5,2016-08-12,2016-08-27,16,0,16,"North_Chagrin",NA,"summer","summer.forage"
"NC1028","T17",8,1,2016-08-28,2016-09-12,16,0,16,"North_Chagrin",NA,"summer","summer.forage"
"NC1028","T18",3,7,2016-09-13,2016-09-28,16,0,16,"North_Chagrin",NA,"autumn","summer.forage"
"NC1028","T19",6,5,2016-09-29,2016-10-14,16,0,16,"North_Chagrin",NA,"autumn","rut"
"NC1028","T2",1,0,2017-01-17,2017-02-01,16,0,16,"North_Chagrin",NA,"winter","winter.forage"
"NC1028","T20",9,1,2016-10-15,2016-10-30,16,0,16,"North_Chagrin",NA,"autumn","rut"
"NC1028","T21",12,0,2016-10-31,2016-11-15,16,0,16,"North_Chagrin",NA,"autumn","rut"
"NC1028","T22",5,0,2016-11-16,2016-12-01,16,0,16,"North_Chagrin",NA,"autumn","rut"
"NC1028","T23",3,0,2016-12-02,2016-12-17,16,0,16,"North_Chagrin",NA,"autumn","rut"
"NC1028","T24",2,1,2016-12-18,2016-12-31,14,0,14,"North_Chagrin",NA,"winter","rut"
"NC1028","T3",0,0,2017-02-02,2017-02-17,16,0,16,"North_Chagrin",NA,"winter","winter.forage"
"NC1028","T4",3,0,2017-02-18,2017-03-05,16,0,16,"North_Chagrin",NA,"winter","winter.forage"
"NC1028","T5",0,1,2017-03-06,2017-03-21,16,0,16,"North_Chagrin",NA,"winter","winter.forage"
"NC1028","T6",1,0,2017-03-22,2017-04-06,16,0,16,"North_Chagrin",NA,"spring","winter.forage"
"NC1028","T7",2,1,2017-04-07,2017-04-22,16,0,16,"North_Chagrin",NA,"spring","fawning"
"NC1028","T8",1,0,2017-04-23,2017-05-08,16,0,16,"North_Chagrin",NA,"spring","fawning"
"NC1028","T9",6,0,2017-05-09,2017-05-24,16,0,16,"North_Chagrin",NA,"spring","fawning"
"NC1033","T1",0,0,2017-01-01,2017-01-16,16,0,16,"North_Chagrin",NA,"winter","winter.forage"
"NC1033","T10",4,1,2017-05-25,2017-06-09,16,0,16,"North_Chagrin",NA,"spring","fawning"
"NC1033","T11",0,0,2017-06-10,2017-06-25,16,0,16,"North_Chagrin",NA,"spring","fawning"
"NC1033","T12",0,0,2017-06-26,2017-06-30,5,0,5,"North_Chagrin",NA,"summer","fawning"
"NC1033","T13",0,0,2016-07-01,2016-07-10,10,0,10,"North_Chagrin",NA,"summer","summer.forage"
"NC1033","T14",1,0,2016-07-11,2016-07-26,16,0,16,"North_Chagrin",NA,"summer","summer.forage"
"NC1033","T15",1,0,2016-07-27,2016-08-11,16,0,16,"North_Chagrin",NA,"summer","summer.forage"
"NC1033","T16",2,0,2016-08-12,2016-08-27,16,0,16,"North_Chagrin",NA,"summer","summer.forage"
"NC1033","T17",1,0,2016-08-28,2016-09-12,16,0,16,"North_Chagrin",NA,"summer","summer.forage"
"NC1033","T18",0,0,2016-09-13,2016-09-28,16,0,16,"North_Chagrin",NA,"autumn","summer.forage"
"NC1033","T19",1,0,2016-09-29,2016-10-14,16,0,16,"North_Chagrin",NA,"autumn","rut"
"NC1033","T2",0,0,2017-01-17,2017-02-01,16,0,16,"North_Chagrin",NA,"winter","winter.forage"
"NC1033","T20",0,0,2016-10-15,2016-10-30,16,0,16,"North_Chagrin",NA,"autumn","rut"
"NC1033","T21",3,0,2016-10-31,2016-11-15,16,0,16,"North_Chagrin",NA,"autumn","rut"
"NC1033","T22",1,0,2016-11-16,2016-12-01,16,0,16,"North_Chagrin",NA,"autumn","rut"
"NC1033","T23",0,1,2016-12-02,2016-12-17,16,0,16,"North_Chagrin",NA,"autumn","rut"
"NC1033","T24",0,1,2016-12-18,2016-12-31,14,0,14,"North_Chagrin",NA,"winter","rut"
"NC1033","T3",0,0,2017-02-02,2017-02-17,16,0,16,"North_Chagrin",NA,"winter","winter.forage"
"NC1033","T4",1,0,2017-02-18,2017-03-05,16,0,16,"North_Chagrin",NA,"winter","winter.forage"
"NC1033","T5",0,0,2017-03-06,2017-03-21,16,0,16,"North_Chagrin",NA,"winter","winter.forage"
"NC1033","T6",1,0,2017-03-22,2017-04-06,16,0,16,"North_Chagrin",NA,"spring","winter.forage"
"NC1033","T7",0,0,2017-04-07,2017-04-22,16,0,16,"North_Chagrin",NA,"spring","fawning"
"NC1033","T8",1,1,2017-04-23,2017-05-08,16,0,16,"North_Chagrin",NA,"spring","fawning"
"NC1033","T9",2,0,2017-05-09,2017-05-24,16,0,16,"North_Chagrin",NA,"spring","fawning"
"NC1040","T1",5,1,2017-01-01,2017-01-16,16,0,16,"North_Chagrin",NA,"winter","winter.forage"
"NC1040","T10",0,0,2017-05-25,2017-06-09,16,0,16,"North_Chagrin",NA,"spring","fawning"
"NC1040","T11",0,0,2017-06-10,2017-06-25,16,0,16,"North_Chagrin",NA,"spring","fawning"
"NC1040","T12",0,0,2017-06-26,2017-06-30,5,0,5,"North_Chagrin",NA,"summer","fawning"
"NC1040","T13",9,1,2016-07-01,2016-07-10,10,0,10,"North_Chagrin",NA,"summer","summer.forage"
"NC1040","T14",13,0,2016-07-11,2016-07-26,16,0,16,"North_Chagrin",NA,"summer","summer.forage"
"NC1040","T15",9,0,2016-07-27,2016-08-11,16,0,16,"North_Chagrin",NA,"summer","summer.forage"
"NC1040","T16",12,1,2016-08-12,2016-08-27,16,0,16,"North_Chagrin",NA,"summer","summer.forage"
"NC1040","T17",4,0,2016-08-28,2016-09-12,16,0,16,"North_Chagrin",NA,"summer","summer.forage"
"NC1040","T18",2,0,2016-09-13,2016-09-28,16,0,16,"North_Chagrin",NA,"autumn","summer.forage"
"NC1040","T19",5,0,2016-09-29,2016-10-14,16,0,16,"North_Chagrin",NA,"autumn","rut"
"NC1040","T2",6,0,2017-01-17,2017-02-01,16,0,16,"North_Chagrin",NA,"winter","winter.forage"
"NC1040","T20",6,1,2016-10-15,2016-10-30,16,0,16,"North_Chagrin",NA,"autumn","rut"
"NC1040","T21",12,0,2016-10-31,2016-11-15,16,0,16,"North_Chagrin",NA,"autumn","rut"
"NC1040","T22",2,0,2016-11-16,2016-12-01,16,0,16,"North_Chagrin",NA,"autumn","rut"
"NC1040","T23",6,0,2016-12-02,2016-12-17,16,0,16,"North_Chagrin",NA,"autumn","rut"
"NC1040","T24",2,1,2016-12-18,2016-12-31,14,0,14,"North_Chagrin",NA,"winter","rut"
"NC1040","T3",3,1,2017-02-02,2017-02-17,16,0,16,"North_Chagrin",NA,"winter","winter.forage"
"NC1040","T4",2,0,2017-02-18,2017-03-05,16,0,16,"North_Chagrin",NA,"winter","winter.forage"
"NC1040","T5",2,0,2017-03-06,2017-03-21,16,0,16,"North_Chagrin",NA,"winter","winter.forage"
"NC1040","T6",1,0,2017-03-22,2017-04-06,16,0,16,"North_Chagrin",NA,"spring","winter.forage"
"NC1040","T7",0,1,2017-04-07,2017-04-22,16,0,16,"North_Chagrin",NA,"spring","fawning"
"NC1040","T8",3,0,2017-04-23,2017-05-08,16,0,16,"North_Chagrin",NA,"spring","fawning"
"NC1040","T9",3,2,2017-05-09,2017-05-24,16,0,16,"North_Chagrin",NA,"spring","fawning"
"NC1044","T1",4,1,2017-01-01,2017-01-16,16,0,16,"North_Chagrin",NA,"winter","winter.forage"
"NC1044","T10",2,0,2017-05-25,2017-06-09,16,0,16,"North_Chagrin",NA,"spring","fawning"
"NC1044","T11",3,0,2017-06-10,2017-06-25,16,0,16,"North_Chagrin",NA,"spring","fawning"
"NC1044","T12",2,0,2017-06-26,2017-06-30,5,0,5,"North_Chagrin",NA,"summer","fawning"
"NC1044","T13",4,1,2016-07-01,2016-07-10,10,0,10,"North_Chagrin",NA,"summer","summer.forage"
"NC1044","T14",5,0,2016-07-11,2016-07-26,16,0,16,"North_Chagrin",NA,"summer","summer.forage"
"NC1044","T15",3,0,2016-07-27,2016-08-11,16,0,16,"North_Chagrin",NA,"summer","summer.forage"
"NC1044","T16",0,0,2016-08-12,2016-08-27,16,0,16,"North_Chagrin",NA,"summer","summer.forage"
"NC1044","T17",2,0,2016-08-28,2016-09-12,16,0,16,"North_Chagrin",NA,"summer","summer.forage"
"NC1044","T18",0,0,2016-09-13,2016-09-28,16,1,15,"North_Chagrin",NA,"autumn","summer.forage"
"NC1044","T19",0,0,2016-09-29,2016-10-14,16,16,0,"North_Chagrin",NA,"autumn","rut"
"NC1044","T2",11,0,2017-01-17,2017-02-01,16,0,16,"North_Chagrin",NA,"winter","winter.forage"
"NC1044","T20",1,0,2016-10-15,2016-10-30,16,2,14,"North_Chagrin",NA,"autumn","rut"
"NC1044","T21",11,0,2016-10-31,2016-11-15,16,0,16,"North_Chagrin",NA,"autumn","rut"
"NC1044","T22",11,1,2016-11-16,2016-12-01,16,0,16,"North_Chagrin",NA,"autumn","rut"
"NC1044","T23",4,1,2016-12-02,2016-12-17,16,0,16,"North_Chagrin",NA,"autumn","rut"
"NC1044","T24",8,0,2016-12-18,2016-12-31,14,0,14,"North_Chagrin",NA,"winter","rut"
"NC1044","T3",12,1,2017-02-02,2017-02-17,16,0,16,"North_Chagrin",NA,"winter","winter.forage"
"NC1044","T4",28,0,2017-02-18,2017-03-05,16,0,16,"North_Chagrin",NA,"winter","winter.forage"
"NC1044","T5",7,1,2017-03-06,2017-03-21,16,0,16,"North_Chagrin",NA,"winter","winter.forage"
"NC1044","T6",6,1,2017-03-22,2017-04-06,16,0,16,"North_Chagrin",NA,"spring","winter.forage"
"NC1044","T7",9,0,2017-04-07,2017-04-22,16,0,16,"North_Chagrin",NA,"spring","fawning"
"NC1044","T8",12,0,2017-04-23,2017-05-08,16,0,16,"North_Chagrin",NA,"spring","fawning"
"NC1044","T9",8,1,2017-05-09,2017-05-24,16,0,16,"North_Chagrin",NA,"spring","fawning"
"NC1049","T1",1,0,2017-01-01,2017-01-16,16,0,16,"North_Chagrin",NA,"winter","winter.forage"
"NC1049","T10",2,0,2017-05-25,2017-06-09,16,0,16,"North_Chagrin",NA,"spring","fawning"
"NC1049","T11",1,0,2017-06-10,2017-06-25,16,0,16,"North_Chagrin",NA,"spring","fawning"
"NC1049","T12",0,0,2017-06-26,2017-06-30,5,0,5,"North_Chagrin",NA,"summer","fawning"
"NC1049","T13",7,0,2016-07-01,2016-07-10,10,0,10,"North_Chagrin",NA,"summer","summer.forage"
"NC1049","T14",5,0,2016-07-11,2016-07-26,16,0,16,"North_Chagrin",NA,"summer","summer.forage"
"NC1049","T15",2,0,2016-07-27,2016-08-11,16,0,16,"North_Chagrin",NA,"summer","summer.forage"
"NC1049","T16",9,0,2016-08-12,2016-08-27,16,0,16,"North_Chagrin",NA,"summer","summer.forage"
"NC1049","T17",13,0,2016-08-28,2016-09-12,16,0,16,"North_Chagrin",NA,"summer","summer.forage"
"NC1049","T18",19,0,2016-09-13,2016-09-28,16,0,16,"North_Chagrin",NA,"autumn","summer.forage"
"NC1049","T19",20,0,2016-09-29,2016-10-14,16,0,16,"North_Chagrin",NA,"autumn","rut"
"NC1049","T2",1,0,2017-01-17,2017-02-01,16,0,16,"North_Chagrin",NA,"winter","winter.forage"
"NC1049","T20",13,0,2016-10-15,2016-10-30,16,0,16,"North_Chagrin",NA,"autumn","rut"
"NC1049","T21",16,0,2016-10-31,2016-11-15,16,0,16,"North_Chagrin",NA,"autumn","rut"
"NC1049","T22",7,1,2016-11-16,2016-12-01,16,0,16,"North_Chagrin",NA,"autumn","rut"
"NC1049","T23",0,0,2016-12-02,2016-12-17,16,0,16,"North_Chagrin",NA,"autumn","rut"
"NC1049","T24",2,2,2016-12-18,2016-12-31,14,0,14,"North_Chagrin",NA,"winter","rut"
"NC1049","T3",2,0,2017-02-02,2017-02-17,16,0,16,"North_Chagrin",NA,"winter","winter.forage"
"NC1049","T4",2,0,2017-02-18,2017-03-05,16,0,16,"North_Chagrin",NA,"winter","winter.forage"
"NC1049","T5",10,0,2017-03-06,2017-03-21,16,0,16,"North_Chagrin",NA,"winter","winter.forage"
"NC1049","T6",9,0,2017-03-22,2017-04-06,16,0,16,"North_Chagrin",NA,"spring","winter.forage"
"NC1049","T7",2,0,2017-04-07,2017-04-22,16,0,16,"North_Chagrin",NA,"spring","fawning"
"NC1049","T8",5,1,2017-04-23,2017-05-08,16,0,16,"North_Chagrin",NA,"spring","fawning"
"NC1049","T9",3,0,2017-05-09,2017-05-24,16,0,16,"North_Chagrin",NA,"spring","fawning"
"NC1056","T1",4,0,2017-01-01,2017-01-16,16,0,16,"North_Chagrin",NA,"winter","winter.forage"
"NC1056","T10",27,0,2017-05-25,2017-06-09,16,0,16,"North_Chagrin",NA,"spring","fawning"
"NC1056","T11",15,2,2017-06-10,2017-06-25,16,0,16,"North_Chagrin",NA,"spring","fawning"
"NC1056","T12",4,1,2017-06-26,2017-06-30,5,0,5,"North_Chagrin",NA,"summer","fawning"
"NC1056","T13",6,1,2016-07-01,2016-07-10,10,0,10,"North_Chagrin",NA,"summer","summer.forage"
"NC1056","T14",5,1,2016-07-11,2016-07-26,16,0,16,"North_Chagrin",NA,"summer","summer.forage"
"NC1056","T15",7,2,2016-07-27,2016-08-11,16,0,16,"North_Chagrin",NA,"summer","summer.forage"
"NC1056","T16",5,2,2016-08-12,2016-08-27,16,0,16,"North_Chagrin",NA,"summer","summer.forage"
"NC1056","T17",7,1,2016-08-28,2016-09-12,16,0,16,"North_Chagrin",NA,"summer","summer.forage"
"NC1056","T18",3,0,2016-09-13,2016-09-28,16,0,16,"North_Chagrin",NA,"autumn","summer.forage"
"NC1056","T19",3,0,2016-09-29,2016-10-14,16,0,16,"North_Chagrin",NA,"autumn","rut"
"NC1056","T2",4,1,2017-01-17,2017-02-01,16,0,16,"North_Chagrin",NA,"winter","winter.forage"
"NC1056","T20",6,0,2016-10-15,2016-10-30,16,0,16,"North_Chagrin",NA,"autumn","rut"
"NC1056","T21",13,0,2016-10-31,2016-11-15,16,0,16,"North_Chagrin",NA,"autumn","rut"
"NC1056","T22",2,0,2016-11-16,2016-12-01,16,0,16,"North_Chagrin",NA,"autumn","rut"
"NC1056","T23",1,0,2016-12-02,2016-12-17,16,0,16,"North_Chagrin",NA,"autumn","rut"
"NC1056","T24",4,0,2016-12-18,2016-12-31,14,0,14,"North_Chagrin",NA,"winter","rut"
"NC1056","T3",3,1,2017-02-02,2017-02-17,16,0,16,"North_Chagrin",NA,"winter","winter.forage"
"NC1056","T4",3,0,2017-02-18,2017-03-05,16,0,16,"North_Chagrin",NA,"winter","winter.forage"
"NC1056","T5",1,2,2017-03-06,2017-03-21,16,0,16,"North_Chagrin",NA,"winter","winter.forage"
"NC1056","T6",0,0,2017-03-22,2017-04-06,16,0,16,"North_Chagrin",NA,"spring","winter.forage"
"NC1056","T7",1,1,2017-04-07,2017-04-22,16,0,16,"North_Chagrin",NA,"spring","fawning"
"NC1056","T8",0,0,2017-04-23,2017-05-08,16,0,16,"North_Chagrin",NA,"spring","fawning"
"NC1056","T9",6,3,2017-05-09,2017-05-24,16,0,16,"North_Chagrin",NA,"spring","fawning"
"NC1065","T1",6,0,2017-01-01,2017-01-16,16,0,16,"North_Chagrin",NA,"winter","winter.forage"
"NC1065","T10",3,1,2017-05-25,2017-06-09,16,0,16,"North_Chagrin",NA,"spring","fawning"
"NC1065","T11",1,0,2017-06-10,2017-06-25,16,0,16,"North_Chagrin",NA,"spring","fawning"
"NC1065","T12",0,0,2017-06-26,2017-06-30,5,0,5,"North_Chagrin",NA,"summer","fawning"
"NC1065","T13",6,0,2016-07-01,2016-07-10,10,0,10,"North_Chagrin",NA,"summer","summer.forage"
"NC1065","T14",9,0,2016-07-11,2016-07-26,16,0,16,"North_Chagrin",NA,"summer","summer.forage"
"NC1065","T15",8,3,2016-07-27,2016-08-11,16,0,16,"North_Chagrin",NA,"summer","summer.forage"
"NC1065","T16",8,1,2016-08-12,2016-08-27,16,0,16,"North_Chagrin",NA,"summer","summer.forage"
"NC1065","T17",10,4,2016-08-28,2016-09-12,16,0,16,"North_Chagrin",NA,"summer","summer.forage"
"NC1065","T18",9,1,2016-09-13,2016-09-28,16,0,16,"North_Chagrin",NA,"autumn","summer.forage"
"NC1065","T19",11,0,2016-09-29,2016-10-14,16,0,16,"North_Chagrin",NA,"autumn","rut"
"NC1065","T2",10,2,2017-01-17,2017-02-01,16,0,16,"North_Chagrin",NA,"winter","winter.forage"
"NC1065","T20",12,4,2016-10-15,2016-10-30,16,0,16,"North_Chagrin",NA,"autumn","rut"
"NC1065","T21",21,0,2016-10-31,2016-11-15,16,0,16,"North_Chagrin",NA,"autumn","rut"
"NC1065","T22",14,3,2016-11-16,2016-12-01,16,0,16,"North_Chagrin",NA,"autumn","rut"
"NC1065","T23",13,0,2016-12-02,2016-12-17,16,0,16,"North_Chagrin",NA,"autumn","rut"
"NC1065","T24",3,1,2016-12-18,2016-12-31,14,0,14,"North_Chagrin",NA,"winter","rut"
"NC1065","T3",5,0,2017-02-02,2017-02-17,16,0,16,"North_Chagrin",NA,"winter","winter.forage"
"NC1065","T4",3,1,2017-02-18,2017-03-05,16,0,16,"North_Chagrin",NA,"winter","winter.forage"
"NC1065","T5",5,1,2017-03-06,2017-03-21,16,0,16,"North_Chagrin",NA,"winter","winter.forage"
"NC1065","T6",8,0,2017-03-22,2017-04-06,16,0,16,"North_Chagrin",NA,"spring","winter.forage"
"NC1065","T7",4,1,2017-04-07,2017-04-22,16,0,16,"North_Chagrin",NA,"spring","fawning"
"NC1065","T8",5,0,2017-04-23,2017-05-08,16,0,16,"North_Chagrin",NA,"spring","fawning"
"NC1065","T9",13,0,2017-05-09,2017-05-24,16,0,16,"North_Chagrin",NA,"spring","fawning"
"NC1076","T1",8,0,2017-01-01,2017-01-16,16,0,16,"North_Chagrin",NA,"winter","winter.forage"
"NC1076","T10",6,0,2017-05-25,2017-06-09,16,0,16,"North_Chagrin",NA,"spring","fawning"
"NC1076","T11",4,0,2017-06-10,2017-06-25,16,0,16,"North_Chagrin",NA,"spring","fawning"
"NC1076","T12",0,0,2017-06-26,2017-06-30,5,0,5,"North_Chagrin",NA,"summer","fawning"
"NC1076","T13",4,0,2016-07-01,2016-07-10,10,0,10,"North_Chagrin",NA,"summer","summer.forage"
"NC1076","T14",2,0,2016-07-11,2016-07-26,16,0,16,"North_Chagrin",NA,"summer","summer.forage"
"NC1076","T15",2,0,2016-07-27,2016-08-11,16,0,16,"North_Chagrin",NA,"summer","summer.forage"
"NC1076","T16",2,0,2016-08-12,2016-08-27,16,0,16,"North_Chagrin",NA,"summer","summer.forage"
"NC1076","T17",2,0,2016-08-28,2016-09-12,16,0,16,"North_Chagrin",NA,"summer","summer.forage"
"NC1076","T18",2,0,2016-09-13,2016-09-28,16,0,16,"North_Chagrin",NA,"autumn","summer.forage"
"NC1076","T19",0,0,2016-09-29,2016-10-14,16,0,16,"North_Chagrin",NA,"autumn","rut"
"NC1076","T2",5,3,2017-01-17,2017-02-01,16,0,16,"North_Chagrin",NA,"winter","winter.forage"
"NC1076","T20",5,0,2016-10-15,2016-10-30,16,0,16,"North_Chagrin",NA,"autumn","rut"
"NC1076","T21",5,0,2016-10-31,2016-11-15,16,0,16,"North_Chagrin",NA,"autumn","rut"
"NC1076","T22",6,0,2016-11-16,2016-12-01,16,0,16,"North_Chagrin",NA,"autumn","rut"
"NC1076","T23",0,0,2016-12-02,2016-12-17,16,0,16,"North_Chagrin",NA,"autumn","rut"
"NC1076","T24",6,0,2016-12-18,2016-12-31,14,0,14,"North_Chagrin",NA,"winter","rut"
"NC1076","T3",5,3,2017-02-02,2017-02-17,16,0,16,"North_Chagrin",NA,"winter","winter.forage"
"NC1076","T4",1,0,2017-02-18,2017-03-05,16,0,16,"North_Chagrin",NA,"winter","winter.forage"
"NC1076","T5",3,1,2017-03-06,2017-03-21,16,0,16,"North_Chagrin",NA,"winter","winter.forage"
"NC1076","T6",4,1,2017-03-22,2017-04-06,16,0,16,"North_Chagrin",NA,"spring","winter.forage"
"NC1076","T7",4,0,2017-04-07,2017-04-22,16,0,16,"North_Chagrin",NA,"spring","fawning"
"NC1076","T8",2,0,2017-04-23,2017-05-08,16,0,16,"North_Chagrin",NA,"spring","fawning"
"NC1076","T9",9,0,2017-05-09,2017-05-24,16,0,16,"North_Chagrin",NA,"spring","fawning"
"NC1081","T1",4,0,2017-01-01,2017-01-16,16,0,16,"North_Chagrin",NA,"winter","winter.forage"
"NC1081","T10",6,2,2017-05-25,2017-06-09,16,0,16,"North_Chagrin",NA,"spring","fawning"
"NC1081","T11",4,0,2017-06-10,2017-06-25,16,0,16,"North_Chagrin",NA,"spring","fawning"
"NC1081","T12",0,0,2017-06-26,2017-06-30,5,0,5,"North_Chagrin",NA,"summer","fawning"
"NC1081","T13",3,0,2016-07-01,2016-07-10,10,0,10,"North_Chagrin",NA,"summer","summer.forage"
"NC1081","T14",3,0,2016-07-11,2016-07-26,16,0,16,"North_Chagrin",NA,"summer","summer.forage"
"NC1081","T15",4,0,2016-07-27,2016-08-11,16,0,16,"North_Chagrin",NA,"summer","summer.forage"
"NC1081","T16",2,0,2016-08-12,2016-08-27,16,0,16,"North_Chagrin",NA,"summer","summer.forage"
"NC1081","T17",3,0,2016-08-28,2016-09-12,16,0,16,"North_Chagrin",NA,"summer","summer.forage"
"NC1081","T18",9,0,2016-09-13,2016-09-28,16,0,16,"North_Chagrin",NA,"autumn","summer.forage"
"NC1081","T19",2,1,2016-09-29,2016-10-14,16,0,16,"North_Chagrin",NA,"autumn","rut"
"NC1081","T2",6,0,2017-01-17,2017-02-01,16,0,16,"North_Chagrin",NA,"winter","winter.forage"
"NC1081","T20",3,0,2016-10-15,2016-10-30,16,0,16,"North_Chagrin",NA,"autumn","rut"
"NC1081","T21",11,0,2016-10-31,2016-11-15,16,0,16,"North_Chagrin",NA,"autumn","rut"
"NC1081","T22",4,1,2016-11-16,2016-12-01,16,0,16,"North_Chagrin",NA,"autumn","rut"
"NC1081","T23",3,0,2016-12-02,2016-12-17,16,0,16,"North_Chagrin",NA,"autumn","rut"
"NC1081","T24",2,0,2016-12-18,2016-12-31,14,0,14,"North_Chagrin",NA,"winter","rut"
"NC1081","T3",1,0,2017-02-02,2017-02-17,16,0,16,"North_Chagrin",NA,"winter","winter.forage"
"NC1081","T4",3,1,2017-02-18,2017-03-05,16,0,16,"North_Chagrin",NA,"winter","winter.forage"
"NC1081","T5",4,0,2017-03-06,2017-03-21,16,0,16,"North_Chagrin",NA,"winter","winter.forage"
"NC1081","T6",0,1,2017-03-22,2017-04-06,16,0,16,"North_Chagrin",NA,"spring","winter.forage"
"NC1081","T7",3,0,2017-04-07,2017-04-22,16,0,16,"North_Chagrin",NA,"spring","fawning"
"NC1081","T8",5,2,2017-04-23,2017-05-08,16,0,16,"North_Chagrin",NA,"spring","fawning"
"NC1081","T9",4,0,2017-05-09,2017-05-24,16,0,16,"North_Chagrin",NA,"spring","fawning"
"NC1092","T1",3,3,2017-01-01,2017-01-16,16,0,16,"North_Chagrin",NA,"winter","winter.forage"
"NC1092","T10",2,0,2017-05-25,2017-06-09,16,0,16,"North_Chagrin",NA,"spring","fawning"
"NC1092","T11",1,1,2017-06-10,2017-06-25,16,0,16,"North_Chagrin",NA,"spring","fawning"
"NC1092","T12",0,0,2017-06-26,2017-06-30,5,0,5,"North_Chagrin",NA,"summer","fawning"
"NC1092","T13",4,0,2016-07-01,2016-07-10,10,0,10,"North_Chagrin",NA,"summer","summer.forage"
"NC1092","T14",12,0,2016-07-11,2016-07-26,16,0,16,"North_Chagrin",NA,"summer","summer.forage"
"NC1092","T15",4,0,2016-07-27,2016-08-11,16,0,16,"North_Chagrin",NA,"summer","summer.forage"
"NC1092","T16",4,0,2016-08-12,2016-08-27,16,0,16,"North_Chagrin",NA,"summer","summer.forage"
"NC1092","T17",20,1,2016-08-28,2016-09-12,16,0,16,"North_Chagrin",NA,"summer","summer.forage"
"NC1092","T18",6,0,2016-09-13,2016-09-28,16,0,16,"North_Chagrin",NA,"autumn","summer.forage"
"NC1092","T19",11,1,2016-09-29,2016-10-14,16,0,16,"North_Chagrin",NA,"autumn","rut"
"NC1092","T2",6,2,2017-01-17,2017-02-01,16,0,16,"North_Chagrin",NA,"winter","winter.forage"
"NC1092","T20",13,3,2016-10-15,2016-10-30,16,0,16,"North_Chagrin",NA,"autumn","rut"
"NC1092","T21",21,7,2016-10-31,2016-11-15,16,0,16,"North_Chagrin",NA,"autumn","rut"
"NC1092","T22",8,10,2016-11-16,2016-12-01,16,0,16,"North_Chagrin",NA,"autumn","rut"
"NC1092","T23",5,2,2016-12-02,2016-12-17,16,0,16,"North_Chagrin",NA,"autumn","rut"
"NC1092","T24",0,0,2016-12-18,2016-12-31,14,0,14,"North_Chagrin",NA,"winter","rut"
"NC1092","T3",2,2,2017-02-02,2017-02-17,16,0,16,"North_Chagrin",NA,"winter","winter.forage"
"NC1092","T4",0,2,2017-02-18,2017-03-05,16,0,16,"North_Chagrin",NA,"winter","winter.forage"
"NC1092","T5",1,3,2017-03-06,2017-03-21,16,0,16,"North_Chagrin",NA,"winter","winter.forage"
"NC1092","T6",2,1,2017-03-22,2017-04-06,16,0,16,"North_Chagrin",NA,"spring","winter.forage"
"NC1092","T7",3,1,2017-04-07,2017-04-22,16,0,16,"North_Chagrin",NA,"spring","fawning"
"NC1092","T8",3,3,2017-04-23,2017-05-08,16,0,16,"North_Chagrin",NA,"spring","fawning"
"NC1092","T9",0,1,2017-05-09,2017-05-24,16,0,16,"North_Chagrin",NA,"spring","fawning"
"NC1097","T1",7,2,2017-01-01,2017-01-16,16,0,16,"North_Chagrin",NA,"winter","winter.forage"
"NC1097","T10",7,1,2017-05-25,2017-06-09,16,0,16,"North_Chagrin",NA,"spring","fawning"
"NC1097","T11",0,0,2017-06-10,2017-06-25,16,0,16,"North_Chagrin",NA,"spring","fawning"
"NC1097","T12",0,0,2017-06-26,2017-06-30,5,0,5,"North_Chagrin",NA,"summer","fawning"
"NC1097","T13",4,0,2016-07-01,2016-07-10,10,0,10,"North_Chagrin",NA,"summer","summer.forage"
"NC1097","T14",4,0,2016-07-11,2016-07-26,16,0,16,"North_Chagrin",NA,"summer","summer.forage"
"NC1097","T15",5,0,2016-07-27,2016-08-11,16,0,16,"North_Chagrin",NA,"summer","summer.forage"
"NC1097","T16",3,0,2016-08-12,2016-08-27,16,0,16,"North_Chagrin",NA,"summer","summer.forage"
"NC1097","T17",18,0,2016-08-28,2016-09-12,16,0,16,"North_Chagrin",NA,"summer","summer.forage"
"NC1097","T18",23,0,2016-09-13,2016-09-28,16,0,16,"North_Chagrin",NA,"autumn","summer.forage"
"NC1097","T19",32,0,2016-09-29,2016-10-14,16,0,16,"North_Chagrin",NA,"autumn","rut"
"NC1097","T2",4,0,2017-01-17,2017-02-01,16,0,16,"North_Chagrin",NA,"winter","winter.forage"
"NC1097","T20",29,0,2016-10-15,2016-10-30,16,0,16,"North_Chagrin",NA,"autumn","rut"
"NC1097","T21",13,0,2016-10-31,2016-11-15,16,0,16,"North_Chagrin",NA,"autumn","rut"
"NC1097","T22",8,0,2016-11-16,2016-12-01,16,0,16,"North_Chagrin",NA,"autumn","rut"
"NC1097","T23",6,0,2016-12-02,2016-12-17,16,0,16,"North_Chagrin",NA,"autumn","rut"
"NC1097","T24",0,3,2016-12-18,2016-12-31,14,0,14,"North_Chagrin",NA,"winter","rut"
"NC1097","T3",4,0,2017-02-02,2017-02-17,16,0,16,"North_Chagrin",NA,"winter","winter.forage"
"NC1097","T4",1,0,2017-02-18,2017-03-05,16,0,16,"North_Chagrin",NA,"winter","winter.forage"
"NC1097","T5",5,0,2017-03-06,2017-03-21,16,0,16,"North_Chagrin",NA,"winter","winter.forage"
"NC1097","T6",0,0,2017-03-22,2017-04-06,16,0,16,"North_Chagrin",NA,"spring","winter.forage"
"NC1097","T7",0,0,2017-04-07,2017-04-22,16,0,16,"North_Chagrin",NA,"spring","fawning"
"NC1097","T8",2,0,2017-04-23,2017-05-08,16,0,16,"North_Chagrin",NA,"spring","fawning"
"NC1097","T9",5,0,2017-05-09,2017-05-24,16,0,16,"North_Chagrin",NA,"spring","fawning"
"NC1100","T1",20,5,2017-01-01,2017-01-16,16,0,16,"North_Chagrin",NA,"winter","winter.forage"
"NC1100","T10",17,3,2017-05-25,2017-06-09,16,0,16,"North_Chagrin",NA,"spring","fawning"
"NC1100","T11",13,2,2017-06-10,2017-06-25,16,0,16,"North_Chagrin",NA,"spring","fawning"
"NC1100","T12",7,0,2017-06-26,2017-06-30,5,0,5,"North_Chagrin",NA,"summer","fawning"
"NC1100","T13",13,1,2016-07-01,2016-07-10,10,0,10,"North_Chagrin",NA,"summer","summer.forage"
"NC1100","T14",16,0,2016-07-11,2016-07-26,16,0,16,"North_Chagrin",NA,"summer","summer.forage"
"NC1100","T15",13,1,2016-07-27,2016-08-11,16,0,16,"North_Chagrin",NA,"summer","summer.forage"
"NC1100","T16",9,1,2016-08-12,2016-08-27,16,0,16,"North_Chagrin",NA,"summer","summer.forage"
"NC1100","T17",14,0,2016-08-28,2016-09-12,16,0,16,"North_Chagrin",NA,"summer","summer.forage"
"NC1100","T18",17,0,2016-09-13,2016-09-28,16,0,16,"North_Chagrin",NA,"autumn","summer.forage"
"NC1100","T19",29,0,2016-09-29,2016-10-14,16,0,16,"North_Chagrin",NA,"autumn","rut"
"NC1100","T2",21,2,2017-01-17,2017-02-01,16,0,16,"North_Chagrin",NA,"winter","winter.forage"
"NC1100","T20",19,0,2016-10-15,2016-10-30,16,0,16,"North_Chagrin",NA,"autumn","rut"
"NC1100","T21",27,1,2016-10-31,2016-11-15,16,0,16,"North_Chagrin",NA,"autumn","rut"
"NC1100","T22",31,3,2016-11-16,2016-12-01,16,0,16,"North_Chagrin",NA,"autumn","rut"
"NC1100","T23",28,1,2016-12-02,2016-12-17,16,0,16,"North_Chagrin",NA,"autumn","rut"
"NC1100","T24",21,0,2016-12-18,2016-12-31,14,0,14,"North_Chagrin",NA,"winter","rut"
"NC1100","T3",20,3,2017-02-02,2017-02-17,16,0,16,"North_Chagrin",NA,"winter","winter.forage"
"NC1100","T4",16,3,2017-02-18,2017-03-05,16,0,16,"North_Chagrin",NA,"winter","winter.forage"
"NC1100","T5",15,3,2017-03-06,2017-03-21,16,0,16,"North_Chagrin",NA,"winter","winter.forage"
"NC1100","T6",14,3,2017-03-22,2017-04-06,16,0,16,"North_Chagrin",NA,"spring","winter.forage"
"NC1100","T7",5,1,2017-04-07,2017-04-22,16,0,16,"North_Chagrin",NA,"spring","fawning"
"NC1100","T8",10,3,2017-04-23,2017-05-08,16,0,16,"North_Chagrin",NA,"spring","fawning"
"NC1100","T9",14,0,2017-05-09,2017-05-24,16,0,16,"North_Chagrin",NA,"spring","fawning"
"NC1104","T1",19,2,2017-01-01,2017-01-16,16,0,16,"North_Chagrin",NA,"winter","winter.forage"
"NC1104","T10",42,0,2017-05-25,2017-06-09,16,0,16,"North_Chagrin",NA,"spring","fawning"
"NC1104","T11",47,0,2017-06-10,2017-06-25,16,0,16,"North_Chagrin",NA,"spring","fawning"
"NC1104","T12",20,0,2017-06-26,2017-06-30,5,0,5,"North_Chagrin",NA,"summer","fawning"
"NC1104","T13",18,1,2016-07-01,2016-07-10,10,0,10,"North_Chagrin",NA,"summer","summer.forage"
"NC1104","T14",31,0,2016-07-11,2016-07-26,16,0,16,"North_Chagrin",NA,"summer","summer.forage"
"NC1104","T15",30,0,2016-07-27,2016-08-11,16,0,16,"North_Chagrin",NA,"summer","summer.forage"
"NC1104","T16",41,0,2016-08-12,2016-08-27,16,0,16,"North_Chagrin",NA,"summer","summer.forage"
"NC1104","T17",13,0,2016-08-28,2016-09-12,16,0,16,"North_Chagrin",NA,"summer","summer.forage"
"NC1104","T18",11,0,2016-09-13,2016-09-28,16,0,16,"North_Chagrin",NA,"autumn","summer.forage"
"NC1104","T19",20,0,2016-09-29,2016-10-14,16,0,16,"North_Chagrin",NA,"autumn","rut"
"NC1104","T2",17,0,2017-01-17,2017-02-01,16,0,16,"North_Chagrin",NA,"winter","winter.forage"
"NC1104","T20",15,0,2016-10-15,2016-10-30,16,0,16,"North_Chagrin",NA,"autumn","rut"
"NC1104","T21",32,0,2016-10-31,2016-11-15,16,0,16,"North_Chagrin",NA,"autumn","rut"
"NC1104","T22",24,0,2016-11-16,2016-12-01,16,0,16,"North_Chagrin",NA,"autumn","rut"
"NC1104","T23",22,1,2016-12-02,2016-12-17,16,0,16,"North_Chagrin",NA,"autumn","rut"
"NC1104","T24",13,1,2016-12-18,2016-12-31,14,0,14,"North_Chagrin",NA,"winter","rut"
"NC1104","T3",21,0,2017-02-02,2017-02-17,16,0,16,"North_Chagrin",NA,"winter","winter.forage"
"NC1104","T4",17,0,2017-02-18,2017-03-05,16,0,16,"North_Chagrin",NA,"winter","winter.forage"
"NC1104","T5",13,0,2017-03-06,2017-03-21,16,0,16,"North_Chagrin",NA,"winter","winter.forage"
"NC1104","T6",15,2,2017-03-22,2017-04-06,16,0,16,"North_Chagrin",NA,"spring","winter.forage"
"NC1104","T7",24,0,2017-04-07,2017-04-22,16,0,16,"North_Chagrin",NA,"spring","fawning"
"NC1104","T8",30,1,2017-04-23,2017-05-08,16,0,16,"North_Chagrin",NA,"spring","fawning"
"NC1104","T9",31,2,2017-05-09,2017-05-24,16,0,16,"North_Chagrin",NA,"spring","fawning"
"NC1113","T1",2,1,2017-01-01,2017-01-16,16,0,16,"North_Chagrin",NA,"winter","winter.forage"
"NC1113","T10",1,4,2017-05-25,2017-06-09,16,0,16,"North_Chagrin",NA,"spring","fawning"
"NC1113","T11",1,2,2017-06-10,2017-06-25,16,0,16,"North_Chagrin",NA,"spring","fawning"
"NC1113","T12",0,0,2017-06-26,2017-06-30,5,0,5,"North_Chagrin",NA,"summer","fawning"
"NC1113","T13",4,0,2016-07-01,2016-07-10,10,0,10,"North_Chagrin",NA,"summer","summer.forage"
"NC1113","T14",2,0,2016-07-11,2016-07-26,16,0,16,"North_Chagrin",NA,"summer","summer.forage"
"NC1113","T15",2,0,2016-07-27,2016-08-11,16,0,16,"North_Chagrin",NA,"summer","summer.forage"
"NC1113","T16",9,0,2016-08-12,2016-08-27,16,0,16,"North_Chagrin",NA,"summer","summer.forage"
"NC1113","T17",10,0,2016-08-28,2016-09-12,16,0,16,"North_Chagrin",NA,"summer","summer.forage"
"NC1113","T18",1,0,2016-09-13,2016-09-28,16,0,16,"North_Chagrin",NA,"autumn","summer.forage"
"NC1113","T19",8,0,2016-09-29,2016-10-14,16,0,16,"North_Chagrin",NA,"autumn","rut"
"NC1113","T2",1,0,2017-01-17,2017-02-01,16,0,16,"North_Chagrin",NA,"winter","winter.forage"
"NC1113","T20",3,0,2016-10-15,2016-10-30,16,0,16,"North_Chagrin",NA,"autumn","rut"
"NC1113","T21",15,1,2016-10-31,2016-11-15,16,0,16,"North_Chagrin",NA,"autumn","rut"
"NC1113","T22",5,1,2016-11-16,2016-12-01,16,0,16,"North_Chagrin",NA,"autumn","rut"
"NC1113","T23",1,0,2016-12-02,2016-12-17,16,0,16,"North_Chagrin",NA,"autumn","rut"
"NC1113","T24",0,0,2016-12-18,2016-12-31,14,0,14,"North_Chagrin",NA,"winter","rut"
"NC1113","T3",4,0,2017-02-02,2017-02-17,16,0,16,"North_Chagrin",NA,"winter","winter.forage"
"NC1113","T4",5,0,2017-02-18,2017-03-05,16,0,16,"North_Chagrin",NA,"winter","winter.forage"
"NC1113","T5",2,1,2017-03-06,2017-03-21,16,0,16,"North_Chagrin",NA,"winter","winter.forage"
"NC1113","T6",1,0,2017-03-22,2017-04-06,16,0,16,"North_Chagrin",NA,"spring","winter.forage"
"NC1113","T7",5,0,2017-04-07,2017-04-22,16,0,16,"North_Chagrin",NA,"spring","fawning"
"NC1113","T8",5,1,2017-04-23,2017-05-08,16,0,16,"North_Chagrin",NA,"spring","fawning"
"NC1113","T9",5,0,2017-05-09,2017-05-24,16,0,16,"North_Chagrin",NA,"spring","fawning"
"NC1120","T1",7,0,2017-01-01,2017-01-16,16,0,16,"North_Chagrin",NA,"winter","winter.forage"
"NC1120","T10",12,0,2017-05-25,2017-06-09,16,0,16,"North_Chagrin",NA,"spring","fawning"
"NC1120","T11",7,0,2017-06-10,2017-06-25,16,0,16,"North_Chagrin",NA,"spring","fawning"
"NC1120","T12",2,0,2017-06-26,2017-06-30,5,0,5,"North_Chagrin",NA,"summer","fawning"
"NC1120","T13",2,0,2016-07-01,2016-07-10,10,0,10,"North_Chagrin",NA,"summer","summer.forage"
"NC1120","T14",1,0,2016-07-11,2016-07-26,16,0,16,"North_Chagrin",NA,"summer","summer.forage"
"NC1120","T15",3,0,2016-07-27,2016-08-11,16,0,16,"North_Chagrin",NA,"summer","summer.forage"
"NC1120","T16",3,0,2016-08-12,2016-08-27,16,0,16,"North_Chagrin",NA,"summer","summer.forage"
"NC1120","T17",1,0,2016-08-28,2016-09-12,16,0,16,"North_Chagrin",NA,"summer","summer.forage"
"NC1120","T18",4,0,2016-09-13,2016-09-28,16,0,16,"North_Chagrin",NA,"autumn","summer.forage"
"NC1120","T19",6,0,2016-09-29,2016-10-14,16,0,16,"North_Chagrin",NA,"autumn","rut"
"NC1120","T2",18,0,2017-01-17,2017-02-01,16,0,16,"North_Chagrin",NA,"winter","winter.forage"
"NC1120","T20",3,1,2016-10-15,2016-10-30,16,0,16,"North_Chagrin",NA,"autumn","rut"
"NC1120","T21",5,0,2016-10-31,2016-11-15,16,0,16,"North_Chagrin",NA,"autumn","rut"
"NC1120","T22",8,0,2016-11-16,2016-12-01,16,0,16,"North_Chagrin",NA,"autumn","rut"
"NC1120","T23",5,0,2016-12-02,2016-12-17,16,0,16,"North_Chagrin",NA,"autumn","rut"
"NC1120","T24",5,0,2016-12-18,2016-12-31,14,0,14,"North_Chagrin",NA,"winter","rut"
"NC1120","T3",8,0,2017-02-02,2017-02-17,16,0,16,"North_Chagrin",NA,"winter","winter.forage"
"NC1120","T4",6,0,2017-02-18,2017-03-05,16,0,16,"North_Chagrin",NA,"winter","winter.forage"
"NC1120","T5",0,0,2017-03-06,2017-03-21,16,0,16,"North_Chagrin",NA,"winter","winter.forage"
"NC1120","T6",3,1,2017-03-22,2017-04-06,16,0,16,"North_Chagrin",NA,"spring","winter.forage"
"NC1120","T7",13,0,2017-04-07,2017-04-22,16,0,16,"North_Chagrin",NA,"spring","fawning"
"NC1120","T8",6,0,2017-04-23,2017-05-08,16,0,16,"North_Chagrin",NA,"spring","fawning"
"NC1120","T9",2,0,2017-05-09,2017-05-24,16,0,16,"North_Chagrin",NA,"spring","fawning"
"NC1129","T1",7,0,2017-01-01,2017-01-16,16,0,16,"North_Chagrin",NA,"winter","winter.forage"
"NC1129","T10",5,1,2017-05-25,2017-06-09,16,0,16,"North_Chagrin",NA,"spring","fawning"
"NC1129","T11",1,0,2017-06-10,2017-06-25,16,0,16,"North_Chagrin",NA,"spring","fawning"
"NC1129","T12",0,0,2017-06-26,2017-06-30,5,0,5,"North_Chagrin",NA,"summer","fawning"
"NC1129","T13",8,0,2016-07-01,2016-07-10,10,0,10,"North_Chagrin",NA,"summer","summer.forage"
"NC1129","T14",7,0,2016-07-11,2016-07-26,16,0,16,"North_Chagrin",NA,"summer","summer.forage"
"NC1129","T15",3,0,2016-07-27,2016-08-11,16,0,16,"North_Chagrin",NA,"summer","summer.forage"
"NC1129","T16",9,0,2016-08-12,2016-08-27,16,0,16,"North_Chagrin",NA,"summer","summer.forage"
"NC1129","T17",0,1,2016-08-28,2016-09-12,16,0,16,"North_Chagrin",NA,"summer","summer.forage"
"NC1129","T18",17,1,2016-09-13,2016-09-28,16,0,16,"North_Chagrin",NA,"autumn","summer.forage"
"NC1129","T19",32,0,2016-09-29,2016-10-14,16,0,16,"North_Chagrin",NA,"autumn","rut"
"NC1129","T2",6,0,2017-01-17,2017-02-01,16,0,16,"North_Chagrin",NA,"winter","winter.forage"
"NC1129","T20",22,0,2016-10-15,2016-10-30,16,0,16,"North_Chagrin",NA,"autumn","rut"
"NC1129","T21",56,0,2016-10-31,2016-11-15,16,0,16,"North_Chagrin",NA,"autumn","rut"
"NC1129","T22",39,0,2016-11-16,2016-12-01,16,0,16,"North_Chagrin",NA,"autumn","rut"
"NC1129","T23",18,0,2016-12-02,2016-12-17,16,0,16,"North_Chagrin",NA,"autumn","rut"
"NC1129","T24",8,1,2016-12-18,2016-12-31,14,0,14,"North_Chagrin",NA,"winter","rut"
"NC1129","T3",13,0,2017-02-02,2017-02-17,16,0,16,"North_Chagrin",NA,"winter","winter.forage"
"NC1129","T4",12,0,2017-02-18,2017-03-05,16,0,16,"North_Chagrin",NA,"winter","winter.forage"
"NC1129","T5",10,0,2017-03-06,2017-03-21,16,0,16,"North_Chagrin",NA,"winter","winter.forage"
"NC1129","T6",10,0,2017-03-22,2017-04-06,16,0,16,"North_Chagrin",NA,"spring","winter.forage"
"NC1129","T7",1,0,2017-04-07,2017-04-22,16,0,16,"North_Chagrin",NA,"spring","fawning"
"NC1129","T8",7,0,2017-04-23,2017-05-08,16,0,16,"North_Chagrin",NA,"spring","fawning"
"NC1129","T9",1,1,2017-05-09,2017-05-24,16,0,16,"North_Chagrin",NA,"spring","fawning"
"NC1140","T1",3,2,2017-01-01,2017-01-16,16,0,16,"North_Chagrin",NA,"winter","winter.forage"
"NC1140","T10",10,0,2017-05-25,2017-06-09,16,0,16,"North_Chagrin",NA,"spring","fawning"
"NC1140","T11",3,1,2017-06-10,2017-06-25,16,0,16,"North_Chagrin",NA,"spring","fawning"
"NC1140","T12",0,1,2017-06-26,2017-06-30,5,0,5,"North_Chagrin",NA,"summer","fawning"
"NC1140","T13",0,0,2016-07-01,2016-07-10,10,0,10,"North_Chagrin",NA,"summer","summer.forage"
"NC1140","T14",0,0,2016-07-11,2016-07-26,16,0,16,"North_Chagrin",NA,"summer","summer.forage"
"NC1140","T15",5,0,2016-07-27,2016-08-11,16,0,16,"North_Chagrin",NA,"summer","summer.forage"
"NC1140","T16",7,2,2016-08-12,2016-08-27,16,0,16,"North_Chagrin",NA,"summer","summer.forage"
"NC1140","T17",2,6,2016-08-28,2016-09-12,16,0,16,"North_Chagrin",NA,"summer","summer.forage"
"NC1140","T18",6,2,2016-09-13,2016-09-28,16,0,16,"North_Chagrin",NA,"autumn","summer.forage"
"NC1140","T19",23,3,2016-09-29,2016-10-14,16,0,16,"North_Chagrin",NA,"autumn","rut"
"NC1140","T2",12,3,2017-01-17,2017-02-01,16,0,16,"North_Chagrin",NA,"winter","winter.forage"
"NC1140","T20",27,6,2016-10-15,2016-10-30,16,0,16,"North_Chagrin",NA,"autumn","rut"
"NC1140","T21",40,1,2016-10-31,2016-11-15,16,0,16,"North_Chagrin",NA,"autumn","rut"
"NC1140","T22",11,0,2016-11-16,2016-12-01,16,0,16,"North_Chagrin",NA,"autumn","rut"
"NC1140","T23",0,0,2016-12-02,2016-12-17,16,0,16,"North_Chagrin",NA,"autumn","rut"
"NC1140","T24",1,0,2016-12-18,2016-12-31,14,0,14,"North_Chagrin",NA,"winter","rut"
"NC1140","T3",4,0,2017-02-02,2017-02-17,16,0,16,"North_Chagrin",NA,"winter","winter.forage"
"NC1140","T4",2,3,2017-02-18,2017-03-05,16,0,16,"North_Chagrin",NA,"winter","winter.forage"
"NC1140","T5",1,0,2017-03-06,2017-03-21,16,0,16,"North_Chagrin",NA,"winter","winter.forage"
"NC1140","T6",2,1,2017-03-22,2017-04-06,16,0,16,"North_Chagrin",NA,"spring","winter.forage"
"NC1140","T7",0,0,2017-04-07,2017-04-22,16,0,16,"North_Chagrin",NA,"spring","fawning"
"NC1140","T8",7,1,2017-04-23,2017-05-08,16,0,16,"North_Chagrin",NA,"spring","fawning"
"NC1140","T9",3,0,2017-05-09,2017-05-24,16,0,16,"North_Chagrin",NA,"spring","fawning"
"NC1145","T1",1,0,2017-01-01,2017-01-16,16,0,16,"North_Chagrin",NA,"winter","winter.forage"
"NC1145","T10",0,1,2017-05-25,2017-06-09,16,0,16,"North_Chagrin",NA,"spring","fawning"
"NC1145","T11",2,0,2017-06-10,2017-06-25,16,0,16,"North_Chagrin",NA,"spring","fawning"
"NC1145","T12",0,0,2017-06-26,2017-06-30,5,0,5,"North_Chagrin",NA,"summer","fawning"
"NC1145","T13",0,0,2016-07-01,2016-07-10,10,0,10,"North_Chagrin",NA,"summer","summer.forage"
"NC1145","T14",0,0,2016-07-11,2016-07-26,16,0,16,"North_Chagrin",NA,"summer","summer.forage"
"NC1145","T15",2,1,2016-07-27,2016-08-11,16,0,16,"North_Chagrin",NA,"summer","summer.forage"
"NC1145","T16",5,1,2016-08-12,2016-08-27,16,0,16,"North_Chagrin",NA,"summer","summer.forage"
"NC1145","T17",4,0,2016-08-28,2016-09-12,16,0,16,"North_Chagrin",NA,"summer","summer.forage"
"NC1145","T18",3,0,2016-09-13,2016-09-28,16,0,16,"North_Chagrin",NA,"autumn","summer.forage"
"NC1145","T19",5,0,2016-09-29,2016-10-14,16,0,16,"North_Chagrin",NA,"autumn","rut"
"NC1145","T2",1,1,2017-01-17,2017-02-01,16,0,16,"North_Chagrin",NA,"winter","winter.forage"
"NC1145","T20",3,0,2016-10-15,2016-10-30,16,0,16,"North_Chagrin",NA,"autumn","rut"
"NC1145","T21",2,1,2016-10-31,2016-11-15,16,0,16,"North_Chagrin",NA,"autumn","rut"
"NC1145","T22",4,0,2016-11-16,2016-12-01,16,0,16,"North_Chagrin",NA,"autumn","rut"
"NC1145","T23",0,0,2016-12-02,2016-12-17,16,0,16,"North_Chagrin",NA,"autumn","rut"
"NC1145","T24",1,0,2016-12-18,2016-12-31,14,0,14,"North_Chagrin",NA,"winter","rut"
"NC1145","T3",0,0,2017-02-02,2017-02-17,16,0,16,"North_Chagrin",NA,"winter","winter.forage"
"NC1145","T4",1,1,2017-02-18,2017-03-05,16,0,16,"North_Chagrin",NA,"winter","winter.forage"
"NC1145","T5",0,1,2017-03-06,2017-03-21,16,0,16,"North_Chagrin",NA,"winter","winter.forage"
"NC1145","T6",0,0,2017-03-22,2017-04-06,16,0,16,"North_Chagrin",NA,"spring","winter.forage"
"NC1145","T7",3,0,2017-04-07,2017-04-22,16,0,16,"North_Chagrin",NA,"spring","fawning"
"NC1145","T8",1,0,2017-04-23,2017-05-08,16,0,16,"North_Chagrin",NA,"spring","fawning"
"NC1145","T9",2,0,2017-05-09,2017-05-24,16,0,16,"North_Chagrin",NA,"spring","fawning"
"NC1156","T1",6,2,2017-01-01,2017-01-16,16,0,16,"North_Chagrin",NA,"winter","winter.forage"
"NC1156","T10",13,0,2017-05-25,2017-06-09,16,0,16,"North_Chagrin",NA,"spring","fawning"
"NC1156","T11",39,1,2017-06-10,2017-06-25,16,0,16,"North_Chagrin",NA,"spring","fawning"
"NC1156","T12",2,0,2017-06-26,2017-06-30,5,0,5,"North_Chagrin",NA,"summer","fawning"
"NC1156","T13",29,0,2016-07-01,2016-07-10,10,0,10,"North_Chagrin",NA,"summer","summer.forage"
"NC1156","T14",25,0,2016-07-11,2016-07-26,16,0,16,"North_Chagrin",NA,"summer","summer.forage"
"NC1156","T15",39,0,2016-07-27,2016-08-11,16,0,16,"North_Chagrin",NA,"summer","summer.forage"
"NC1156","T16",31,0,2016-08-12,2016-08-27,16,0,16,"North_Chagrin",NA,"summer","summer.forage"
"NC1156","T17",39,0,2016-08-28,2016-09-12,16,0,16,"North_Chagrin",NA,"summer","summer.forage"
"NC1156","T18",29,1,2016-09-13,2016-09-28,16,0,16,"North_Chagrin",NA,"autumn","summer.forage"
"NC1156","T19",38,2,2016-09-29,2016-10-14,16,0,16,"North_Chagrin",NA,"autumn","rut"
"NC1156","T2",5,0,2017-01-17,2017-02-01,16,0,16,"North_Chagrin",NA,"winter","winter.forage"
"NC1156","T20",83,0,2016-10-15,2016-10-30,16,0,16,"North_Chagrin",NA,"autumn","rut"
"NC1156","T21",102,0,2016-10-31,2016-11-15,16,0,16,"North_Chagrin",NA,"autumn","rut"
"NC1156","T22",56,1,2016-11-16,2016-12-01,16,0,16,"North_Chagrin",NA,"autumn","rut"
"NC1156","T23",4,0,2016-12-02,2016-12-17,16,0,16,"North_Chagrin",NA,"autumn","rut"
"NC1156","T24",2,1,2016-12-18,2016-12-31,14,0,14,"North_Chagrin",NA,"winter","rut"
"NC1156","T3",2,8,2017-02-02,2017-02-17,16,0,16,"North_Chagrin",NA,"winter","winter.forage"
"NC1156","T4",2,8,2017-02-18,2017-03-05,16,0,16,"North_Chagrin",NA,"winter","winter.forage"
"NC1156","T5",2,1,2017-03-06,2017-03-21,16,0,16,"North_Chagrin",NA,"winter","winter.forage"
"NC1156","T6",26,2,2017-03-22,2017-04-06,16,0,16,"North_Chagrin",NA,"spring","winter.forage"
"NC1156","T7",17,2,2017-04-07,2017-04-22,16,0,16,"North_Chagrin",NA,"spring","fawning"
"NC1156","T8",18,1,2017-04-23,2017-05-08,16,0,16,"North_Chagrin",NA,"spring","fawning"
"NC1156","T9",14,0,2017-05-09,2017-05-24,16,0,16,"North_Chagrin",NA,"spring","fawning"
"NC1161","T1",2,0,2017-01-01,2017-01-16,16,0,16,"North_Chagrin",NA,"winter","winter.forage"
"NC1161","T10",18,0,2017-05-25,2017-06-09,16,0,16,"North_Chagrin",NA,"spring","fawning"
"NC1161","T11",24,0,2017-06-10,2017-06-25,16,0,16,"North_Chagrin",NA,"spring","fawning"
"NC1161","T12",0,0,2017-06-26,2017-06-30,5,0,5,"North_Chagrin",NA,"summer","fawning"
"NC1161","T13",4,0,2016-07-01,2016-07-10,10,0,10,"North_Chagrin",NA,"summer","summer.forage"
"NC1161","T14",13,0,2016-07-11,2016-07-26,16,0,16,"North_Chagrin",NA,"summer","summer.forage"
"NC1161","T15",5,0,2016-07-27,2016-08-11,16,0,16,"North_Chagrin",NA,"summer","summer.forage"
"NC1161","T16",7,0,2016-08-12,2016-08-27,16,0,16,"North_Chagrin",NA,"summer","summer.forage"
"NC1161","T17",5,1,2016-08-28,2016-09-12,16,0,16,"North_Chagrin",NA,"summer","summer.forage"
"NC1161","T18",5,0,2016-09-13,2016-09-28,16,0,16,"North_Chagrin",NA,"autumn","summer.forage"
"NC1161","T19",4,0,2016-09-29,2016-10-14,16,0,16,"North_Chagrin",NA,"autumn","rut"
"NC1161","T2",10,1,2017-01-17,2017-02-01,16,0,16,"North_Chagrin",NA,"winter","winter.forage"
"NC1161","T20",0,1,2016-10-15,2016-10-30,16,0,16,"North_Chagrin",NA,"autumn","rut"
"NC1161","T21",12,1,2016-10-31,2016-11-15,16,0,16,"North_Chagrin",NA,"autumn","rut"
"NC1161","T22",9,0,2016-11-16,2016-12-01,16,0,16,"North_Chagrin",NA,"autumn","rut"
"NC1161","T23",2,0,2016-12-02,2016-12-17,16,0,16,"North_Chagrin",NA,"autumn","rut"
"NC1161","T24",6,0,2016-12-18,2016-12-31,14,0,14,"North_Chagrin",NA,"winter","rut"
"NC1161","T3",11,0,2017-02-02,2017-02-17,16,0,16,"North_Chagrin",NA,"winter","winter.forage"
"NC1161","T4",8,0,2017-02-18,2017-03-05,16,0,16,"North_Chagrin",NA,"winter","winter.forage"
"NC1161","T5",2,0,2017-03-06,2017-03-21,16,0,16,"North_Chagrin",NA,"winter","winter.forage"
"NC1161","T6",4,1,2017-03-22,2017-04-06,16,0,16,"North_Chagrin",NA,"spring","winter.forage"
"NC1161","T7",6,2,2017-04-07,2017-04-22,16,0,16,"North_Chagrin",NA,"spring","fawning"
"NC1161","T8",2,1,2017-04-23,2017-05-08,16,0,16,"North_Chagrin",NA,"spring","fawning"
"NC1161","T9",9,0,2017-05-09,2017-05-24,16,0,16,"North_Chagrin",NA,"spring","fawning"
"NC1168","T1",4,1,2017-01-01,2017-01-16,16,0,16,"North_Chagrin",NA,"winter","winter.forage"
"NC1168","T10",15,2,2017-05-25,2017-06-09,16,0,16,"North_Chagrin",NA,"spring","fawning"
"NC1168","T11",11,0,2017-06-10,2017-06-25,16,0,16,"North_Chagrin",NA,"spring","fawning"
"NC1168","T12",8,0,2017-06-26,2017-06-30,5,0,5,"North_Chagrin",NA,"summer","fawning"
"NC1168","T13",17,2,2016-07-01,2016-07-10,10,0,10,"North_Chagrin",NA,"summer","summer.forage"
"NC1168","T14",18,3,2016-07-11,2016-07-26,16,0,16,"North_Chagrin",NA,"summer","summer.forage"
"NC1168","T15",15,0,2016-07-27,2016-08-11,16,0,16,"North_Chagrin",NA,"summer","summer.forage"
"NC1168","T16",7,0,2016-08-12,2016-08-27,16,0,16,"North_Chagrin",NA,"summer","summer.forage"
"NC1168","T17",1,0,2016-08-28,2016-09-12,16,10,6,"North_Chagrin",NA,"summer","summer.forage"
"NC1168","T18",0,0,2016-09-13,2016-09-28,16,6,10,"North_Chagrin",NA,"autumn","summer.forage"
"NC1168","T19",7,1,2016-09-29,2016-10-14,16,0,16,"North_Chagrin",NA,"autumn","rut"
"NC1168","T2",12,0,2017-01-17,2017-02-01,16,0,16,"North_Chagrin",NA,"winter","winter.forage"
"NC1168","T20",16,0,2016-10-15,2016-10-30,16,0,16,"North_Chagrin",NA,"autumn","rut"
"NC1168","T21",27,0,2016-10-31,2016-11-15,16,0,16,"North_Chagrin",NA,"autumn","rut"
"NC1168","T22",54,0,2016-11-16,2016-12-01,16,0,16,"North_Chagrin",NA,"autumn","rut"
"NC1168","T23",12,1,2016-12-02,2016-12-17,16,0,16,"North_Chagrin",NA,"autumn","rut"
"NC1168","T24",11,0,2016-12-18,2016-12-31,14,0,14,"North_Chagrin",NA,"winter","rut"
"NC1168","T3",13,2,2017-02-02,2017-02-17,16,0,16,"North_Chagrin",NA,"winter","winter.forage"
"NC1168","T4",6,0,2017-02-18,2017-03-05,16,0,16,"North_Chagrin",NA,"winter","winter.forage"
"NC1168","T5",6,0,2017-03-06,2017-03-21,16,0,16,"North_Chagrin",NA,"winter","winter.forage"
"NC1168","T6",16,0,2017-03-22,2017-04-06,16,0,16,"North_Chagrin",NA,"spring","winter.forage"
"NC1168","T7",13,0,2017-04-07,2017-04-22,16,0,16,"North_Chagrin",NA,"spring","fawning"
"NC1168","T8",14,0,2017-04-23,2017-05-08,16,0,16,"North_Chagrin",NA,"spring","fawning"
"NC1168","T9",17,1,2017-05-09,2017-05-24,16,0,16,"North_Chagrin",NA,"spring","fawning"
"NC1177","T1",9,0,2017-01-01,2017-01-16,16,0,16,"North_Chagrin",NA,"winter","winter.forage"
"NC1177","T10",18,1,2017-05-25,2017-06-09,16,0,16,"North_Chagrin",NA,"spring","fawning"
"NC1177","T11",13,0,2017-06-10,2017-06-25,16,0,16,"North_Chagrin",NA,"spring","fawning"
"NC1177","T12",9,1,2017-06-26,2017-06-30,5,0,5,"North_Chagrin",NA,"summer","fawning"
"NC1177","T13",9,0,2016-07-01,2016-07-10,10,0,10,"North_Chagrin",NA,"summer","summer.forage"
"NC1177","T14",11,1,2016-07-11,2016-07-26,16,0,16,"North_Chagrin",NA,"summer","summer.forage"
"NC1177","T15",11,2,2016-07-27,2016-08-11,16,0,16,"North_Chagrin",NA,"summer","summer.forage"
"NC1177","T16",6,1,2016-08-12,2016-08-27,16,0,16,"North_Chagrin",NA,"summer","summer.forage"
"NC1177","T17",11,0,2016-08-28,2016-09-12,16,0,16,"North_Chagrin",NA,"summer","summer.forage"
"NC1177","T18",3,0,2016-09-13,2016-09-28,16,0,16,"North_Chagrin",NA,"autumn","summer.forage"
"NC1177","T19",5,0,2016-09-29,2016-10-14,16,0,16,"North_Chagrin",NA,"autumn","rut"
"NC1177","T2",4,5,2017-01-17,2017-02-01,16,0,16,"North_Chagrin",NA,"winter","winter.forage"
"NC1177","T20",8,0,2016-10-15,2016-10-30,16,0,16,"North_Chagrin",NA,"autumn","rut"
"NC1177","T21",59,0,2016-10-31,2016-11-15,16,0,16,"North_Chagrin",NA,"autumn","rut"
"NC1177","T22",30,1,2016-11-16,2016-12-01,16,0,16,"North_Chagrin",NA,"autumn","rut"
"NC1177","T23",10,0,2016-12-02,2016-12-17,16,0,16,"North_Chagrin",NA,"autumn","rut"
"NC1177","T24",19,1,2016-12-18,2016-12-31,14,0,14,"North_Chagrin",NA,"winter","rut"
"NC1177","T3",4,2,2017-02-02,2017-02-17,16,0,16,"North_Chagrin",NA,"winter","winter.forage"
"NC1177","T4",7,1,2017-02-18,2017-03-05,16,0,16,"North_Chagrin",NA,"winter","winter.forage"
"NC1177","T5",2,3,2017-03-06,2017-03-21,16,0,16,"North_Chagrin",NA,"winter","winter.forage"
"NC1177","T6",1,1,2017-03-22,2017-04-06,16,0,16,"North_Chagrin",NA,"spring","winter.forage"
"NC1177","T7",15,1,2017-04-07,2017-04-22,16,0,16,"North_Chagrin",NA,"spring","fawning"
"NC1177","T8",8,2,2017-04-23,2017-05-08,16,0,16,"North_Chagrin",NA,"spring","fawning"
"NC1177","T9",16,1,2017-05-09,2017-05-24,16,0,16,"North_Chagrin",NA,"spring","fawning"
"NC1184","T1",4,2,2017-01-01,2017-01-16,16,0,16,"North_Chagrin",NA,"winter","winter.forage"
"NC1184","T10",8,2,2017-05-25,2017-06-09,16,0,16,"North_Chagrin",NA,"spring","fawning"
"NC1184","T11",9,0,2017-06-10,2017-06-25,16,0,16,"North_Chagrin",NA,"spring","fawning"
"NC1184","T12",7,0,2017-06-26,2017-06-30,5,0,5,"North_Chagrin",NA,"summer","fawning"
"NC1184","T13",10,1,2016-07-01,2016-07-10,10,0,10,"North_Chagrin",NA,"summer","summer.forage"
"NC1184","T14",10,0,2016-07-11,2016-07-26,16,0,16,"North_Chagrin",NA,"summer","summer.forage"
"NC1184","T15",19,0,2016-07-27,2016-08-11,16,0,16,"North_Chagrin",NA,"summer","summer.forage"
"NC1184","T16",8,0,2016-08-12,2016-08-27,16,0,16,"North_Chagrin",NA,"summer","summer.forage"
"NC1184","T17",8,0,2016-08-28,2016-09-12,16,0,16,"North_Chagrin",NA,"summer","summer.forage"
"NC1184","T18",17,0,2016-09-13,2016-09-28,16,0,16,"North_Chagrin",NA,"autumn","summer.forage"
"NC1184","T19",9,0,2016-09-29,2016-10-14,16,0,16,"North_Chagrin",NA,"autumn","rut"
"NC1184","T2",14,2,2017-01-17,2017-02-01,16,0,16,"North_Chagrin",NA,"winter","winter.forage"
"NC1184","T20",10,1,2016-10-15,2016-10-30,16,0,16,"North_Chagrin",NA,"autumn","rut"
"NC1184","T21",19,0,2016-10-31,2016-11-15,16,0,16,"North_Chagrin",NA,"autumn","rut"
"NC1184","T22",12,1,2016-11-16,2016-12-01,16,0,16,"North_Chagrin",NA,"autumn","rut"
"NC1184","T23",3,0,2016-12-02,2016-12-17,16,0,16,"North_Chagrin",NA,"autumn","rut"
"NC1184","T24",4,4,2016-12-18,2016-12-31,14,0,14,"North_Chagrin",NA,"winter","rut"
"NC1184","T3",5,0,2017-02-02,2017-02-17,16,0,16,"North_Chagrin",NA,"winter","winter.forage"
"NC1184","T4",7,1,2017-02-18,2017-03-05,16,0,16,"North_Chagrin",NA,"winter","winter.forage"
"NC1184","T5",1,0,2017-03-06,2017-03-21,16,0,16,"North_Chagrin",NA,"winter","winter.forage"
"NC1184","T6",3,2,2017-03-22,2017-04-06,16,0,16,"North_Chagrin",NA,"spring","winter.forage"
"NC1184","T7",6,1,2017-04-07,2017-04-22,16,0,16,"North_Chagrin",NA,"spring","fawning"
"NC1184","T8",1,0,2017-04-23,2017-05-08,16,0,16,"North_Chagrin",NA,"spring","fawning"
"NC1184","T9",11,1,2017-05-09,2017-05-24,16,0,16,"North_Chagrin",NA,"spring","fawning"
"NC1193","T1",2,0,2017-01-01,2017-01-16,16,0,16,"North_Chagrin",NA,"winter","winter.forage"
"NC1193","T10",1,0,2017-05-25,2017-06-09,16,0,16,"North_Chagrin",NA,"spring","fawning"
"NC1193","T11",1,0,2017-06-10,2017-06-25,16,0,16,"North_Chagrin",NA,"spring","fawning"
"NC1193","T12",0,0,2017-06-26,2017-06-30,5,0,5,"North_Chagrin",NA,"summer","fawning"
"NC1193","T13",1,0,2016-07-01,2016-07-10,10,0,10,"North_Chagrin",NA,"summer","summer.forage"
"NC1193","T14",0,0,2016-07-11,2016-07-26,16,0,16,"North_Chagrin",NA,"summer","summer.forage"
"NC1193","T15",1,0,2016-07-27,2016-08-11,16,0,16,"North_Chagrin",NA,"summer","summer.forage"
"NC1193","T16",0,0,2016-08-12,2016-08-27,16,0,16,"North_Chagrin",NA,"summer","summer.forage"
"NC1193","T17",0,0,2016-08-28,2016-09-12,16,0,16,"North_Chagrin",NA,"summer","summer.forage"
"NC1193","T18",1,0,2016-09-13,2016-09-28,16,0,16,"North_Chagrin",NA,"autumn","summer.forage"
"NC1193","T19",2,0,2016-09-29,2016-10-14,16,0,16,"North_Chagrin",NA,"autumn","rut"
"NC1193","T2",0,1,2017-01-17,2017-02-01,16,0,16,"North_Chagrin",NA,"winter","winter.forage"
"NC1193","T20",5,0,2016-10-15,2016-10-30,16,0,16,"North_Chagrin",NA,"autumn","rut"
"NC1193","T21",8,0,2016-10-31,2016-11-15,16,0,16,"North_Chagrin",NA,"autumn","rut"
"NC1193","T22",2,0,2016-11-16,2016-12-01,16,0,16,"North_Chagrin",NA,"autumn","rut"
"NC1193","T23",2,0,2016-12-02,2016-12-17,16,0,16,"North_Chagrin",NA,"autumn","rut"
"NC1193","T24",0,0,2016-12-18,2016-12-31,14,0,14,"North_Chagrin",NA,"winter","rut"
"NC1193","T3",3,0,2017-02-02,2017-02-17,16,0,16,"North_Chagrin",NA,"winter","winter.forage"
"NC1193","T4",1,0,2017-02-18,2017-03-05,16,0,16,"North_Chagrin",NA,"winter","winter.forage"
"NC1193","T5",2,0,2017-03-06,2017-03-21,16,0,16,"North_Chagrin",NA,"winter","winter.forage"
"NC1193","T6",9,0,2017-03-22,2017-04-06,16,0,16,"North_Chagrin",NA,"spring","winter.forage"
"NC1193","T7",4,0,2017-04-07,2017-04-22,16,0,16,"North_Chagrin",NA,"spring","fawning"
"NC1193","T8",0,0,2017-04-23,2017-05-08,16,0,16,"North_Chagrin",NA,"spring","fawning"
"NC1193","T9",1,0,2017-05-09,2017-05-24,16,0,16,"North_Chagrin",NA,"spring","fawning"
"OE1052","T1",0,4,2017-01-01,2017-01-16,16,0,16,"Ohio_Erie_Canal",NA,"winter","winter.forage"
"OE1052","T10",4,1,2017-05-25,2017-06-09,16,0,16,"Ohio_Erie_Canal",NA,"spring","fawning"
"OE1052","T11",32,0,2017-06-10,2017-06-25,16,0,16,"Ohio_Erie_Canal",NA,"spring","fawning"
"OE1052","T12",3,0,2017-06-26,2017-06-30,5,0,5,"Ohio_Erie_Canal",NA,"summer","fawning"
"OE1052","T13",4,0,2016-07-01,2016-07-10,10,0,10,"Ohio_Erie_Canal",NA,"summer","summer.forage"
"OE1052","T14",5,0,2016-07-11,2016-07-26,16,0,16,"Ohio_Erie_Canal",NA,"summer","summer.forage"
"OE1052","T15",11,0,2016-07-27,2016-08-11,16,0,16,"Ohio_Erie_Canal",NA,"summer","summer.forage"
"OE1052","T16",4,0,2016-08-12,2016-08-27,16,0,16,"Ohio_Erie_Canal",NA,"summer","summer.forage"
"OE1052","T17",11,0,2016-08-28,2016-09-12,16,0,16,"Ohio_Erie_Canal",NA,"summer","summer.forage"
"OE1052","T18",10,0,2016-09-13,2016-09-28,16,0,16,"Ohio_Erie_Canal",NA,"autumn","summer.forage"
"OE1052","T19",6,1,2016-09-29,2016-10-14,16,0,16,"Ohio_Erie_Canal",NA,"autumn","rut"
"OE1052","T2",0,3,2017-01-17,2017-02-01,16,0,16,"Ohio_Erie_Canal",NA,"winter","winter.forage"
"OE1052","T20",18,1,2016-10-15,2016-10-30,16,0,16,"Ohio_Erie_Canal",NA,"autumn","rut"
"OE1052","T21",28,1,2016-10-31,2016-11-15,16,0,16,"Ohio_Erie_Canal",NA,"autumn","rut"
"OE1052","T22",6,1,2016-11-16,2016-12-01,16,0,16,"Ohio_Erie_Canal",NA,"autumn","rut"
"OE1052","T23",3,5,2016-12-02,2016-12-17,16,0,16,"Ohio_Erie_Canal",NA,"autumn","rut"
"OE1052","T24",1,1,2016-12-18,2016-12-31,14,0,14,"Ohio_Erie_Canal",NA,"winter","rut"
"OE1052","T3",0,2,2017-02-02,2017-02-17,16,0,16,"Ohio_Erie_Canal",NA,"winter","winter.forage"
"OE1052","T4",1,0,2017-02-18,2017-03-05,16,0,16,"Ohio_Erie_Canal",NA,"winter","winter.forage"
"OE1052","T5",2,1,2017-03-06,2017-03-21,16,0,16,"Ohio_Erie_Canal",NA,"winter","winter.forage"
"OE1052","T6",0,0,2017-03-22,2017-04-06,16,0,16,"Ohio_Erie_Canal",NA,"spring","winter.forage"
"OE1052","T7",6,1,2017-04-07,2017-04-22,16,0,16,"Ohio_Erie_Canal",NA,"spring","fawning"
"OE1052","T8",18,1,2017-04-23,2017-05-08,16,0,16,"Ohio_Erie_Canal",NA,"spring","fawning"
"OE1052","T9",10,0,2017-05-09,2017-05-24,16,0,16,"Ohio_Erie_Canal",NA,"spring","fawning"
"OE1116","T1",6,0,2017-01-01,2017-01-16,16,0,16,"Ohio_Erie_Canal",NA,"winter","winter.forage"
"OE1116","T10",13,0,2017-05-25,2017-06-09,16,0,16,"Ohio_Erie_Canal",NA,"spring","fawning"
"OE1116","T11",11,1,2017-06-10,2017-06-25,16,0,16,"Ohio_Erie_Canal",NA,"spring","fawning"
"OE1116","T12",0,0,2017-06-26,2017-06-30,5,0,5,"Ohio_Erie_Canal",NA,"summer","fawning"
"OE1116","T13",7,0,2016-07-01,2016-07-10,10,0,10,"Ohio_Erie_Canal",NA,"summer","summer.forage"
"OE1116","T14",12,1,2016-07-11,2016-07-26,16,1,15,"Ohio_Erie_Canal",NA,"summer","summer.forage"
"OE1116","T15",0,0,2016-07-27,2016-08-11,16,16,0,"Ohio_Erie_Canal",NA,"summer","summer.forage"
"OE1116","T16",5,0,2016-08-12,2016-08-27,16,8,8,"Ohio_Erie_Canal",NA,"summer","summer.forage"
"OE1116","T17",10,0,2016-08-28,2016-09-12,16,0,16,"Ohio_Erie_Canal",NA,"summer","summer.forage"
"OE1116","T18",12,0,2016-09-13,2016-09-28,16,0,16,"Ohio_Erie_Canal",NA,"autumn","summer.forage"
"OE1116","T19",2,0,2016-09-29,2016-10-14,16,0,16,"Ohio_Erie_Canal",NA,"autumn","rut"
"OE1116","T2",4,4,2017-01-17,2017-02-01,16,0,16,"Ohio_Erie_Canal",NA,"winter","winter.forage"
"OE1116","T20",6,0,2016-10-15,2016-10-30,16,0,16,"Ohio_Erie_Canal",NA,"autumn","rut"
"OE1116","T21",32,0,2016-10-31,2016-11-15,16,0,16,"Ohio_Erie_Canal",NA,"autumn","rut"
"OE1116","T22",8,0,2016-11-16,2016-12-01,16,0,16,"Ohio_Erie_Canal",NA,"autumn","rut"
"OE1116","T23",13,2,2016-12-02,2016-12-17,16,0,16,"Ohio_Erie_Canal",NA,"autumn","rut"
"OE1116","T24",3,0,2016-12-18,2016-12-31,14,0,14,"Ohio_Erie_Canal",NA,"winter","rut"
"OE1116","T3",3,3,2017-02-02,2017-02-17,16,0,16,"Ohio_Erie_Canal",NA,"winter","winter.forage"
"OE1116","T4",9,7,2017-02-18,2017-03-05,16,0,16,"Ohio_Erie_Canal",NA,"winter","winter.forage"
"OE1116","T5",1,16,2017-03-06,2017-03-21,16,0,16,"Ohio_Erie_Canal",NA,"winter","winter.forage"
"OE1116","T6",11,0,2017-03-22,2017-04-06,16,0,16,"Ohio_Erie_Canal",NA,"spring","winter.forage"
"OE1116","T7",7,1,2017-04-07,2017-04-22,16,0,16,"Ohio_Erie_Canal",NA,"spring","fawning"
"OE1116","T8",22,1,2017-04-23,2017-05-08,16,0,16,"Ohio_Erie_Canal",NA,"spring","fawning"
"OE1116","T9",3,2,2017-05-09,2017-05-24,16,0,16,"Ohio_Erie_Canal",NA,"spring","fawning"
"OE1180","T1",2,0,2017-01-01,2017-01-16,16,0,16,"Ohio_Erie_Canal",NA,"winter","winter.forage"
"OE1180","T10",20,3,2017-05-25,2017-06-09,16,0,16,"Ohio_Erie_Canal",NA,"spring","fawning"
"OE1180","T11",24,3,2017-06-10,2017-06-25,16,0,16,"Ohio_Erie_Canal",NA,"spring","fawning"
"OE1180","T12",3,0,2017-06-26,2017-06-30,5,0,5,"Ohio_Erie_Canal",NA,"summer","fawning"
"OE1180","T13",9,0,2016-07-01,2016-07-10,10,0,10,"Ohio_Erie_Canal",NA,"summer","summer.forage"
"OE1180","T14",8,0,2016-07-11,2016-07-26,16,0,16,"Ohio_Erie_Canal",NA,"summer","summer.forage"
"OE1180","T15",15,2,2016-07-27,2016-08-11,16,0,16,"Ohio_Erie_Canal",NA,"summer","summer.forage"
"OE1180","T16",11,0,2016-08-12,2016-08-27,16,0,16,"Ohio_Erie_Canal",NA,"summer","summer.forage"
"OE1180","T17",23,0,2016-08-28,2016-09-12,16,0,16,"Ohio_Erie_Canal",NA,"summer","summer.forage"
"OE1180","T18",22,0,2016-09-13,2016-09-28,16,0,16,"Ohio_Erie_Canal",NA,"autumn","summer.forage"
"OE1180","T19",15,2,2016-09-29,2016-10-14,16,0,16,"Ohio_Erie_Canal",NA,"autumn","rut"
"OE1180","T2",2,6,2017-01-17,2017-02-01,16,0,16,"Ohio_Erie_Canal",NA,"winter","winter.forage"
"OE1180","T20",42,0,2016-10-15,2016-10-30,16,0,16,"Ohio_Erie_Canal",NA,"autumn","rut"
"OE1180","T21",77,1,2016-10-31,2016-11-15,16,0,16,"Ohio_Erie_Canal",NA,"autumn","rut"
"OE1180","T22",31,0,2016-11-16,2016-12-01,16,0,16,"Ohio_Erie_Canal",NA,"autumn","rut"
"OE1180","T23",53,1,2016-12-02,2016-12-17,16,0,16,"Ohio_Erie_Canal",NA,"autumn","rut"
"OE1180","T24",4,1,2016-12-18,2016-12-31,14,0,14,"Ohio_Erie_Canal",NA,"winter","rut"
"OE1180","T3",8,3,2017-02-02,2017-02-17,16,0,16,"Ohio_Erie_Canal",NA,"winter","winter.forage"
"OE1180","T4",7,5,2017-02-18,2017-03-05,16,0,16,"Ohio_Erie_Canal",NA,"winter","winter.forage"
"OE1180","T5",0,3,2017-03-06,2017-03-21,16,0,16,"Ohio_Erie_Canal",NA,"winter","winter.forage"
"OE1180","T6",5,2,2017-03-22,2017-04-06,16,0,16,"Ohio_Erie_Canal",NA,"spring","winter.forage"
"OE1180","T7",10,3,2017-04-07,2017-04-22,16,0,16,"Ohio_Erie_Canal",NA,"spring","fawning"
"OE1180","T8",25,1,2017-04-23,2017-05-08,16,0,16,"Ohio_Erie_Canal",NA,"spring","fawning"
"OE1180","T9",37,0,2017-05-09,2017-05-24,16,0,16,"Ohio_Erie_Canal",NA,"spring","fawning"
"RR1010","T1",24,0,2017-01-01,2017-01-16,16,0,16,"Rocky_River",NA,"winter","winter.forage"
"RR1010","T10",11,1,2017-05-25,2017-06-09,16,0,16,"Rocky_River",NA,"spring","fawning"
"RR1010","T11",11,0,2017-06-10,2017-06-25,16,0,16,"Rocky_River",NA,"spring","fawning"
"RR1010","T12",1,0,2017-06-26,2017-06-30,5,0,5,"Rocky_River",NA,"summer","fawning"
"RR1010","T13",0,0,2016-07-01,2016-07-10,10,0,10,"Rocky_River",NA,"summer","summer.forage"
"RR1010","T14",22,1,2016-07-11,2016-07-26,16,0,16,"Rocky_River",NA,"summer","summer.forage"
"RR1010","T15",19,0,2016-07-27,2016-08-11,16,0,16,"Rocky_River",NA,"summer","summer.forage"
"RR1010","T16",14,0,2016-08-12,2016-08-27,16,0,16,"Rocky_River",NA,"summer","summer.forage"
"RR1010","T17",14,0,2016-08-28,2016-09-12,16,0,16,"Rocky_River",NA,"summer","summer.forage"
"RR1010","T18",12,1,2016-09-13,2016-09-28,16,0,16,"Rocky_River",NA,"autumn","summer.forage"
"RR1010","T19",15,0,2016-09-29,2016-10-14,16,0,16,"Rocky_River",NA,"autumn","rut"
"RR1010","T2",6,0,2017-01-17,2017-02-01,16,0,16,"Rocky_River",NA,"winter","winter.forage"
"RR1010","T20",41,0,2016-10-15,2016-10-30,16,0,16,"Rocky_River",NA,"autumn","rut"
"RR1010","T21",21,0,2016-10-31,2016-11-15,16,0,16,"Rocky_River",NA,"autumn","rut"
"RR1010","T22",0,0,2016-11-16,2016-12-01,16,0,16,"Rocky_River",NA,"autumn","rut"
"RR1010","T23",0,0,2016-12-02,2016-12-17,16,0,16,"Rocky_River",NA,"autumn","rut"
"RR1010","T24",13,0,2016-12-18,2016-12-31,14,0,14,"Rocky_River",NA,"winter","rut"
"RR1010","T3",7,1,2017-02-02,2017-02-17,16,0,16,"Rocky_River",NA,"winter","winter.forage"
"RR1010","T4",0,0,2017-02-18,2017-03-05,16,0,16,"Rocky_River",NA,"winter","winter.forage"
"RR1010","T5",0,0,2017-03-06,2017-03-21,16,0,16,"Rocky_River",NA,"winter","winter.forage"
"RR1010","T6",0,0,2017-03-22,2017-04-06,16,0,16,"Rocky_River",NA,"spring","winter.forage"
"RR1010","T7",6,0,2017-04-07,2017-04-22,16,0,16,"Rocky_River",NA,"spring","fawning"
"RR1010","T8",1,2,2017-04-23,2017-05-08,16,0,16,"Rocky_River",NA,"spring","fawning"
"RR1010","T9",34,1,2017-05-09,2017-05-24,16,0,16,"Rocky_River",NA,"spring","fawning"
"RR1022","T1",15,0,2017-01-01,2017-01-16,16,0,16,"Rocky_River",NA,"winter","winter.forage"
"RR1022","T10",17,0,2017-05-25,2017-06-09,16,0,16,"Rocky_River",NA,"spring","fawning"
"RR1022","T11",21,0,2017-06-10,2017-06-25,16,0,16,"Rocky_River",NA,"spring","fawning"
"RR1022","T12",3,0,2017-06-26,2017-06-30,5,0,5,"Rocky_River",NA,"summer","fawning"
"RR1022","T13",6,0,2016-07-01,2016-07-10,10,0,10,"Rocky_River",NA,"summer","summer.forage"
"RR1022","T14",6,0,2016-07-11,2016-07-26,16,0,16,"Rocky_River",NA,"summer","summer.forage"
"RR1022","T15",14,0,2016-07-27,2016-08-11,16,0,16,"Rocky_River",NA,"summer","summer.forage"
"RR1022","T16",19,0,2016-08-12,2016-08-27,16,0,16,"Rocky_River",NA,"summer","summer.forage"
"RR1022","T17",9,0,2016-08-28,2016-09-12,16,0,16,"Rocky_River",NA,"summer","summer.forage"
"RR1022","T18",7,0,2016-09-13,2016-09-28,16,0,16,"Rocky_River",NA,"autumn","summer.forage"
"RR1022","T19",7,0,2016-09-29,2016-10-14,16,0,16,"Rocky_River",NA,"autumn","rut"
"RR1022","T2",8,0,2017-01-17,2017-02-01,16,0,16,"Rocky_River",NA,"winter","winter.forage"
"RR1022","T20",39,0,2016-10-15,2016-10-30,16,0,16,"Rocky_River",NA,"autumn","rut"
"RR1022","T21",32,0,2016-10-31,2016-11-15,16,0,16,"Rocky_River",NA,"autumn","rut"
"RR1022","T22",24,0,2016-11-16,2016-12-01,16,0,16,"Rocky_River",NA,"autumn","rut"
"RR1022","T23",28,1,2016-12-02,2016-12-17,16,0,16,"Rocky_River",NA,"autumn","rut"
"RR1022","T24",13,0,2016-12-18,2016-12-31,14,0,14,"Rocky_River",NA,"winter","rut"
"RR1022","T3",13,0,2017-02-02,2017-02-17,16,0,16,"Rocky_River",NA,"winter","winter.forage"
"RR1022","T4",29,0,2017-02-18,2017-03-05,16,0,16,"Rocky_River",NA,"winter","winter.forage"
"RR1022","T5",15,0,2017-03-06,2017-03-21,16,0,16,"Rocky_River",NA,"winter","winter.forage"
"RR1022","T6",3,0,2017-03-22,2017-04-06,16,0,16,"Rocky_River",NA,"spring","winter.forage"
"RR1022","T7",12,0,2017-04-07,2017-04-22,16,0,16,"Rocky_River",NA,"spring","fawning"
"RR1022","T8",15,0,2017-04-23,2017-05-08,16,0,16,"Rocky_River",NA,"spring","fawning"
"RR1022","T9",23,0,2017-05-09,2017-05-24,16,0,16,"Rocky_River",NA,"spring","fawning"
"RR1026","T1",5,0,2017-01-01,2017-01-16,16,0,16,"Rocky_River",NA,"winter","winter.forage"
"RR1026","T10",7,1,2017-05-25,2017-06-09,16,0,16,"Rocky_River",NA,"spring","fawning"
"RR1026","T11",6,0,2017-06-10,2017-06-25,16,0,16,"Rocky_River",NA,"spring","fawning"
"RR1026","T12",0,0,2017-06-26,2017-06-30,5,0,5,"Rocky_River",NA,"summer","fawning"
"RR1026","T13",1,0,2016-07-01,2016-07-10,10,0,10,"Rocky_River",NA,"summer","summer.forage"
"RR1026","T14",2,0,2016-07-11,2016-07-26,16,0,16,"Rocky_River",NA,"summer","summer.forage"
"RR1026","T15",9,0,2016-07-27,2016-08-11,16,0,16,"Rocky_River",NA,"summer","summer.forage"
"RR1026","T16",26,0,2016-08-12,2016-08-27,16,0,16,"Rocky_River",NA,"summer","summer.forage"
"RR1026","T17",15,1,2016-08-28,2016-09-12,16,0,16,"Rocky_River",NA,"summer","summer.forage"
"RR1026","T18",11,0,2016-09-13,2016-09-28,16,0,16,"Rocky_River",NA,"autumn","summer.forage"
"RR1026","T19",5,1,2016-09-29,2016-10-14,16,0,16,"Rocky_River",NA,"autumn","rut"
"RR1026","T2",7,0,2017-01-17,2017-02-01,16,0,16,"Rocky_River",NA,"winter","winter.forage"
"RR1026","T20",24,0,2016-10-15,2016-10-30,16,0,16,"Rocky_River",NA,"autumn","rut"
"RR1026","T21",35,0,2016-10-31,2016-11-15,16,0,16,"Rocky_River",NA,"autumn","rut"
"RR1026","T22",21,0,2016-11-16,2016-12-01,16,0,16,"Rocky_River",NA,"autumn","rut"
"RR1026","T23",5,2,2016-12-02,2016-12-17,16,0,16,"Rocky_River",NA,"autumn","rut"
"RR1026","T24",4,0,2016-12-18,2016-12-31,14,0,14,"Rocky_River",NA,"winter","rut"
"RR1026","T3",2,0,2017-02-02,2017-02-17,16,0,16,"Rocky_River",NA,"winter","winter.forage"
"RR1026","T4",2,0,2017-02-18,2017-03-05,16,0,16,"Rocky_River",NA,"winter","winter.forage"
"RR1026","T5",0,0,2017-03-06,2017-03-21,16,0,16,"Rocky_River",NA,"winter","winter.forage"
"RR1026","T6",3,0,2017-03-22,2017-04-06,16,0,16,"Rocky_River",NA,"spring","winter.forage"
"RR1026","T7",2,0,2017-04-07,2017-04-22,16,0,16,"Rocky_River",NA,"spring","fawning"
"RR1026","T8",7,2,2017-04-23,2017-05-08,16,0,16,"Rocky_River",NA,"spring","fawning"
"RR1026","T9",4,0,2017-05-09,2017-05-24,16,0,16,"Rocky_River",NA,"spring","fawning"
"RR1030","T1",1,0,2017-01-01,2017-01-16,16,0,16,"Rocky_River",NA,"winter","winter.forage"
"RR1030","T10",2,1,2017-05-25,2017-06-09,16,0,16,"Rocky_River",NA,"spring","fawning"
"RR1030","T11",0,0,2017-06-10,2017-06-25,16,0,16,"Rocky_River",NA,"spring","fawning"
"RR1030","T12",0,0,2017-06-26,2017-06-30,5,0,5,"Rocky_River",NA,"summer","fawning"
"RR1030","T13",0,0,2016-07-01,2016-07-10,10,0,10,"Rocky_River",NA,"summer","summer.forage"
"RR1030","T14",1,0,2016-07-11,2016-07-26,16,0,16,"Rocky_River",NA,"summer","summer.forage"
"RR1030","T15",0,0,2016-07-27,2016-08-11,16,0,16,"Rocky_River",NA,"summer","summer.forage"
"RR1030","T16",0,0,2016-08-12,2016-08-27,16,0,16,"Rocky_River",NA,"summer","summer.forage"
"RR1030","T17",2,0,2016-08-28,2016-09-12,16,0,16,"Rocky_River",NA,"summer","summer.forage"
"RR1030","T18",5,0,2016-09-13,2016-09-28,16,0,16,"Rocky_River",NA,"autumn","summer.forage"
"RR1030","T19",2,0,2016-09-29,2016-10-14,16,0,16,"Rocky_River",NA,"autumn","rut"
"RR1030","T2",1,0,2017-01-17,2017-02-01,16,0,16,"Rocky_River",NA,"winter","winter.forage"
"RR1030","T20",3,0,2016-10-15,2016-10-30,16,0,16,"Rocky_River",NA,"autumn","rut"
"RR1030","T21",7,0,2016-10-31,2016-11-15,16,0,16,"Rocky_River",NA,"autumn","rut"
"RR1030","T22",2,0,2016-11-16,2016-12-01,16,0,16,"Rocky_River",NA,"autumn","rut"
"RR1030","T23",2,0,2016-12-02,2016-12-17,16,0,16,"Rocky_River",NA,"autumn","rut"
"RR1030","T24",0,0,2016-12-18,2016-12-31,14,0,14,"Rocky_River",NA,"winter","rut"
"RR1030","T3",0,0,2017-02-02,2017-02-17,16,0,16,"Rocky_River",NA,"winter","winter.forage"
"RR1030","T4",1,0,2017-02-18,2017-03-05,16,0,16,"Rocky_River",NA,"winter","winter.forage"
"RR1030","T5",0,0,2017-03-06,2017-03-21,16,0,16,"Rocky_River",NA,"winter","winter.forage"
"RR1030","T6",1,0,2017-03-22,2017-04-06,16,0,16,"Rocky_River",NA,"spring","winter.forage"
"RR1030","T7",0,0,2017-04-07,2017-04-22,16,0,16,"Rocky_River",NA,"spring","fawning"
"RR1030","T8",5,0,2017-04-23,2017-05-08,16,0,16,"Rocky_River",NA,"spring","fawning"
"RR1030","T9",3,0,2017-05-09,2017-05-24,16,0,16,"Rocky_River",NA,"spring","fawning"
"RR1038","T1",0,0,2017-01-01,2017-01-16,16,0,16,"Rocky_River",NA,"winter","winter.forage"
"RR1038","T10",2,0,2017-05-25,2017-06-09,16,0,16,"Rocky_River",NA,"spring","fawning"
"RR1038","T11",4,0,2017-06-10,2017-06-25,16,0,16,"Rocky_River",NA,"spring","fawning"
"RR1038","T12",0,0,2017-06-26,2017-06-30,5,0,5,"Rocky_River",NA,"summer","fawning"
"RR1038","T13",0,0,2016-07-01,2016-07-10,10,0,10,"Rocky_River",NA,"summer","summer.forage"
"RR1038","T14",3,0,2016-07-11,2016-07-26,16,0,16,"Rocky_River",NA,"summer","summer.forage"
"RR1038","T15",0,0,2016-07-27,2016-08-11,16,0,16,"Rocky_River",NA,"summer","summer.forage"
"RR1038","T16",3,0,2016-08-12,2016-08-27,16,0,16,"Rocky_River",NA,"summer","summer.forage"
"RR1038","T17",8,1,2016-08-28,2016-09-12,16,0,16,"Rocky_River",NA,"summer","summer.forage"
"RR1038","T18",15,0,2016-09-13,2016-09-28,16,0,16,"Rocky_River",NA,"autumn","summer.forage"
"RR1038","T19",0,0,2016-09-29,2016-10-14,16,0,16,"Rocky_River",NA,"autumn","rut"
"RR1038","T2",8,0,2017-01-17,2017-02-01,16,0,16,"Rocky_River",NA,"winter","winter.forage"
"RR1038","T20",4,0,2016-10-15,2016-10-30,16,0,16,"Rocky_River",NA,"autumn","rut"
"RR1038","T21",15,0,2016-10-31,2016-11-15,16,0,16,"Rocky_River",NA,"autumn","rut"
"RR1038","T22",1,0,2016-11-16,2016-12-01,16,0,16,"Rocky_River",NA,"autumn","rut"
"RR1038","T23",6,0,2016-12-02,2016-12-17,16,0,16,"Rocky_River",NA,"autumn","rut"
"RR1038","T24",3,0,2016-12-18,2016-12-31,14,0,14,"Rocky_River",NA,"winter","rut"
"RR1038","T3",0,0,2017-02-02,2017-02-17,16,0,16,"Rocky_River",NA,"winter","winter.forage"
"RR1038","T4",3,0,2017-02-18,2017-03-05,16,0,16,"Rocky_River",NA,"winter","winter.forage"
"RR1038","T5",4,0,2017-03-06,2017-03-21,16,0,16,"Rocky_River",NA,"winter","winter.forage"
"RR1038","T6",4,0,2017-03-22,2017-04-06,16,0,16,"Rocky_River",NA,"spring","winter.forage"
"RR1038","T7",4,0,2017-04-07,2017-04-22,16,0,16,"Rocky_River",NA,"spring","fawning"
"RR1038","T8",0,0,2017-04-23,2017-05-08,16,0,16,"Rocky_River",NA,"spring","fawning"
"RR1038","T9",1,0,2017-05-09,2017-05-24,16,0,16,"Rocky_River",NA,"spring","fawning"
"RR1042","T1",9,1,2017-01-01,2017-01-16,16,0,16,"Rocky_River",NA,"winter","winter.forage"
"RR1042","T10",13,0,2017-05-25,2017-06-09,16,0,16,"Rocky_River",NA,"spring","fawning"
"RR1042","T11",11,1,2017-06-10,2017-06-25,16,0,16,"Rocky_River",NA,"spring","fawning"
"RR1042","T12",0,0,2017-06-26,2017-06-30,5,0,5,"Rocky_River",NA,"summer","fawning"
"RR1042","T13",7,0,2016-07-01,2016-07-10,10,0,10,"Rocky_River",NA,"summer","summer.forage"
"RR1042","T14",7,0,2016-07-11,2016-07-26,16,0,16,"Rocky_River",NA,"summer","summer.forage"
"RR1042","T15",4,0,2016-07-27,2016-08-11,16,0,16,"Rocky_River",NA,"summer","summer.forage"
"RR1042","T16",2,0,2016-08-12,2016-08-27,16,0,16,"Rocky_River",NA,"summer","summer.forage"
"RR1042","T17",11,1,2016-08-28,2016-09-12,16,0,16,"Rocky_River",NA,"summer","summer.forage"
"RR1042","T18",3,1,2016-09-13,2016-09-28,16,0,16,"Rocky_River",NA,"autumn","summer.forage"
"RR1042","T19",5,0,2016-09-29,2016-10-14,16,0,16,"Rocky_River",NA,"autumn","rut"
"RR1042","T2",7,2,2017-01-17,2017-02-01,16,0,16,"Rocky_River",NA,"winter","winter.forage"
"RR1042","T20",12,0,2016-10-15,2016-10-30,16,0,16,"Rocky_River",NA,"autumn","rut"
"RR1042","T21",16,1,2016-10-31,2016-11-15,16,0,16,"Rocky_River",NA,"autumn","rut"
"RR1042","T22",10,1,2016-11-16,2016-12-01,16,0,16,"Rocky_River",NA,"autumn","rut"
"RR1042","T23",16,0,2016-12-02,2016-12-17,16,0,16,"Rocky_River",NA,"autumn","rut"
"RR1042","T24",8,2,2016-12-18,2016-12-31,14,0,14,"Rocky_River",NA,"winter","rut"
"RR1042","T3",6,4,2017-02-02,2017-02-17,16,0,16,"Rocky_River",NA,"winter","winter.forage"
"RR1042","T4",1,3,2017-02-18,2017-03-05,16,0,16,"Rocky_River",NA,"winter","winter.forage"
"RR1042","T5",2,1,2017-03-06,2017-03-21,16,0,16,"Rocky_River",NA,"winter","winter.forage"
"RR1042","T6",6,0,2017-03-22,2017-04-06,16,0,16,"Rocky_River",NA,"spring","winter.forage"
"RR1042","T7",12,0,2017-04-07,2017-04-22,16,0,16,"Rocky_River",NA,"spring","fawning"
"RR1042","T8",17,0,2017-04-23,2017-05-08,16,0,16,"Rocky_River",NA,"spring","fawning"
"RR1042","T9",3,1,2017-05-09,2017-05-24,16,0,16,"Rocky_River",NA,"spring","fawning"
"RR1054","T1",20,0,2017-01-01,2017-01-16,16,0,16,"Rocky_River",NA,"winter","winter.forage"
"RR1054","T10",16,0,2017-05-25,2017-06-09,16,0,16,"Rocky_River",NA,"spring","fawning"
"RR1054","T11",2,0,2017-06-10,2017-06-25,16,0,16,"Rocky_River",NA,"spring","fawning"
"RR1054","T12",0,0,2017-06-26,2017-06-30,5,0,5,"Rocky_River",NA,"summer","fawning"
"RR1054","T13",8,0,2016-07-01,2016-07-10,10,0,10,"Rocky_River",NA,"summer","summer.forage"
"RR1054","T14",29,0,2016-07-11,2016-07-26,16,0,16,"Rocky_River",NA,"summer","summer.forage"
"RR1054","T15",28,0,2016-07-27,2016-08-11,16,0,16,"Rocky_River",NA,"summer","summer.forage"
"RR1054","T16",9,0,2016-08-12,2016-08-27,16,0,16,"Rocky_River",NA,"summer","summer.forage"
"RR1054","T17",10,0,2016-08-28,2016-09-12,16,0,16,"Rocky_River",NA,"summer","summer.forage"
"RR1054","T18",8,1,2016-09-13,2016-09-28,16,0,16,"Rocky_River",NA,"autumn","summer.forage"
"RR1054","T19",21,0,2016-09-29,2016-10-14,16,0,16,"Rocky_River",NA,"autumn","rut"
"RR1054","T2",14,0,2017-01-17,2017-02-01,16,0,16,"Rocky_River",NA,"winter","winter.forage"
"RR1054","T20",25,0,2016-10-15,2016-10-30,16,0,16,"Rocky_River",NA,"autumn","rut"
"RR1054","T21",42,0,2016-10-31,2016-11-15,16,0,16,"Rocky_River",NA,"autumn","rut"
"RR1054","T22",32,0,2016-11-16,2016-12-01,16,0,16,"Rocky_River",NA,"autumn","rut"
"RR1054","T23",31,0,2016-12-02,2016-12-17,16,0,16,"Rocky_River",NA,"autumn","rut"
"RR1054","T24",16,0,2016-12-18,2016-12-31,14,0,14,"Rocky_River",NA,"winter","rut"
"RR1054","T3",9,0,2017-02-02,2017-02-17,16,0,16,"Rocky_River",NA,"winter","winter.forage"
"RR1054","T4",7,0,2017-02-18,2017-03-05,16,0,16,"Rocky_River",NA,"winter","winter.forage"
"RR1054","T5",5,0,2017-03-06,2017-03-21,16,0,16,"Rocky_River",NA,"winter","winter.forage"
"RR1054","T6",7,0,2017-03-22,2017-04-06,16,0,16,"Rocky_River",NA,"spring","winter.forage"
"RR1054","T7",5,0,2017-04-07,2017-04-22,16,0,16,"Rocky_River",NA,"spring","fawning"
"RR1054","T8",14,0,2017-04-23,2017-05-08,16,0,16,"Rocky_River",NA,"spring","fawning"
"RR1054","T9",12,0,2017-05-09,2017-05-24,16,0,16,"Rocky_River",NA,"spring","fawning"
"RR1058","T1",15,0,2017-01-01,2017-01-16,16,0,16,"Rocky_River",NA,"winter","winter.forage"
"RR1058","T10",10,2,2017-05-25,2017-06-09,16,0,16,"Rocky_River",NA,"spring","fawning"
"RR1058","T11",1,1,2017-06-10,2017-06-25,16,0,16,"Rocky_River",NA,"spring","fawning"
"RR1058","T12",0,0,2017-06-26,2017-06-30,5,0,5,"Rocky_River",NA,"summer","fawning"
"RR1058","T13",10,0,2016-07-01,2016-07-10,10,0,10,"Rocky_River",NA,"summer","summer.forage"
"RR1058","T14",15,0,2016-07-11,2016-07-26,16,0,16,"Rocky_River",NA,"summer","summer.forage"
"RR1058","T15",18,0,2016-07-27,2016-08-11,16,0,16,"Rocky_River",NA,"summer","summer.forage"
"RR1058","T16",18,0,2016-08-12,2016-08-27,16,0,16,"Rocky_River",NA,"summer","summer.forage"
"RR1058","T17",7,0,2016-08-28,2016-09-12,16,0,16,"Rocky_River",NA,"summer","summer.forage"
"RR1058","T18",12,0,2016-09-13,2016-09-28,16,0,16,"Rocky_River",NA,"autumn","summer.forage"
"RR1058","T19",10,0,2016-09-29,2016-10-14,16,0,16,"Rocky_River",NA,"autumn","rut"
"RR1058","T2",17,1,2017-01-17,2017-02-01,16,0,16,"Rocky_River",NA,"winter","winter.forage"
"RR1058","T20",25,0,2016-10-15,2016-10-30,16,0,16,"Rocky_River",NA,"autumn","rut"
"RR1058","T21",34,0,2016-10-31,2016-11-15,16,0,16,"Rocky_River",NA,"autumn","rut"
"RR1058","T22",36,0,2016-11-16,2016-12-01,16,0,16,"Rocky_River",NA,"autumn","rut"
"RR1058","T23",24,0,2016-12-02,2016-12-17,16,0,16,"Rocky_River",NA,"autumn","rut"
"RR1058","T24",17,1,2016-12-18,2016-12-31,14,0,14,"Rocky_River",NA,"winter","rut"
"RR1058","T3",16,0,2017-02-02,2017-02-17,16,0,16,"Rocky_River",NA,"winter","winter.forage"
"RR1058","T4",10,0,2017-02-18,2017-03-05,16,0,16,"Rocky_River",NA,"winter","winter.forage"
"RR1058","T5",16,1,2017-03-06,2017-03-21,16,0,16,"Rocky_River",NA,"winter","winter.forage"
"RR1058","T6",14,0,2017-03-22,2017-04-06,16,0,16,"Rocky_River",NA,"spring","winter.forage"
"RR1058","T7",18,0,2017-04-07,2017-04-22,16,0,16,"Rocky_River",NA,"spring","fawning"
"RR1058","T8",32,1,2017-04-23,2017-05-08,16,0,16,"Rocky_River",NA,"spring","fawning"
"RR1058","T9",17,1,2017-05-09,2017-05-24,16,0,16,"Rocky_River",NA,"spring","fawning"
"RR1074","T1",0,0,2017-01-01,2017-01-16,16,0,16,"Rocky_River",NA,"winter","winter.forage"
"RR1074","T10",0,3,2017-05-25,2017-06-09,16,0,16,"Rocky_River",NA,"spring","fawning"
"RR1074","T11",2,0,2017-06-10,2017-06-25,16,0,16,"Rocky_River",NA,"spring","fawning"
"RR1074","T12",0,0,2017-06-26,2017-06-30,5,0,5,"Rocky_River",NA,"summer","fawning"
"RR1074","T13",1,1,2016-07-01,2016-07-10,10,0,10,"Rocky_River",NA,"summer","summer.forage"
"RR1074","T14",0,1,2016-07-11,2016-07-26,16,0,16,"Rocky_River",NA,"summer","summer.forage"
"RR1074","T15",2,9,2016-07-27,2016-08-11,16,0,16,"Rocky_River",NA,"summer","summer.forage"
"RR1074","T16",0,4,2016-08-12,2016-08-27,16,0,16,"Rocky_River",NA,"summer","summer.forage"
"RR1074","T17",0,10,2016-08-28,2016-09-12,16,0,16,"Rocky_River",NA,"summer","summer.forage"
"RR1074","T18",0,1,2016-09-13,2016-09-28,16,0,16,"Rocky_River",NA,"autumn","summer.forage"
"RR1074","T19",0,2,2016-09-29,2016-10-14,16,0,16,"Rocky_River",NA,"autumn","rut"
"RR1074","T2",0,1,2017-01-17,2017-02-01,16,0,16,"Rocky_River",NA,"winter","winter.forage"
"RR1074","T20",3,1,2016-10-15,2016-10-30,16,0,16,"Rocky_River",NA,"autumn","rut"
"RR1074","T21",2,0,2016-10-31,2016-11-15,16,0,16,"Rocky_River",NA,"autumn","rut"
"RR1074","T22",0,0,2016-11-16,2016-12-01,16,0,16,"Rocky_River",NA,"autumn","rut"
"RR1074","T23",3,0,2016-12-02,2016-12-17,16,0,16,"Rocky_River",NA,"autumn","rut"
"RR1074","T24",0,0,2016-12-18,2016-12-31,14,0,14,"Rocky_River",NA,"winter","rut"
"RR1074","T3",0,0,2017-02-02,2017-02-17,16,0,16,"Rocky_River",NA,"winter","winter.forage"
"RR1074","T4",1,0,2017-02-18,2017-03-05,16,0,16,"Rocky_River",NA,"winter","winter.forage"
"RR1074","T5",0,0,2017-03-06,2017-03-21,16,0,16,"Rocky_River",NA,"winter","winter.forage"
"RR1074","T6",3,2,2017-03-22,2017-04-06,16,0,16,"Rocky_River",NA,"spring","winter.forage"
"RR1074","T7",1,2,2017-04-07,2017-04-22,16,0,16,"Rocky_River",NA,"spring","fawning"
"RR1074","T8",4,4,2017-04-23,2017-05-08,16,0,16,"Rocky_River",NA,"spring","fawning"
"RR1074","T9",6,0,2017-05-09,2017-05-24,16,0,16,"Rocky_River",NA,"spring","fawning"
"RR1086","T1",13,0,2017-01-01,2017-01-16,16,0,16,"Rocky_River",NA,"winter","winter.forage"
"RR1086","T10",12,0,2017-05-25,2017-06-09,16,0,16,"Rocky_River",NA,"spring","fawning"
"RR1086","T11",17,0,2017-06-10,2017-06-25,16,0,16,"Rocky_River",NA,"spring","fawning"
"RR1086","T12",4,0,2017-06-26,2017-06-30,5,0,5,"Rocky_River",NA,"summer","fawning"
"RR1086","T13",11,0,2016-07-01,2016-07-10,10,0,10,"Rocky_River",NA,"summer","summer.forage"
"RR1086","T14",10,0,2016-07-11,2016-07-26,16,0,16,"Rocky_River",NA,"summer","summer.forage"
"RR1086","T15",8,0,2016-07-27,2016-08-11,16,0,16,"Rocky_River",NA,"summer","summer.forage"
"RR1086","T16",1,0,2016-08-12,2016-08-27,16,0,16,"Rocky_River",NA,"summer","summer.forage"
"RR1086","T17",4,0,2016-08-28,2016-09-12,16,0,16,"Rocky_River",NA,"summer","summer.forage"
"RR1086","T18",2,0,2016-09-13,2016-09-28,16,0,16,"Rocky_River",NA,"autumn","summer.forage"
"RR1086","T19",12,0,2016-09-29,2016-10-14,16,0,16,"Rocky_River",NA,"autumn","rut"
"RR1086","T2",15,0,2017-01-17,2017-02-01,16,0,16,"Rocky_River",NA,"winter","winter.forage"
"RR1086","T20",37,1,2016-10-15,2016-10-30,16,0,16,"Rocky_River",NA,"autumn","rut"
"RR1086","T21",27,0,2016-10-31,2016-11-15,16,0,16,"Rocky_River",NA,"autumn","rut"
"RR1086","T22",24,0,2016-11-16,2016-12-01,16,0,16,"Rocky_River",NA,"autumn","rut"
"RR1086","T23",28,0,2016-12-02,2016-12-17,16,0,16,"Rocky_River",NA,"autumn","rut"
"RR1086","T24",12,0,2016-12-18,2016-12-31,14,0,14,"Rocky_River",NA,"winter","rut"
"RR1086","T3",15,0,2017-02-02,2017-02-17,16,0,16,"Rocky_River",NA,"winter","winter.forage"
"RR1086","T4",15,0,2017-02-18,2017-03-05,16,0,16,"Rocky_River",NA,"winter","winter.forage"
"RR1086","T5",17,0,2017-03-06,2017-03-21,16,0,16,"Rocky_River",NA,"winter","winter.forage"
"RR1086","T6",8,0,2017-03-22,2017-04-06,16,0,16,"Rocky_River",NA,"spring","winter.forage"
"RR1086","T7",18,0,2017-04-07,2017-04-22,16,0,16,"Rocky_River",NA,"spring","fawning"
"RR1086","T8",20,0,2017-04-23,2017-05-08,16,0,16,"Rocky_River",NA,"spring","fawning"
"RR1086","T9",15,0,2017-05-09,2017-05-24,16,0,16,"Rocky_River",NA,"spring","fawning"
"RR1090","T1",4,2,2017-01-01,2017-01-16,16,0,16,"Rocky_River",NA,"winter","winter.forage"
"RR1090","T10",6,0,2017-05-25,2017-06-09,16,0,16,"Rocky_River",NA,"spring","fawning"
"RR1090","T11",7,0,2017-06-10,2017-06-25,16,0,16,"Rocky_River",NA,"spring","fawning"
"RR1090","T12",0,0,2017-06-26,2017-06-30,5,0,5,"Rocky_River",NA,"summer","fawning"
"RR1090","T13",4,1,2016-07-01,2016-07-10,10,0,10,"Rocky_River",NA,"summer","summer.forage"
"RR1090","T14",7,0,2016-07-11,2016-07-26,16,0,16,"Rocky_River",NA,"summer","summer.forage"
"RR1090","T15",2,0,2016-07-27,2016-08-11,16,0,16,"Rocky_River",NA,"summer","summer.forage"
"RR1090","T16",8,1,2016-08-12,2016-08-27,16,0,16,"Rocky_River",NA,"summer","summer.forage"
"RR1090","T17",16,0,2016-08-28,2016-09-12,16,0,16,"Rocky_River",NA,"summer","summer.forage"
"RR1090","T18",7,0,2016-09-13,2016-09-28,16,0,16,"Rocky_River",NA,"autumn","summer.forage"
"RR1090","T19",11,0,2016-09-29,2016-10-14,16,0,16,"Rocky_River",NA,"autumn","rut"
"RR1090","T2",8,0,2017-01-17,2017-02-01,16,0,16,"Rocky_River",NA,"winter","winter.forage"
"RR1090","T20",9,0,2016-10-15,2016-10-30,16,0,16,"Rocky_River",NA,"autumn","rut"
"RR1090","T21",18,0,2016-10-31,2016-11-15,16,0,16,"Rocky_River",NA,"autumn","rut"
"RR1090","T22",18,0,2016-11-16,2016-12-01,16,0,16,"Rocky_River",NA,"autumn","rut"
"RR1090","T23",20,0,2016-12-02,2016-12-17,16,0,16,"Rocky_River",NA,"autumn","rut"
"RR1090","T24",2,0,2016-12-18,2016-12-31,14,0,14,"Rocky_River",NA,"winter","rut"
"RR1090","T3",4,1,2017-02-02,2017-02-17,16,0,16,"Rocky_River",NA,"winter","winter.forage"
"RR1090","T4",9,0,2017-02-18,2017-03-05,16,0,16,"Rocky_River",NA,"winter","winter.forage"
"RR1090","T5",3,0,2017-03-06,2017-03-21,16,0,16,"Rocky_River",NA,"winter","winter.forage"
"RR1090","T6",7,1,2017-03-22,2017-04-06,16,0,16,"Rocky_River",NA,"spring","winter.forage"
"RR1090","T7",7,0,2017-04-07,2017-04-22,16,0,16,"Rocky_River",NA,"spring","fawning"
"RR1090","T8",4,0,2017-04-23,2017-05-08,16,0,16,"Rocky_River",NA,"spring","fawning"
"RR1090","T9",5,0,2017-05-09,2017-05-24,16,0,16,"Rocky_River",NA,"spring","fawning"
"RR1094","T1",0,0,2017-01-01,2017-01-16,16,0,16,"Rocky_River",NA,"winter","winter.forage"
"RR1094","T10",2,0,2017-05-25,2017-06-09,16,0,16,"Rocky_River",NA,"spring","fawning"
"RR1094","T11",3,0,2017-06-10,2017-06-25,16,0,16,"Rocky_River",NA,"spring","fawning"
"RR1094","T12",0,0,2017-06-26,2017-06-30,5,0,5,"Rocky_River",NA,"summer","fawning"
"RR1094","T13",1,1,2016-07-01,2016-07-10,10,0,10,"Rocky_River",NA,"summer","summer.forage"
"RR1094","T14",4,1,2016-07-11,2016-07-26,16,0,16,"Rocky_River",NA,"summer","summer.forage"
"RR1094","T15",2,0,2016-07-27,2016-08-11,16,0,16,"Rocky_River",NA,"summer","summer.forage"
"RR1094","T16",0,0,2016-08-12,2016-08-27,16,0,16,"Rocky_River",NA,"summer","summer.forage"
"RR1094","T17",0,0,2016-08-28,2016-09-12,16,0,16,"Rocky_River",NA,"summer","summer.forage"
"RR1094","T18",1,2,2016-09-13,2016-09-28,16,0,16,"Rocky_River",NA,"autumn","summer.forage"
"RR1094","T19",2,0,2016-09-29,2016-10-14,16,0,16,"Rocky_River",NA,"autumn","rut"
"RR1094","T2",0,0,2017-01-17,2017-02-01,16,0,16,"Rocky_River",NA,"winter","winter.forage"
"RR1094","T20",0,0,2016-10-15,2016-10-30,16,0,16,"Rocky_River",NA,"autumn","rut"
"RR1094","T21",5,0,2016-10-31,2016-11-15,16,0,16,"Rocky_River",NA,"autumn","rut"
"RR1094","T22",1,0,2016-11-16,2016-12-01,16,0,16,"Rocky_River",NA,"autumn","rut"
"RR1094","T23",0,0,2016-12-02,2016-12-17,16,0,16,"Rocky_River",NA,"autumn","rut"
"RR1094","T24",0,0,2016-12-18,2016-12-31,14,0,14,"Rocky_River",NA,"winter","rut"
"RR1094","T3",1,0,2017-02-02,2017-02-17,16,0,16,"Rocky_River",NA,"winter","winter.forage"
"RR1094","T4",0,0,2017-02-18,2017-03-05,16,0,16,"Rocky_River",NA,"winter","winter.forage"
"RR1094","T5",0,0,2017-03-06,2017-03-21,16,0,16,"Rocky_River",NA,"winter","winter.forage"
"RR1094","T6",0,0,2017-03-22,2017-04-06,16,0,16,"Rocky_River",NA,"spring","winter.forage"
"RR1094","T7",0,0,2017-04-07,2017-04-22,16,0,16,"Rocky_River",NA,"spring","fawning"
"RR1094","T8",2,0,2017-04-23,2017-05-08,16,0,16,"Rocky_River",NA,"spring","fawning"
"RR1094","T9",2,0,2017-05-09,2017-05-24,16,0,16,"Rocky_River",NA,"spring","fawning"
"RR1102","T1",3,2,2017-01-01,2017-01-16,16,0,16,"Rocky_River",NA,"winter","winter.forage"
"RR1102","T10",13,0,2017-05-25,2017-06-09,16,0,16,"Rocky_River",NA,"spring","fawning"
"RR1102","T11",15,0,2017-06-10,2017-06-25,16,0,16,"Rocky_River",NA,"spring","fawning"
"RR1102","T12",2,0,2017-06-26,2017-06-30,5,0,5,"Rocky_River",NA,"summer","fawning"
"RR1102","T13",3,0,2016-07-01,2016-07-10,10,0,10,"Rocky_River",NA,"summer","summer.forage"
"RR1102","T14",3,0,2016-07-11,2016-07-26,16,0,16,"Rocky_River",NA,"summer","summer.forage"
"RR1102","T15",7,0,2016-07-27,2016-08-11,16,0,16,"Rocky_River",NA,"summer","summer.forage"
"RR1102","T16",9,0,2016-08-12,2016-08-27,16,0,16,"Rocky_River",NA,"summer","summer.forage"
"RR1102","T17",6,0,2016-08-28,2016-09-12,16,0,16,"Rocky_River",NA,"summer","summer.forage"
"RR1102","T18",5,0,2016-09-13,2016-09-28,16,0,16,"Rocky_River",NA,"autumn","summer.forage"
"RR1102","T19",7,0,2016-09-29,2016-10-14,16,0,16,"Rocky_River",NA,"autumn","rut"
"RR1102","T2",2,0,2017-01-17,2017-02-01,16,0,16,"Rocky_River",NA,"winter","winter.forage"
"RR1102","T20",13,0,2016-10-15,2016-10-30,16,0,16,"Rocky_River",NA,"autumn","rut"
"RR1102","T21",13,0,2016-10-31,2016-11-15,16,0,16,"Rocky_River",NA,"autumn","rut"
"RR1102","T22",10,0,2016-11-16,2016-12-01,16,0,16,"Rocky_River",NA,"autumn","rut"
"RR1102","T23",1,0,2016-12-02,2016-12-17,16,0,16,"Rocky_River",NA,"autumn","rut"
"RR1102","T24",1,0,2016-12-18,2016-12-31,14,0,14,"Rocky_River",NA,"winter","rut"
"RR1102","T3",6,1,2017-02-02,2017-02-17,16,0,16,"Rocky_River",NA,"winter","winter.forage"
"RR1102","T4",6,0,2017-02-18,2017-03-05,16,0,16,"Rocky_River",NA,"winter","winter.forage"
"RR1102","T5",7,0,2017-03-06,2017-03-21,16,0,16,"Rocky_River",NA,"winter","winter.forage"
"RR1102","T6",7,0,2017-03-22,2017-04-06,16,0,16,"Rocky_River",NA,"spring","winter.forage"
"RR1102","T7",9,0,2017-04-07,2017-04-22,16,0,16,"Rocky_River",NA,"spring","fawning"
"RR1102","T8",14,2,2017-04-23,2017-05-08,16,0,16,"Rocky_River",NA,"spring","fawning"
"RR1102","T9",23,0,2017-05-09,2017-05-24,16,0,16,"Rocky_River",NA,"spring","fawning"
"RR1106","T1",7,0,2017-01-01,2017-01-16,16,0,16,"Rocky_River",NA,"winter","winter.forage"
"RR1106","T10",25,0,2017-05-25,2017-06-09,16,0,16,"Rocky_River",NA,"spring","fawning"
"RR1106","T11",3,1,2017-06-10,2017-06-25,16,0,16,"Rocky_River",NA,"spring","fawning"
"RR1106","T12",0,0,2017-06-26,2017-06-30,5,0,5,"Rocky_River",NA,"summer","fawning"
"RR1106","T13",23,0,2016-07-01,2016-07-10,10,0,10,"Rocky_River",NA,"summer","summer.forage"
"RR1106","T14",26,0,2016-07-11,2016-07-26,16,0,16,"Rocky_River",NA,"summer","summer.forage"
"RR1106","T15",16,0,2016-07-27,2016-08-11,16,0,16,"Rocky_River",NA,"summer","summer.forage"
"RR1106","T16",15,1,2016-08-12,2016-08-27,16,0,16,"Rocky_River",NA,"summer","summer.forage"
"RR1106","T17",2,0,2016-08-28,2016-09-12,16,0,16,"Rocky_River",NA,"summer","summer.forage"
"RR1106","T18",5,0,2016-09-13,2016-09-28,16,0,16,"Rocky_River",NA,"autumn","summer.forage"
"RR1106","T19",39,1,2016-09-29,2016-10-14,16,0,16,"Rocky_River",NA,"autumn","rut"
"RR1106","T2",20,2,2017-01-17,2017-02-01,16,0,16,"Rocky_River",NA,"winter","winter.forage"
"RR1106","T20",34,3,2016-10-15,2016-10-30,16,0,16,"Rocky_River",NA,"autumn","rut"
"RR1106","T21",36,3,2016-10-31,2016-11-15,16,0,16,"Rocky_River",NA,"autumn","rut"
"RR1106","T22",28,1,2016-11-16,2016-12-01,16,0,16,"Rocky_River",NA,"autumn","rut"
"RR1106","T23",20,0,2016-12-02,2016-12-17,16,0,16,"Rocky_River",NA,"autumn","rut"
"RR1106","T24",4,3,2016-12-18,2016-12-31,14,0,14,"Rocky_River",NA,"winter","rut"
"RR1106","T3",18,3,2017-02-02,2017-02-17,16,0,16,"Rocky_River",NA,"winter","winter.forage"
"RR1106","T4",23,0,2017-02-18,2017-03-05,16,0,16,"Rocky_River",NA,"winter","winter.forage"
"RR1106","T5",18,4,2017-03-06,2017-03-21,16,0,16,"Rocky_River",NA,"winter","winter.forage"
"RR1106","T6",17,3,2017-03-22,2017-04-06,16,0,16,"Rocky_River",NA,"spring","winter.forage"
"RR1106","T7",34,2,2017-04-07,2017-04-22,16,0,16,"Rocky_River",NA,"spring","fawning"
"RR1106","T8",32,0,2017-04-23,2017-05-08,16,0,16,"Rocky_River",NA,"spring","fawning"
"RR1106","T9",31,1,2017-05-09,2017-05-24,16,0,16,"Rocky_River",NA,"spring","fawning"
"RR1110","T1",2,0,2017-01-01,2017-01-16,16,0,16,"Rocky_River",NA,"winter","winter.forage"
"RR1110","T10",6,2,2017-05-25,2017-06-09,16,0,16,"Rocky_River",NA,"spring","fawning"
"RR1110","T11",14,1,2017-06-10,2017-06-25,16,0,16,"Rocky_River",NA,"spring","fawning"
"RR1110","T12",0,0,2017-06-26,2017-06-30,5,0,5,"Rocky_River",NA,"summer","fawning"
"RR1110","T13",5,1,2016-07-01,2016-07-10,10,0,10,"Rocky_River",NA,"summer","summer.forage"
"RR1110","T14",13,0,2016-07-11,2016-07-26,16,0,16,"Rocky_River",NA,"summer","summer.forage"
"RR1110","T15",16,1,2016-07-27,2016-08-11,16,0,16,"Rocky_River",NA,"summer","summer.forage"
"RR1110","T16",12,1,2016-08-12,2016-08-27,16,0,16,"Rocky_River",NA,"summer","summer.forage"
"RR1110","T17",14,1,2016-08-28,2016-09-12,16,0,16,"Rocky_River",NA,"summer","summer.forage"
"RR1110","T18",11,0,2016-09-13,2016-09-28,16,0,16,"Rocky_River",NA,"autumn","summer.forage"
"RR1110","T19",12,0,2016-09-29,2016-10-14,16,0,16,"Rocky_River",NA,"autumn","rut"
"RR1110","T2",0,0,2017-01-17,2017-02-01,16,0,16,"Rocky_River",NA,"winter","winter.forage"
"RR1110","T20",20,1,2016-10-15,2016-10-30,16,0,16,"Rocky_River",NA,"autumn","rut"
"RR1110","T21",40,0,2016-10-31,2016-11-15,16,0,16,"Rocky_River",NA,"autumn","rut"
"RR1110","T22",9,0,2016-11-16,2016-12-01,16,0,16,"Rocky_River",NA,"autumn","rut"
"RR1110","T23",12,1,2016-12-02,2016-12-17,16,0,16,"Rocky_River",NA,"autumn","rut"
"RR1110","T24",6,1,2016-12-18,2016-12-31,14,0,14,"Rocky_River",NA,"winter","rut"
"RR1110","T3",0,0,2017-02-02,2017-02-17,16,0,16,"Rocky_River",NA,"winter","winter.forage"
"RR1110","T4",12,0,2017-02-18,2017-03-05,16,0,16,"Rocky_River",NA,"winter","winter.forage"
"RR1110","T5",3,1,2017-03-06,2017-03-21,16,0,16,"Rocky_River",NA,"winter","winter.forage"
"RR1110","T6",1,1,2017-03-22,2017-04-06,16,0,16,"Rocky_River",NA,"spring","winter.forage"
"RR1110","T7",12,0,2017-04-07,2017-04-22,16,0,16,"Rocky_River",NA,"spring","fawning"
"RR1110","T8",7,0,2017-04-23,2017-05-08,16,0,16,"Rocky_River",NA,"spring","fawning"
"RR1110","T9",11,0,2017-05-09,2017-05-24,16,0,16,"Rocky_River",NA,"spring","fawning"
"RR1118","T1",0,0,2017-01-01,2017-01-16,16,0,16,"Rocky_River",NA,"winter","winter.forage"
"RR1118","T10",1,0,2017-05-25,2017-06-09,16,0,16,"Rocky_River",NA,"spring","fawning"
"RR1118","T11",1,0,2017-06-10,2017-06-25,16,0,16,"Rocky_River",NA,"spring","fawning"
"RR1118","T12",0,0,2017-06-26,2017-06-30,5,0,5,"Rocky_River",NA,"summer","fawning"
"RR1118","T13",0,0,2016-07-01,2016-07-10,10,0,10,"Rocky_River",NA,"summer","summer.forage"
"RR1118","T14",0,0,2016-07-11,2016-07-26,16,0,16,"Rocky_River",NA,"summer","summer.forage"
"RR1118","T15",0,0,2016-07-27,2016-08-11,16,0,16,"Rocky_River",NA,"summer","summer.forage"
"RR1118","T16",2,0,2016-08-12,2016-08-27,16,0,16,"Rocky_River",NA,"summer","summer.forage"
"RR1118","T17",2,0,2016-08-28,2016-09-12,16,0,16,"Rocky_River",NA,"summer","summer.forage"
"RR1118","T18",1,0,2016-09-13,2016-09-28,16,0,16,"Rocky_River",NA,"autumn","summer.forage"
"RR1118","T19",0,0,2016-09-29,2016-10-14,16,0,16,"Rocky_River",NA,"autumn","rut"
"RR1118","T2",0,0,2017-01-17,2017-02-01,16,0,16,"Rocky_River",NA,"winter","winter.forage"
"RR1118","T20",1,0,2016-10-15,2016-10-30,16,0,16,"Rocky_River",NA,"autumn","rut"
"RR1118","T21",0,0,2016-10-31,2016-11-15,16,0,16,"Rocky_River",NA,"autumn","rut"
"RR1118","T22",0,0,2016-11-16,2016-12-01,16,0,16,"Rocky_River",NA,"autumn","rut"
"RR1118","T23",0,1,2016-12-02,2016-12-17,16,0,16,"Rocky_River",NA,"autumn","rut"
"RR1118","T24",1,0,2016-12-18,2016-12-31,14,0,14,"Rocky_River",NA,"winter","rut"
"RR1118","T3",0,0,2017-02-02,2017-02-17,16,0,16,"Rocky_River",NA,"winter","winter.forage"
"RR1118","T4",0,1,2017-02-18,2017-03-05,16,0,16,"Rocky_River",NA,"winter","winter.forage"
"RR1118","T5",0,0,2017-03-06,2017-03-21,16,0,16,"Rocky_River",NA,"winter","winter.forage"
"RR1118","T6",0,0,2017-03-22,2017-04-06,16,0,16,"Rocky_River",NA,"spring","winter.forage"
"RR1118","T7",1,1,2017-04-07,2017-04-22,16,0,16,"Rocky_River",NA,"spring","fawning"
"RR1118","T8",1,0,2017-04-23,2017-05-08,16,0,16,"Rocky_River",NA,"spring","fawning"
"RR1118","T9",2,0,2017-05-09,2017-05-24,16,0,16,"Rocky_River",NA,"spring","fawning"
"RR1138","T1",2,0,2017-01-01,2017-01-16,16,0,16,"Rocky_River",NA,"winter","winter.forage"
"RR1138","T10",8,0,2017-05-25,2017-06-09,16,0,16,"Rocky_River",NA,"spring","fawning"
"RR1138","T11",10,0,2017-06-10,2017-06-25,16,0,16,"Rocky_River",NA,"spring","fawning"
"RR1138","T12",0,0,2017-06-26,2017-06-30,5,0,5,"Rocky_River",NA,"summer","fawning"
"RR1138","T13",20,0,2016-07-01,2016-07-10,10,0,10,"Rocky_River",NA,"summer","summer.forage"
"RR1138","T14",18,0,2016-07-11,2016-07-26,16,0,16,"Rocky_River",NA,"summer","summer.forage"
"RR1138","T15",6,0,2016-07-27,2016-08-11,16,0,16,"Rocky_River",NA,"summer","summer.forage"
"RR1138","T16",6,0,2016-08-12,2016-08-27,16,0,16,"Rocky_River",NA,"summer","summer.forage"
"RR1138","T17",1,0,2016-08-28,2016-09-12,16,0,16,"Rocky_River",NA,"summer","summer.forage"
"RR1138","T18",1,0,2016-09-13,2016-09-28,16,0,16,"Rocky_River",NA,"autumn","summer.forage"
"RR1138","T19",2,0,2016-09-29,2016-10-14,16,0,16,"Rocky_River",NA,"autumn","rut"
"RR1138","T2",1,0,2017-01-17,2017-02-01,16,0,16,"Rocky_River",NA,"winter","winter.forage"
"RR1138","T20",7,1,2016-10-15,2016-10-30,16,0,16,"Rocky_River",NA,"autumn","rut"
"RR1138","T21",13,1,2016-10-31,2016-11-15,16,0,16,"Rocky_River",NA,"autumn","rut"
"RR1138","T22",7,0,2016-11-16,2016-12-01,16,0,16,"Rocky_River",NA,"autumn","rut"
"RR1138","T23",4,0,2016-12-02,2016-12-17,16,0,16,"Rocky_River",NA,"autumn","rut"
"RR1138","T24",0,0,2016-12-18,2016-12-31,14,0,14,"Rocky_River",NA,"winter","rut"
"RR1138","T3",3,0,2017-02-02,2017-02-17,16,0,16,"Rocky_River",NA,"winter","winter.forage"
"RR1138","T4",4,0,2017-02-18,2017-03-05,16,0,16,"Rocky_River",NA,"winter","winter.forage"
"RR1138","T5",3,3,2017-03-06,2017-03-21,16,0,16,"Rocky_River",NA,"winter","winter.forage"
"RR1138","T6",4,0,2017-03-22,2017-04-06,16,0,16,"Rocky_River",NA,"spring","winter.forage"
"RR1138","T7",12,1,2017-04-07,2017-04-22,16,0,16,"Rocky_River",NA,"spring","fawning"
"RR1138","T8",5,0,2017-04-23,2017-05-08,16,0,16,"Rocky_River",NA,"spring","fawning"
"RR1138","T9",5,0,2017-05-09,2017-05-24,16,0,16,"Rocky_River",NA,"spring","fawning"
"RR1150","T1",9,1,2017-01-01,2017-01-16,16,0,16,"Rocky_River",NA,"winter","winter.forage"
"RR1150","T10",12,0,2017-05-25,2017-06-09,16,0,16,"Rocky_River",NA,"spring","fawning"
"RR1150","T11",6,0,2017-06-10,2017-06-25,16,0,16,"Rocky_River",NA,"spring","fawning"
"RR1150","T12",1,0,2017-06-26,2017-06-30,5,0,5,"Rocky_River",NA,"summer","fawning"
"RR1150","T13",2,0,2016-07-01,2016-07-10,10,0,10,"Rocky_River",NA,"summer","summer.forage"
"RR1150","T14",14,0,2016-07-11,2016-07-26,16,0,16,"Rocky_River",NA,"summer","summer.forage"
"RR1150","T15",8,0,2016-07-27,2016-08-11,16,0,16,"Rocky_River",NA,"summer","summer.forage"
"RR1150","T16",15,0,2016-08-12,2016-08-27,16,0,16,"Rocky_River",NA,"summer","summer.forage"
"RR1150","T17",18,0,2016-08-28,2016-09-12,16,0,16,"Rocky_River",NA,"summer","summer.forage"
"RR1150","T18",22,0,2016-09-13,2016-09-28,16,0,16,"Rocky_River",NA,"autumn","summer.forage"
"RR1150","T19",25,0,2016-09-29,2016-10-14,16,0,16,"Rocky_River",NA,"autumn","rut"
"RR1150","T2",12,0,2017-01-17,2017-02-01,16,0,16,"Rocky_River",NA,"winter","winter.forage"
"RR1150","T20",33,0,2016-10-15,2016-10-30,16,0,16,"Rocky_River",NA,"autumn","rut"
"RR1150","T21",8,0,2016-10-31,2016-11-15,16,0,16,"Rocky_River",NA,"autumn","rut"
"RR1150","T22",11,0,2016-11-16,2016-12-01,16,0,16,"Rocky_River",NA,"autumn","rut"
"RR1150","T23",21,0,2016-12-02,2016-12-17,16,0,16,"Rocky_River",NA,"autumn","rut"
"RR1150","T24",10,2,2016-12-18,2016-12-31,14,0,14,"Rocky_River",NA,"winter","rut"
"RR1150","T3",7,0,2017-02-02,2017-02-17,16,0,16,"Rocky_River",NA,"winter","winter.forage"
"RR1150","T4",6,0,2017-02-18,2017-03-05,16,0,16,"Rocky_River",NA,"winter","winter.forage"
"RR1150","T5",0,0,2017-03-06,2017-03-21,16,0,16,"Rocky_River",NA,"winter","winter.forage"
"RR1150","T6",0,0,2017-03-22,2017-04-06,16,0,16,"Rocky_River",NA,"spring","winter.forage"
"RR1150","T7",0,0,2017-04-07,2017-04-22,16,0,16,"Rocky_River",NA,"spring","fawning"
"RR1150","T8",5,0,2017-04-23,2017-05-08,16,0,16,"Rocky_River",NA,"spring","fawning"
"RR1150","T9",7,0,2017-05-09,2017-05-24,16,0,16,"Rocky_River",NA,"spring","fawning"
"RR1154","T1",31,0,2017-01-01,2017-01-16,16,0,16,"Rocky_River",NA,"winter","winter.forage"
"RR1154","T10",30,3,2017-05-25,2017-06-09,16,0,16,"Rocky_River",NA,"spring","fawning"
"RR1154","T11",11,1,2017-06-10,2017-06-25,16,0,16,"Rocky_River",NA,"spring","fawning"
"RR1154","T12",0,0,2017-06-26,2017-06-30,5,0,5,"Rocky_River",NA,"summer","fawning"
"RR1154","T13",22,1,2016-07-01,2016-07-10,10,0,10,"Rocky_River",NA,"summer","summer.forage"
"RR1154","T14",15,0,2016-07-11,2016-07-26,16,0,16,"Rocky_River",NA,"summer","summer.forage"
"RR1154","T15",22,0,2016-07-27,2016-08-11,16,0,16,"Rocky_River",NA,"summer","summer.forage"
"RR1154","T16",16,3,2016-08-12,2016-08-27,16,0,16,"Rocky_River",NA,"summer","summer.forage"
"RR1154","T17",32,0,2016-08-28,2016-09-12,16,0,16,"Rocky_River",NA,"summer","summer.forage"
"RR1154","T18",21,0,2016-09-13,2016-09-28,16,0,16,"Rocky_River",NA,"autumn","summer.forage"
"RR1154","T19",26,0,2016-09-29,2016-10-14,16,0,16,"Rocky_River",NA,"autumn","rut"
"RR1154","T2",36,0,2017-01-17,2017-02-01,16,0,16,"Rocky_River",NA,"winter","winter.forage"
"RR1154","T20",19,1,2016-10-15,2016-10-30,16,0,16,"Rocky_River",NA,"autumn","rut"
"RR1154","T21",47,0,2016-10-31,2016-11-15,16,0,16,"Rocky_River",NA,"autumn","rut"
"RR1154","T22",48,2,2016-11-16,2016-12-01,16,0,16,"Rocky_River",NA,"autumn","rut"
"RR1154","T23",45,0,2016-12-02,2016-12-17,16,0,16,"Rocky_River",NA,"autumn","rut"
"RR1154","T24",26,2,2016-12-18,2016-12-31,14,0,14,"Rocky_River",NA,"winter","rut"
"RR1154","T3",28,3,2017-02-02,2017-02-17,16,0,16,"Rocky_River",NA,"winter","winter.forage"
"RR1154","T4",21,0,2017-02-18,2017-03-05,16,0,16,"Rocky_River",NA,"winter","winter.forage"
"RR1154","T5",24,1,2017-03-06,2017-03-21,16,0,16,"Rocky_River",NA,"winter","winter.forage"
"RR1154","T6",23,1,2017-03-22,2017-04-06,16,0,16,"Rocky_River",NA,"spring","winter.forage"
"RR1154","T7",39,2,2017-04-07,2017-04-22,16,0,16,"Rocky_River",NA,"spring","fawning"
"RR1154","T8",21,0,2017-04-23,2017-05-08,16,0,16,"Rocky_River",NA,"spring","fawning"
"RR1154","T9",22,0,2017-05-09,2017-05-24,16,0,16,"Rocky_River",NA,"spring","fawning"
"RR1158","T1",8,0,2017-01-01,2017-01-16,16,0,16,"Rocky_River",NA,"winter","winter.forage"
"RR1158","T10",6,0,2017-05-25,2017-06-09,16,0,16,"Rocky_River",NA,"spring","fawning"
"RR1158","T11",2,1,2017-06-10,2017-06-25,16,0,16,"Rocky_River",NA,"spring","fawning"
"RR1158","T12",0,0,2017-06-26,2017-06-30,5,0,5,"Rocky_River",NA,"summer","fawning"
"RR1158","T13",1,0,2016-07-01,2016-07-10,10,0,10,"Rocky_River",NA,"summer","summer.forage"
"RR1158","T14",0,1,2016-07-11,2016-07-26,16,0,16,"Rocky_River",NA,"summer","summer.forage"
"RR1158","T15",1,0,2016-07-27,2016-08-11,16,0,16,"Rocky_River",NA,"summer","summer.forage"
"RR1158","T16",8,2,2016-08-12,2016-08-27,16,0,16,"Rocky_River",NA,"summer","summer.forage"
"RR1158","T17",4,1,2016-08-28,2016-09-12,16,0,16,"Rocky_River",NA,"summer","summer.forage"
"RR1158","T18",5,2,2016-09-13,2016-09-28,16,0,16,"Rocky_River",NA,"autumn","summer.forage"
"RR1158","T19",8,4,2016-09-29,2016-10-14,16,0,16,"Rocky_River",NA,"autumn","rut"
"RR1158","T2",23,0,2017-01-17,2017-02-01,16,0,16,"Rocky_River",NA,"winter","winter.forage"
"RR1158","T20",6,12,2016-10-15,2016-10-30,16,0,16,"Rocky_River",NA,"autumn","rut"
"RR1158","T21",21,4,2016-10-31,2016-11-15,16,0,16,"Rocky_River",NA,"autumn","rut"
"RR1158","T22",8,1,2016-11-16,2016-12-01,16,0,16,"Rocky_River",NA,"autumn","rut"
"RR1158","T23",11,1,2016-12-02,2016-12-17,16,0,16,"Rocky_River",NA,"autumn","rut"
"RR1158","T24",2,1,2016-12-18,2016-12-31,14,0,14,"Rocky_River",NA,"winter","rut"
"RR1158","T3",25,0,2017-02-02,2017-02-17,16,0,16,"Rocky_River",NA,"winter","winter.forage"
"RR1158","T4",23,1,2017-02-18,2017-03-05,16,0,16,"Rocky_River",NA,"winter","winter.forage"
"RR1158","T5",25,0,2017-03-06,2017-03-21,16,0,16,"Rocky_River",NA,"winter","winter.forage"
"RR1158","T6",47,0,2017-03-22,2017-04-06,16,0,16,"Rocky_River",NA,"spring","winter.forage"
"RR1158","T7",10,1,2017-04-07,2017-04-22,16,0,16,"Rocky_River",NA,"spring","fawning"
"RR1158","T8",3,0,2017-04-23,2017-05-08,16,0,16,"Rocky_River",NA,"spring","fawning"
"RR1158","T9",2,1,2017-05-09,2017-05-24,16,0,16,"Rocky_River",NA,"spring","fawning"
"RR1166","T1",4,5,2017-01-01,2017-01-16,16,0,16,"Rocky_River",NA,"winter","winter.forage"
"RR1166","T10",0,0,2017-05-25,2017-06-09,16,0,16,"Rocky_River",NA,"spring","fawning"
"RR1166","T11",4,1,2017-06-10,2017-06-25,16,0,16,"Rocky_River",NA,"spring","fawning"
"RR1166","T12",16,0,2017-06-26,2017-06-30,5,0,5,"Rocky_River",NA,"summer","fawning"
"RR1166","T13",7,2,2016-07-01,2016-07-10,10,0,10,"Rocky_River",NA,"summer","summer.forage"
"RR1166","T14",13,1,2016-07-11,2016-07-26,16,0,16,"Rocky_River",NA,"summer","summer.forage"
"RR1166","T15",12,3,2016-07-27,2016-08-11,16,0,16,"Rocky_River",NA,"summer","summer.forage"
"RR1166","T16",3,0,2016-08-12,2016-08-27,16,0,16,"Rocky_River",NA,"summer","summer.forage"
"RR1166","T17",1,1,2016-08-28,2016-09-12,16,6,10,"Rocky_River",NA,"summer","summer.forage"
"RR1166","T18",6,0,2016-09-13,2016-09-28,16,7,9,"Rocky_River",NA,"autumn","summer.forage"
"RR1166","T19",13,1,2016-09-29,2016-10-14,16,0,16,"Rocky_River",NA,"autumn","rut"
"RR1166","T2",12,0,2017-01-17,2017-02-01,16,0,16,"Rocky_River",NA,"winter","winter.forage"
"RR1166","T20",21,1,2016-10-15,2016-10-30,16,0,16,"Rocky_River",NA,"autumn","rut"
"RR1166","T21",21,0,2016-10-31,2016-11-15,16,0,16,"Rocky_River",NA,"autumn","rut"
"RR1166","T22",15,0,2016-11-16,2016-12-01,16,0,16,"Rocky_River",NA,"autumn","rut"
"RR1166","T23",14,1,2016-12-02,2016-12-17,16,0,16,"Rocky_River",NA,"autumn","rut"
"RR1166","T24",2,1,2016-12-18,2016-12-31,14,0,14,"Rocky_River",NA,"winter","rut"
"RR1166","T3",4,0,2017-02-02,2017-02-17,16,0,16,"Rocky_River",NA,"winter","winter.forage"
"RR1166","T4",17,1,2017-02-18,2017-03-05,16,0,16,"Rocky_River",NA,"winter","winter.forage"
"RR1166","T5",24,0,2017-03-06,2017-03-21,16,0,16,"Rocky_River",NA,"winter","winter.forage"
"RR1166","T6",38,0,2017-03-22,2017-04-06,16,0,16,"Rocky_River",NA,"spring","winter.forage"
"RR1166","T7",22,1,2017-04-07,2017-04-22,16,0,16,"Rocky_River",NA,"spring","fawning"
"RR1166","T8",23,1,2017-04-23,2017-05-08,16,0,16,"Rocky_River",NA,"spring","fawning"
"RR1166","T9",4,0,2017-05-09,2017-05-24,16,0,16,"Rocky_River",NA,"spring","fawning"
"RR1170","T1",6,0,2017-01-01,2017-01-16,16,0,16,"Rocky_River",NA,"winter","winter.forage"
"RR1170","T10",2,0,2017-05-25,2017-06-09,16,0,16,"Rocky_River",NA,"spring","fawning"
"RR1170","T11",0,0,2017-06-10,2017-06-25,16,0,16,"Rocky_River",NA,"spring","fawning"
"RR1170","T12",0,0,2017-06-26,2017-06-30,5,0,5,"Rocky_River",NA,"summer","fawning"
"RR1170","T13",0,2,2016-07-01,2016-07-10,10,0,10,"Rocky_River",NA,"summer","summer.forage"
"RR1170","T14",0,1,2016-07-11,2016-07-26,16,0,16,"Rocky_River",NA,"summer","summer.forage"
"RR1170","T15",1,0,2016-07-27,2016-08-11,16,0,16,"Rocky_River",NA,"summer","summer.forage"
"RR1170","T16",7,1,2016-08-12,2016-08-27,16,0,16,"Rocky_River",NA,"summer","summer.forage"
"RR1170","T17",0,0,2016-08-28,2016-09-12,16,0,16,"Rocky_River",NA,"summer","summer.forage"
"RR1170","T18",5,0,2016-09-13,2016-09-28,16,0,16,"Rocky_River",NA,"autumn","summer.forage"
"RR1170","T19",22,0,2016-09-29,2016-10-14,16,0,16,"Rocky_River",NA,"autumn","rut"
"RR1170","T2",9,2,2017-01-17,2017-02-01,16,0,16,"Rocky_River",NA,"winter","winter.forage"
"RR1170","T20",6,6,2016-10-15,2016-10-30,16,0,16,"Rocky_River",NA,"autumn","rut"
"RR1170","T21",1,1,2016-10-31,2016-11-15,16,0,16,"Rocky_River",NA,"autumn","rut"
"RR1170","T22",4,0,2016-11-16,2016-12-01,16,0,16,"Rocky_River",NA,"autumn","rut"
"RR1170","T23",3,0,2016-12-02,2016-12-17,16,0,16,"Rocky_River",NA,"autumn","rut"
"RR1170","T24",19,1,2016-12-18,2016-12-31,14,0,14,"Rocky_River",NA,"winter","rut"
"RR1170","T3",7,0,2017-02-02,2017-02-17,16,0,16,"Rocky_River",NA,"winter","winter.forage"
"RR1170","T4",8,0,2017-02-18,2017-03-05,16,0,16,"Rocky_River",NA,"winter","winter.forage"
"RR1170","T5",4,0,2017-03-06,2017-03-21,16,0,16,"Rocky_River",NA,"winter","winter.forage"
"RR1170","T6",1,2,2017-03-22,2017-04-06,16,0,16,"Rocky_River",NA,"spring","winter.forage"
"RR1170","T7",3,1,2017-04-07,2017-04-22,16,0,16,"Rocky_River",NA,"spring","fawning"
"RR1170","T8",1,0,2017-04-23,2017-05-08,16,0,16,"Rocky_River",NA,"spring","fawning"
"RR1170","T9",0,0,2017-05-09,2017-05-24,16,0,16,"Rocky_River",NA,"spring","fawning"
"RR1174","T1",11,0,2017-01-01,2017-01-16,16,0,16,"Rocky_River",NA,"winter","winter.forage"
"RR1174","T10",7,1,2017-05-25,2017-06-09,16,0,16,"Rocky_River",NA,"spring","fawning"
"RR1174","T11",8,1,2017-06-10,2017-06-25,16,0,16,"Rocky_River",NA,"spring","fawning"
"RR1174","T12",0,0,2017-06-26,2017-06-30,5,0,5,"Rocky_River",NA,"summer","fawning"
"RR1174","T13",5,0,2016-07-01,2016-07-10,10,0,10,"Rocky_River",NA,"summer","summer.forage"
"RR1174","T14",5,2,2016-07-11,2016-07-26,16,0,16,"Rocky_River",NA,"summer","summer.forage"
"RR1174","T15",5,1,2016-07-27,2016-08-11,16,0,16,"Rocky_River",NA,"summer","summer.forage"
"RR1174","T16",9,1,2016-08-12,2016-08-27,16,0,16,"Rocky_River",NA,"summer","summer.forage"
"RR1174","T17",4,2,2016-08-28,2016-09-12,16,0,16,"Rocky_River",NA,"summer","summer.forage"
"RR1174","T18",3,0,2016-09-13,2016-09-28,16,0,16,"Rocky_River",NA,"autumn","summer.forage"
"RR1174","T19",4,1,2016-09-29,2016-10-14,16,0,16,"Rocky_River",NA,"autumn","rut"
"RR1174","T2",12,1,2017-01-17,2017-02-01,16,0,16,"Rocky_River",NA,"winter","winter.forage"
"RR1174","T20",6,1,2016-10-15,2016-10-30,16,0,16,"Rocky_River",NA,"autumn","rut"
"RR1174","T21",22,0,2016-10-31,2016-11-15,16,0,16,"Rocky_River",NA,"autumn","rut"
"RR1174","T22",11,1,2016-11-16,2016-12-01,16,0,16,"Rocky_River",NA,"autumn","rut"
"RR1174","T23",9,1,2016-12-02,2016-12-17,16,0,16,"Rocky_River",NA,"autumn","rut"
"RR1174","T24",5,2,2016-12-18,2016-12-31,14,0,14,"Rocky_River",NA,"winter","rut"
"RR1174","T3",13,1,2017-02-02,2017-02-17,16,0,16,"Rocky_River",NA,"winter","winter.forage"
"RR1174","T4",6,3,2017-02-18,2017-03-05,16,0,16,"Rocky_River",NA,"winter","winter.forage"
"RR1174","T5",6,1,2017-03-06,2017-03-21,16,0,16,"Rocky_River",NA,"winter","winter.forage"
"RR1174","T6",4,2,2017-03-22,2017-04-06,16,0,16,"Rocky_River",NA,"spring","winter.forage"
"RR1174","T7",8,0,2017-04-07,2017-04-22,16,0,16,"Rocky_River",NA,"spring","fawning"
"RR1174","T8",11,0,2017-04-23,2017-05-08,16,0,16,"Rocky_River",NA,"spring","fawning"
"RR1174","T9",12,0,2017-05-09,2017-05-24,16,0,16,"Rocky_River",NA,"spring","fawning"
"RR1182","T1",37,0,2017-01-01,2017-01-16,16,0,16,"Rocky_River",NA,"winter","winter.forage"
"RR1182","T10",7,0,2017-05-25,2017-06-09,16,0,16,"Rocky_River",NA,"spring","fawning"
"RR1182","T11",7,0,2017-06-10,2017-06-25,16,0,16,"Rocky_River",NA,"spring","fawning"
"RR1182","T12",0,0,2017-06-26,2017-06-30,5,0,5,"Rocky_River",NA,"summer","fawning"
"RR1182","T13",4,0,2016-07-01,2016-07-10,10,0,10,"Rocky_River",NA,"summer","summer.forage"
"RR1182","T14",4,0,2016-07-11,2016-07-26,16,0,16,"Rocky_River",NA,"summer","summer.forage"
"RR1182","T15",1,0,2016-07-27,2016-08-11,16,0,16,"Rocky_River",NA,"summer","summer.forage"
"RR1182","T16",16,0,2016-08-12,2016-08-27,16,0,16,"Rocky_River",NA,"summer","summer.forage"
"RR1182","T17",15,0,2016-08-28,2016-09-12,16,0,16,"Rocky_River",NA,"summer","summer.forage"
"RR1182","T18",19,0,2016-09-13,2016-09-28,16,0,16,"Rocky_River",NA,"autumn","summer.forage"
"RR1182","T19",17,0,2016-09-29,2016-10-14,16,0,16,"Rocky_River",NA,"autumn","rut"
"RR1182","T2",34,0,2017-01-17,2017-02-01,16,0,16,"Rocky_River",NA,"winter","winter.forage"
"RR1182","T20",28,0,2016-10-15,2016-10-30,16,0,16,"Rocky_River",NA,"autumn","rut"
"RR1182","T21",79,0,2016-10-31,2016-11-15,16,0,16,"Rocky_River",NA,"autumn","rut"
"RR1182","T22",26,1,2016-11-16,2016-12-01,16,0,16,"Rocky_River",NA,"autumn","rut"
"RR1182","T23",43,0,2016-12-02,2016-12-17,16,0,16,"Rocky_River",NA,"autumn","rut"
"RR1182","T24",35,0,2016-12-18,2016-12-31,14,0,14,"Rocky_River",NA,"winter","rut"
"RR1182","T3",18,0,2017-02-02,2017-02-17,16,0,16,"Rocky_River",NA,"winter","winter.forage"
"RR1182","T4",9,0,2017-02-18,2017-03-05,16,0,16,"Rocky_River",NA,"winter","winter.forage"
"RR1182","T5",6,0,2017-03-06,2017-03-21,16,0,16,"Rocky_River",NA,"winter","winter.forage"
"RR1182","T6",15,0,2017-03-22,2017-04-06,16,0,16,"Rocky_River",NA,"spring","winter.forage"
"RR1182","T7",8,0,2017-04-07,2017-04-22,16,0,16,"Rocky_River",NA,"spring","fawning"
"RR1182","T8",3,0,2017-04-23,2017-05-08,16,0,16,"Rocky_River",NA,"spring","fawning"
"RR1182","T9",6,0,2017-05-09,2017-05-24,16,0,16,"Rocky_River",NA,"spring","fawning"
"SC1016","T1",1,0,2017-01-01,2017-01-16,16,0,16,"South_Chagrin",NA,"winter","winter.forage"
"SC1016","T10",1,1,2017-05-25,2017-06-09,16,0,16,"South_Chagrin",NA,"spring","fawning"
"SC1016","T11",0,0,2017-06-10,2017-06-25,16,0,16,"South_Chagrin",NA,"spring","fawning"
"SC1016","T12",0,0,2017-06-26,2017-06-30,5,0,5,"South_Chagrin",NA,"summer","fawning"
"SC1016","T13",1,0,2016-07-01,2016-07-10,10,0,10,"South_Chagrin",NA,"summer","summer.forage"
"SC1016","T14",1,0,2016-07-11,2016-07-26,16,0,16,"South_Chagrin",NA,"summer","summer.forage"
"SC1016","T15",2,0,2016-07-27,2016-08-11,16,0,16,"South_Chagrin",NA,"summer","summer.forage"
"SC1016","T16",2,0,2016-08-12,2016-08-27,16,0,16,"South_Chagrin",NA,"summer","summer.forage"
"SC1016","T17",1,0,2016-08-28,2016-09-12,16,0,16,"South_Chagrin",NA,"summer","summer.forage"
"SC1016","T18",3,0,2016-09-13,2016-09-28,16,0,16,"South_Chagrin",NA,"autumn","summer.forage"
"SC1016","T19",1,0,2016-09-29,2016-10-14,16,0,16,"South_Chagrin",NA,"autumn","rut"
"SC1016","T2",1,0,2017-01-17,2017-02-01,16,0,16,"South_Chagrin",NA,"winter","winter.forage"
"SC1016","T20",4,0,2016-10-15,2016-10-30,16,0,16,"South_Chagrin",NA,"autumn","rut"
"SC1016","T21",3,0,2016-10-31,2016-11-15,16,0,16,"South_Chagrin",NA,"autumn","rut"
"SC1016","T22",2,0,2016-11-16,2016-12-01,16,0,16,"South_Chagrin",NA,"autumn","rut"
"SC1016","T23",0,0,2016-12-02,2016-12-17,16,0,16,"South_Chagrin",NA,"autumn","rut"
"SC1016","T24",2,0,2016-12-18,2016-12-31,14,0,14,"South_Chagrin",NA,"winter","rut"
"SC1016","T3",0,0,2017-02-02,2017-02-17,16,0,16,"South_Chagrin",NA,"winter","winter.forage"
"SC1016","T4",3,1,2017-02-18,2017-03-05,16,0,16,"South_Chagrin",NA,"winter","winter.forage"
"SC1016","T5",0,0,2017-03-06,2017-03-21,16,0,16,"South_Chagrin",NA,"winter","winter.forage"
"SC1016","T6",6,0,2017-03-22,2017-04-06,16,0,16,"South_Chagrin",NA,"spring","winter.forage"
"SC1016","T7",5,1,2017-04-07,2017-04-22,16,0,16,"South_Chagrin",NA,"spring","fawning"
"SC1016","T8",5,1,2017-04-23,2017-05-08,16,0,16,"South_Chagrin",NA,"spring","fawning"
"SC1016","T9",2,0,2017-05-09,2017-05-24,16,0,16,"South_Chagrin",NA,"spring","fawning"
"SC1027","T1",1,0,2017-01-01,2017-01-16,16,0,16,"South_Chagrin",NA,"winter","winter.forage"
"SC1027","T10",1,0,2017-05-25,2017-06-09,16,0,16,"South_Chagrin",NA,"spring","fawning"
"SC1027","T11",4,0,2017-06-10,2017-06-25,16,0,16,"South_Chagrin",NA,"spring","fawning"
"SC1027","T12",0,0,2017-06-26,2017-06-30,5,0,5,"South_Chagrin",NA,"summer","fawning"
"SC1027","T13",0,0,2016-07-01,2016-07-10,10,0,10,"South_Chagrin",NA,"summer","summer.forage"
"SC1027","T14",2,0,2016-07-11,2016-07-26,16,0,16,"South_Chagrin",NA,"summer","summer.forage"
"SC1027","T15",0,0,2016-07-27,2016-08-11,16,0,16,"South_Chagrin",NA,"summer","summer.forage"
"SC1027","T16",5,1,2016-08-12,2016-08-27,16,0,16,"South_Chagrin",NA,"summer","summer.forage"
"SC1027","T17",5,0,2016-08-28,2016-09-12,16,0,16,"South_Chagrin",NA,"summer","summer.forage"
"SC1027","T18",0,0,2016-09-13,2016-09-28,16,0,16,"South_Chagrin",NA,"autumn","summer.forage"
"SC1027","T19",4,0,2016-09-29,2016-10-14,16,0,16,"South_Chagrin",NA,"autumn","rut"
"SC1027","T2",0,0,2017-01-17,2017-02-01,16,0,16,"South_Chagrin",NA,"winter","winter.forage"
"SC1027","T20",13,1,2016-10-15,2016-10-30,16,0,16,"South_Chagrin",NA,"autumn","rut"
"SC1027","T21",25,0,2016-10-31,2016-11-15,16,0,16,"South_Chagrin",NA,"autumn","rut"
"SC1027","T22",8,0,2016-11-16,2016-12-01,16,0,16,"South_Chagrin",NA,"autumn","rut"
"SC1027","T23",10,0,2016-12-02,2016-12-17,16,0,16,"South_Chagrin",NA,"autumn","rut"
"SC1027","T24",0,0,2016-12-18,2016-12-31,14,0,14,"South_Chagrin",NA,"winter","rut"
"SC1027","T3",0,0,2017-02-02,2017-02-17,16,0,16,"South_Chagrin",NA,"winter","winter.forage"
"SC1027","T4",0,0,2017-02-18,2017-03-05,16,0,16,"South_Chagrin",NA,"winter","winter.forage"
"SC1027","T5",1,1,2017-03-06,2017-03-21,16,0,16,"South_Chagrin",NA,"winter","winter.forage"
"SC1027","T6",1,1,2017-03-22,2017-04-06,16,0,16,"South_Chagrin",NA,"spring","winter.forage"
"SC1027","T7",1,1,2017-04-07,2017-04-22,16,0,16,"South_Chagrin",NA,"spring","fawning"
"SC1027","T8",1,1,2017-04-23,2017-05-08,16,0,16,"South_Chagrin",NA,"spring","fawning"
"SC1027","T9",3,0,2017-05-09,2017-05-24,16,0,16,"South_Chagrin",NA,"spring","fawning"
"SC1032","T1",0,0,2017-01-01,2017-01-16,16,0,16,"South_Chagrin",NA,"winter","winter.forage"
"SC1032","T10",0,0,2017-05-25,2017-06-09,16,0,16,"South_Chagrin",NA,"spring","fawning"
"SC1032","T11",0,0,2017-06-10,2017-06-25,16,0,16,"South_Chagrin",NA,"spring","fawning"
"SC1032","T12",1,0,2017-06-26,2017-06-30,5,0,5,"South_Chagrin",NA,"summer","fawning"
"SC1032","T13",0,0,2016-07-01,2016-07-10,10,0,10,"South_Chagrin",NA,"summer","summer.forage"
"SC1032","T14",2,0,2016-07-11,2016-07-26,16,0,16,"South_Chagrin",NA,"summer","summer.forage"
"SC1032","T15",0,0,2016-07-27,2016-08-11,16,0,16,"South_Chagrin",NA,"summer","summer.forage"
"SC1032","T16",0,0,2016-08-12,2016-08-27,16,0,16,"South_Chagrin",NA,"summer","summer.forage"
"SC1032","T17",0,0,2016-08-28,2016-09-12,16,0,16,"South_Chagrin",NA,"summer","summer.forage"
"SC1032","T18",0,0,2016-09-13,2016-09-28,16,0,16,"South_Chagrin",NA,"autumn","summer.forage"
"SC1032","T19",0,0,2016-09-29,2016-10-14,16,0,16,"South_Chagrin",NA,"autumn","rut"
"SC1032","T2",1,0,2017-01-17,2017-02-01,16,0,16,"South_Chagrin",NA,"winter","winter.forage"
"SC1032","T20",2,0,2016-10-15,2016-10-30,16,0,16,"South_Chagrin",NA,"autumn","rut"
"SC1032","T21",2,0,2016-10-31,2016-11-15,16,0,16,"South_Chagrin",NA,"autumn","rut"
"SC1032","T22",0,1,2016-11-16,2016-12-01,16,0,16,"South_Chagrin",NA,"autumn","rut"
"SC1032","T23",1,0,2016-12-02,2016-12-17,16,0,16,"South_Chagrin",NA,"autumn","rut"
"SC1032","T24",0,0,2016-12-18,2016-12-31,14,0,14,"South_Chagrin",NA,"winter","rut"
"SC1032","T3",0,0,2017-02-02,2017-02-17,16,0,16,"South_Chagrin",NA,"winter","winter.forage"
"SC1032","T4",0,3,2017-02-18,2017-03-05,16,0,16,"South_Chagrin",NA,"winter","winter.forage"
"SC1032","T5",0,0,2017-03-06,2017-03-21,16,0,16,"South_Chagrin",NA,"winter","winter.forage"
"SC1032","T6",0,0,2017-03-22,2017-04-06,16,0,16,"South_Chagrin",NA,"spring","winter.forage"
"SC1032","T7",0,0,2017-04-07,2017-04-22,16,0,16,"South_Chagrin",NA,"spring","fawning"
"SC1032","T8",1,2,2017-04-23,2017-05-08,16,0,16,"South_Chagrin",NA,"spring","fawning"
"SC1032","T9",3,0,2017-05-09,2017-05-24,16,0,16,"South_Chagrin",NA,"spring","fawning"
"SC1048","T1",8,1,2017-01-01,2017-01-16,16,0,16,"South_Chagrin",NA,"winter","winter.forage"
"SC1048","T10",17,0,2017-05-25,2017-06-09,16,0,16,"South_Chagrin",NA,"spring","fawning"
"SC1048","T11",18,0,2017-06-10,2017-06-25,16,0,16,"South_Chagrin",NA,"spring","fawning"
"SC1048","T12",0,0,2017-06-26,2017-06-30,5,0,5,"South_Chagrin",NA,"summer","fawning"
"SC1048","T13",8,0,2016-07-01,2016-07-10,10,0,10,"South_Chagrin",NA,"summer","summer.forage"
"SC1048","T14",14,0,2016-07-11,2016-07-26,16,0,16,"South_Chagrin",NA,"summer","summer.forage"
"SC1048","T15",12,0,2016-07-27,2016-08-11,16,0,16,"South_Chagrin",NA,"summer","summer.forage"
"SC1048","T16",10,0,2016-08-12,2016-08-27,16,0,16,"South_Chagrin",NA,"summer","summer.forage"
"SC1048","T17",6,1,2016-08-28,2016-09-12,16,0,16,"South_Chagrin",NA,"summer","summer.forage"
"SC1048","T18",5,0,2016-09-13,2016-09-28,16,0,16,"South_Chagrin",NA,"autumn","summer.forage"
"SC1048","T19",3,0,2016-09-29,2016-10-14,16,0,16,"South_Chagrin",NA,"autumn","rut"
"SC1048","T2",13,0,2017-01-17,2017-02-01,16,0,16,"South_Chagrin",NA,"winter","winter.forage"
"SC1048","T20",3,0,2016-10-15,2016-10-30,16,0,16,"South_Chagrin",NA,"autumn","rut"
"SC1048","T21",26,0,2016-10-31,2016-11-15,16,0,16,"South_Chagrin",NA,"autumn","rut"
"SC1048","T22",9,0,2016-11-16,2016-12-01,16,0,16,"South_Chagrin",NA,"autumn","rut"
"SC1048","T23",6,0,2016-12-02,2016-12-17,16,0,16,"South_Chagrin",NA,"autumn","rut"
"SC1048","T24",3,0,2016-12-18,2016-12-31,14,0,14,"South_Chagrin",NA,"winter","rut"
"SC1048","T3",1,0,2017-02-02,2017-02-17,16,0,16,"South_Chagrin",NA,"winter","winter.forage"
"SC1048","T4",2,1,2017-02-18,2017-03-05,16,0,16,"South_Chagrin",NA,"winter","winter.forage"
"SC1048","T5",4,0,2017-03-06,2017-03-21,16,0,16,"South_Chagrin",NA,"winter","winter.forage"
"SC1048","T6",0,0,2017-03-22,2017-04-06,16,0,16,"South_Chagrin",NA,"spring","winter.forage"
"SC1048","T7",3,0,2017-04-07,2017-04-22,16,0,16,"South_Chagrin",NA,"spring","fawning"
"SC1048","T8",6,0,2017-04-23,2017-05-08,16,0,16,"South_Chagrin",NA,"spring","fawning"
"SC1048","T9",8,0,2017-05-09,2017-05-24,16,0,16,"South_Chagrin",NA,"spring","fawning"
"SC1055","T1",2,1,2017-01-01,2017-01-16,16,0,16,"South_Chagrin",NA,"winter","winter.forage"
"SC1055","T10",9,1,2017-05-25,2017-06-09,16,0,16,"South_Chagrin",NA,"spring","fawning"
"SC1055","T11",8,0,2017-06-10,2017-06-25,16,0,16,"South_Chagrin",NA,"spring","fawning"
"SC1055","T12",0,0,2017-06-26,2017-06-30,5,0,5,"South_Chagrin",NA,"summer","fawning"
"SC1055","T13",1,0,2016-07-01,2016-07-10,10,0,10,"South_Chagrin",NA,"summer","summer.forage"
"SC1055","T14",2,0,2016-07-11,2016-07-26,16,0,16,"South_Chagrin",NA,"summer","summer.forage"
"SC1055","T15",2,1,2016-07-27,2016-08-11,16,0,16,"South_Chagrin",NA,"summer","summer.forage"
"SC1055","T16",2,1,2016-08-12,2016-08-27,16,0,16,"South_Chagrin",NA,"summer","summer.forage"
"SC1055","T17",5,2,2016-08-28,2016-09-12,16,0,16,"South_Chagrin",NA,"summer","summer.forage"
"SC1055","T18",4,1,2016-09-13,2016-09-28,16,0,16,"South_Chagrin",NA,"autumn","summer.forage"
"SC1055","T19",1,0,2016-09-29,2016-10-14,16,0,16,"South_Chagrin",NA,"autumn","rut"
"SC1055","T2",4,1,2017-01-17,2017-02-01,16,0,16,"South_Chagrin",NA,"winter","winter.forage"
"SC1055","T20",3,0,2016-10-15,2016-10-30,16,0,16,"South_Chagrin",NA,"autumn","rut"
"SC1055","T21",4,5,2016-10-31,2016-11-15,16,0,16,"South_Chagrin",NA,"autumn","rut"
"SC1055","T22",0,2,2016-11-16,2016-12-01,16,0,16,"South_Chagrin",NA,"autumn","rut"
"SC1055","T23",1,1,2016-12-02,2016-12-17,16,0,16,"South_Chagrin",NA,"autumn","rut"
"SC1055","T24",3,0,2016-12-18,2016-12-31,14,0,14,"South_Chagrin",NA,"winter","rut"
"SC1055","T3",0,0,2017-02-02,2017-02-17,16,0,16,"South_Chagrin",NA,"winter","winter.forage"
"SC1055","T4",0,0,2017-02-18,2017-03-05,16,0,16,"South_Chagrin",NA,"winter","winter.forage"
"SC1055","T5",1,1,2017-03-06,2017-03-21,16,0,16,"South_Chagrin",NA,"winter","winter.forage"
"SC1055","T6",1,2,2017-03-22,2017-04-06,16,0,16,"South_Chagrin",NA,"spring","winter.forage"
"SC1055","T7",0,0,2017-04-07,2017-04-22,16,0,16,"South_Chagrin",NA,"spring","fawning"
"SC1055","T8",0,0,2017-04-23,2017-05-08,16,0,16,"South_Chagrin",NA,"spring","fawning"
"SC1055","T9",0,3,2017-05-09,2017-05-24,16,0,16,"South_Chagrin",NA,"spring","fawning"
"SC1060","T1",4,0,2017-01-01,2017-01-16,16,0,16,"South_Chagrin",NA,"winter","winter.forage"
"SC1060","T10",7,0,2017-05-25,2017-06-09,16,0,16,"South_Chagrin",NA,"spring","fawning"
"SC1060","T11",2,0,2017-06-10,2017-06-25,16,0,16,"South_Chagrin",NA,"spring","fawning"
"SC1060","T12",0,0,2017-06-26,2017-06-30,5,0,5,"South_Chagrin",NA,"summer","fawning"
"SC1060","T13",5,0,2016-07-01,2016-07-10,10,0,10,"South_Chagrin",NA,"summer","summer.forage"
"SC1060","T14",6,0,2016-07-11,2016-07-26,16,0,16,"South_Chagrin",NA,"summer","summer.forage"
"SC1060","T15",1,0,2016-07-27,2016-08-11,16,0,16,"South_Chagrin",NA,"summer","summer.forage"
"SC1060","T16",3,0,2016-08-12,2016-08-27,16,0,16,"South_Chagrin",NA,"summer","summer.forage"
"SC1060","T17",1,0,2016-08-28,2016-09-12,16,0,16,"South_Chagrin",NA,"summer","summer.forage"
"SC1060","T18",6,0,2016-09-13,2016-09-28,16,0,16,"South_Chagrin",NA,"autumn","summer.forage"
"SC1060","T19",4,0,2016-09-29,2016-10-14,16,0,16,"South_Chagrin",NA,"autumn","rut"
"SC1060","T2",2,0,2017-01-17,2017-02-01,16,0,16,"South_Chagrin",NA,"winter","winter.forage"
"SC1060","T20",2,0,2016-10-15,2016-10-30,16,0,16,"South_Chagrin",NA,"autumn","rut"
"SC1060","T21",5,0,2016-10-31,2016-11-15,16,0,16,"South_Chagrin",NA,"autumn","rut"
"SC1060","T22",2,0,2016-11-16,2016-12-01,16,0,16,"South_Chagrin",NA,"autumn","rut"
"SC1060","T23",1,1,2016-12-02,2016-12-17,16,0,16,"South_Chagrin",NA,"autumn","rut"
"SC1060","T24",2,1,2016-12-18,2016-12-31,14,0,14,"South_Chagrin",NA,"winter","rut"
"SC1060","T3",4,0,2017-02-02,2017-02-17,16,0,16,"South_Chagrin",NA,"winter","winter.forage"
"SC1060","T4",2,3,2017-02-18,2017-03-05,16,0,16,"South_Chagrin",NA,"winter","winter.forage"
"SC1060","T5",0,1,2017-03-06,2017-03-21,16,0,16,"South_Chagrin",NA,"winter","winter.forage"
"SC1060","T6",8,0,2017-03-22,2017-04-06,16,0,16,"South_Chagrin",NA,"spring","winter.forage"
"SC1060","T7",9,0,2017-04-07,2017-04-22,16,0,16,"South_Chagrin",NA,"spring","fawning"
"SC1060","T8",21,0,2017-04-23,2017-05-08,16,0,16,"South_Chagrin",NA,"spring","fawning"
"SC1060","T9",4,0,2017-05-09,2017-05-24,16,0,16,"South_Chagrin",NA,"spring","fawning"
"SC1064","T1",7,3,2017-01-01,2017-01-16,16,0,16,"South_Chagrin",NA,"winter","winter.forage"
"SC1064","T10",2,0,2017-05-25,2017-06-09,16,0,16,"South_Chagrin",NA,"spring","fawning"
"SC1064","T11",1,0,2017-06-10,2017-06-25,16,0,16,"South_Chagrin",NA,"spring","fawning"
"SC1064","T12",0,0,2017-06-26,2017-06-30,5,0,5,"South_Chagrin",NA,"summer","fawning"
"SC1064","T13",7,0,2016-07-01,2016-07-10,10,0,10,"South_Chagrin",NA,"summer","summer.forage"
"SC1064","T14",11,0,2016-07-11,2016-07-26,16,0,16,"South_Chagrin",NA,"summer","summer.forage"
"SC1064","T15",1,0,2016-07-27,2016-08-11,16,0,16,"South_Chagrin",NA,"summer","summer.forage"
"SC1064","T16",0,0,2016-08-12,2016-08-27,16,0,16,"South_Chagrin",NA,"summer","summer.forage"
"SC1064","T17",5,0,2016-08-28,2016-09-12,16,0,16,"South_Chagrin",NA,"summer","summer.forage"
"SC1064","T18",5,0,2016-09-13,2016-09-28,16,0,16,"South_Chagrin",NA,"autumn","summer.forage"
"SC1064","T19",3,0,2016-09-29,2016-10-14,16,0,16,"South_Chagrin",NA,"autumn","rut"
"SC1064","T2",4,0,2017-01-17,2017-02-01,16,0,16,"South_Chagrin",NA,"winter","winter.forage"
"SC1064","T20",0,0,2016-10-15,2016-10-30,16,0,16,"South_Chagrin",NA,"autumn","rut"
"SC1064","T21",8,1,2016-10-31,2016-11-15,16,0,16,"South_Chagrin",NA,"autumn","rut"
"SC1064","T22",7,0,2016-11-16,2016-12-01,16,0,16,"South_Chagrin",NA,"autumn","rut"
"SC1064","T23",6,6,2016-12-02,2016-12-17,16,0,16,"South_Chagrin",NA,"autumn","rut"
"SC1064","T24",5,1,2016-12-18,2016-12-31,14,0,14,"South_Chagrin",NA,"winter","rut"
"SC1064","T3",4,0,2017-02-02,2017-02-17,16,0,16,"South_Chagrin",NA,"winter","winter.forage"
"SC1064","T4",7,2,2017-02-18,2017-03-05,16,0,16,"South_Chagrin",NA,"winter","winter.forage"
"SC1064","T5",4,1,2017-03-06,2017-03-21,16,0,16,"South_Chagrin",NA,"winter","winter.forage"
"SC1064","T6",13,1,2017-03-22,2017-04-06,16,0,16,"South_Chagrin",NA,"spring","winter.forage"
"SC1064","T7",3,0,2017-04-07,2017-04-22,16,0,16,"South_Chagrin",NA,"spring","fawning"
"SC1064","T8",8,0,2017-04-23,2017-05-08,16,0,16,"South_Chagrin",NA,"spring","fawning"
"SC1064","T9",2,0,2017-05-09,2017-05-24,16,0,16,"South_Chagrin",NA,"spring","fawning"
"SC1075","T1",15,0,2017-01-01,2017-01-16,16,0,16,"South_Chagrin",NA,"winter","winter.forage"
"SC1075","T10",13,1,2017-05-25,2017-06-09,16,0,16,"South_Chagrin",NA,"spring","fawning"
"SC1075","T11",4,0,2017-06-10,2017-06-25,16,0,16,"South_Chagrin",NA,"spring","fawning"
"SC1075","T12",0,0,2017-06-26,2017-06-30,5,0,5,"South_Chagrin",NA,"summer","fawning"
"SC1075","T13",13,0,2016-07-01,2016-07-10,10,0,10,"South_Chagrin",NA,"summer","summer.forage"
"SC1075","T14",9,0,2016-07-11,2016-07-26,16,0,16,"South_Chagrin",NA,"summer","summer.forage"
"SC1075","T15",11,0,2016-07-27,2016-08-11,16,0,16,"South_Chagrin",NA,"summer","summer.forage"
"SC1075","T16",7,0,2016-08-12,2016-08-27,16,0,16,"South_Chagrin",NA,"summer","summer.forage"
"SC1075","T17",11,0,2016-08-28,2016-09-12,16,0,16,"South_Chagrin",NA,"summer","summer.forage"
"SC1075","T18",6,0,2016-09-13,2016-09-28,16,0,16,"South_Chagrin",NA,"autumn","summer.forage"
"SC1075","T19",8,0,2016-09-29,2016-10-14,16,0,16,"South_Chagrin",NA,"autumn","rut"
"SC1075","T2",6,0,2017-01-17,2017-02-01,16,0,16,"South_Chagrin",NA,"winter","winter.forage"
"SC1075","T20",3,0,2016-10-15,2016-10-30,16,0,16,"South_Chagrin",NA,"autumn","rut"
"SC1075","T21",12,0,2016-10-31,2016-11-15,16,0,16,"South_Chagrin",NA,"autumn","rut"
"SC1075","T22",12,0,2016-11-16,2016-12-01,16,0,16,"South_Chagrin",NA,"autumn","rut"
"SC1075","T23",8,0,2016-12-02,2016-12-17,16,0,16,"South_Chagrin",NA,"autumn","rut"
"SC1075","T24",5,1,2016-12-18,2016-12-31,14,0,14,"South_Chagrin",NA,"winter","rut"
"SC1075","T3",11,0,2017-02-02,2017-02-17,16,0,16,"South_Chagrin",NA,"winter","winter.forage"
"SC1075","T4",6,1,2017-02-18,2017-03-05,16,0,16,"South_Chagrin",NA,"winter","winter.forage"
"SC1075","T5",2,1,2017-03-06,2017-03-21,16,0,16,"South_Chagrin",NA,"winter","winter.forage"
"SC1075","T6",9,1,2017-03-22,2017-04-06,16,0,16,"South_Chagrin",NA,"spring","winter.forage"
"SC1075","T7",13,0,2017-04-07,2017-04-22,16,0,16,"South_Chagrin",NA,"spring","fawning"
"SC1075","T8",17,1,2017-04-23,2017-05-08,16,0,16,"South_Chagrin",NA,"spring","fawning"
"SC1075","T9",11,0,2017-05-09,2017-05-24,16,0,16,"South_Chagrin",NA,"spring","fawning"
"SC1080","T1",6,0,2017-01-01,2017-01-16,16,0,16,"South_Chagrin",NA,"winter","winter.forage"
"SC1080","T10",28,0,2017-05-25,2017-06-09,16,0,16,"South_Chagrin",NA,"spring","fawning"
"SC1080","T11",25,1,2017-06-10,2017-06-25,16,0,16,"South_Chagrin",NA,"spring","fawning"
"SC1080","T12",3,0,2017-06-26,2017-06-30,5,0,5,"South_Chagrin",NA,"summer","fawning"
"SC1080","T13",5,0,2016-07-01,2016-07-10,10,0,10,"South_Chagrin",NA,"summer","summer.forage"
"SC1080","T14",10,1,2016-07-11,2016-07-26,16,0,16,"South_Chagrin",NA,"summer","summer.forage"
"SC1080","T15",10,0,2016-07-27,2016-08-11,16,0,16,"South_Chagrin",NA,"summer","summer.forage"
"SC1080","T16",1,0,2016-08-12,2016-08-27,16,0,16,"South_Chagrin",NA,"summer","summer.forage"
"SC1080","T17",5,3,2016-08-28,2016-09-12,16,0,16,"South_Chagrin",NA,"summer","summer.forage"
"SC1080","T18",21,0,2016-09-13,2016-09-28,16,0,16,"South_Chagrin",NA,"autumn","summer.forage"
"SC1080","T19",15,0,2016-09-29,2016-10-14,16,0,16,"South_Chagrin",NA,"autumn","rut"
"SC1080","T2",8,0,2017-01-17,2017-02-01,16,0,16,"South_Chagrin",NA,"winter","winter.forage"
"SC1080","T20",9,0,2016-10-15,2016-10-30,16,0,16,"South_Chagrin",NA,"autumn","rut"
"SC1080","T21",34,0,2016-10-31,2016-11-15,16,0,16,"South_Chagrin",NA,"autumn","rut"
"SC1080","T22",27,0,2016-11-16,2016-12-01,16,0,16,"South_Chagrin",NA,"autumn","rut"
"SC1080","T23",10,0,2016-12-02,2016-12-17,16,0,16,"South_Chagrin",NA,"autumn","rut"
"SC1080","T24",22,1,2016-12-18,2016-12-31,14,0,14,"South_Chagrin",NA,"winter","rut"
"SC1080","T3",3,0,2017-02-02,2017-02-17,16,0,16,"South_Chagrin",NA,"winter","winter.forage"
"SC1080","T4",3,0,2017-02-18,2017-03-05,16,0,16,"South_Chagrin",NA,"winter","winter.forage"
"SC1080","T5",1,0,2017-03-06,2017-03-21,16,0,16,"South_Chagrin",NA,"winter","winter.forage"
"SC1080","T6",8,0,2017-03-22,2017-04-06,16,0,16,"South_Chagrin",NA,"spring","winter.forage"
"SC1080","T7",4,1,2017-04-07,2017-04-22,16,0,16,"South_Chagrin",NA,"spring","fawning"
"SC1080","T8",5,0,2017-04-23,2017-05-08,16,0,16,"South_Chagrin",NA,"spring","fawning"
"SC1080","T9",9,0,2017-05-09,2017-05-24,16,0,16,"South_Chagrin",NA,"spring","fawning"
"SC1108","T1",1,0,2017-01-01,2017-01-16,16,0,16,"South_Chagrin",NA,"winter","winter.forage"
"SC1108","T10",3,0,2017-05-25,2017-06-09,16,0,16,"South_Chagrin",NA,"spring","fawning"
"SC1108","T11",1,0,2017-06-10,2017-06-25,16,0,16,"South_Chagrin",NA,"spring","fawning"
"SC1108","T12",0,0,2017-06-26,2017-06-30,5,0,5,"South_Chagrin",NA,"summer","fawning"
"SC1108","T13",4,0,2016-07-01,2016-07-10,10,0,10,"South_Chagrin",NA,"summer","summer.forage"
"SC1108","T14",6,0,2016-07-11,2016-07-26,16,0,16,"South_Chagrin",NA,"summer","summer.forage"
"SC1108","T15",16,0,2016-07-27,2016-08-11,16,0,16,"South_Chagrin",NA,"summer","summer.forage"
"SC1108","T16",9,0,2016-08-12,2016-08-27,16,0,16,"South_Chagrin",NA,"summer","summer.forage"
"SC1108","T17",18,0,2016-08-28,2016-09-12,16,0,16,"South_Chagrin",NA,"summer","summer.forage"
"SC1108","T18",5,0,2016-09-13,2016-09-28,16,0,16,"South_Chagrin",NA,"autumn","summer.forage"
"SC1108","T19",9,0,2016-09-29,2016-10-14,16,0,16,"South_Chagrin",NA,"autumn","rut"
"SC1108","T2",1,0,2017-01-17,2017-02-01,16,0,16,"South_Chagrin",NA,"winter","winter.forage"
"SC1108","T20",19,0,2016-10-15,2016-10-30,16,0,16,"South_Chagrin",NA,"autumn","rut"
"SC1108","T21",14,0,2016-10-31,2016-11-15,16,0,16,"South_Chagrin",NA,"autumn","rut"
"SC1108","T22",8,0,2016-11-16,2016-12-01,16,0,16,"South_Chagrin",NA,"autumn","rut"
"SC1108","T23",6,0,2016-12-02,2016-12-17,16,0,16,"South_Chagrin",NA,"autumn","rut"
"SC1108","T24",1,0,2016-12-18,2016-12-31,14,0,14,"South_Chagrin",NA,"winter","rut"
"SC1108","T3",1,0,2017-02-02,2017-02-17,16,0,16,"South_Chagrin",NA,"winter","winter.forage"
"SC1108","T4",0,0,2017-02-18,2017-03-05,16,0,16,"South_Chagrin",NA,"winter","winter.forage"
"SC1108","T5",2,0,2017-03-06,2017-03-21,16,0,16,"South_Chagrin",NA,"winter","winter.forage"
"SC1108","T6",6,0,2017-03-22,2017-04-06,16,0,16,"South_Chagrin",NA,"spring","winter.forage"
"SC1108","T7",8,0,2017-04-07,2017-04-22,16,0,16,"South_Chagrin",NA,"spring","fawning"
"SC1108","T8",4,0,2017-04-23,2017-05-08,16,0,16,"South_Chagrin",NA,"spring","fawning"
"SC1108","T9",9,0,2017-05-09,2017-05-24,16,0,16,"South_Chagrin",NA,"spring","fawning"
"SC1112","T1",3,0,2017-01-01,2017-01-16,16,0,16,"South_Chagrin",NA,"winter","winter.forage"
"SC1112","T10",5,0,2017-05-25,2017-06-09,16,0,16,"South_Chagrin",NA,"spring","fawning"
"SC1112","T11",2,0,2017-06-10,2017-06-25,16,0,16,"South_Chagrin",NA,"spring","fawning"
"SC1112","T12",2,0,2017-06-26,2017-06-30,5,0,5,"South_Chagrin",NA,"summer","fawning"
"SC1112","T13",1,0,2016-07-01,2016-07-10,10,0,10,"South_Chagrin",NA,"summer","summer.forage"
"SC1112","T14",2,0,2016-07-11,2016-07-26,16,0,16,"South_Chagrin",NA,"summer","summer.forage"
"SC1112","T15",1,0,2016-07-27,2016-08-11,16,0,16,"South_Chagrin",NA,"summer","summer.forage"
"SC1112","T16",3,0,2016-08-12,2016-08-27,16,0,16,"South_Chagrin",NA,"summer","summer.forage"
"SC1112","T17",21,0,2016-08-28,2016-09-12,16,0,16,"South_Chagrin",NA,"summer","summer.forage"
"SC1112","T18",6,0,2016-09-13,2016-09-28,16,0,16,"South_Chagrin",NA,"autumn","summer.forage"
"SC1112","T19",2,0,2016-09-29,2016-10-14,16,0,16,"South_Chagrin",NA,"autumn","rut"
"SC1112","T2",0,0,2017-01-17,2017-02-01,16,0,16,"South_Chagrin",NA,"winter","winter.forage"
"SC1112","T20",1,0,2016-10-15,2016-10-30,16,0,16,"South_Chagrin",NA,"autumn","rut"
"SC1112","T21",3,0,2016-10-31,2016-11-15,16,0,16,"South_Chagrin",NA,"autumn","rut"
"SC1112","T22",2,0,2016-11-16,2016-12-01,16,0,16,"South_Chagrin",NA,"autumn","rut"
"SC1112","T23",4,0,2016-12-02,2016-12-17,16,0,16,"South_Chagrin",NA,"autumn","rut"
"SC1112","T24",1,0,2016-12-18,2016-12-31,14,0,14,"South_Chagrin",NA,"winter","rut"
"SC1112","T3",0,0,2017-02-02,2017-02-17,16,0,16,"South_Chagrin",NA,"winter","winter.forage"
"SC1112","T4",0,0,2017-02-18,2017-03-05,16,0,16,"South_Chagrin",NA,"winter","winter.forage"
"SC1112","T5",0,0,2017-03-06,2017-03-21,16,0,16,"South_Chagrin",NA,"winter","winter.forage"
"SC1112","T6",0,0,2017-03-22,2017-04-06,16,0,16,"South_Chagrin",NA,"spring","winter.forage"
"SC1112","T7",6,0,2017-04-07,2017-04-22,16,0,16,"South_Chagrin",NA,"spring","fawning"
"SC1112","T8",5,0,2017-04-23,2017-05-08,16,0,16,"South_Chagrin",NA,"spring","fawning"
"SC1112","T9",3,0,2017-05-09,2017-05-24,16,0,16,"South_Chagrin",NA,"spring","fawning"
"SC1119","T1",4,2,2017-01-01,2017-01-16,16,0,16,"South_Chagrin",NA,"winter","winter.forage"
"SC1119","T10",12,0,2017-05-25,2017-06-09,16,0,16,"South_Chagrin",NA,"spring","fawning"
"SC1119","T11",3,2,2017-06-10,2017-06-25,16,0,16,"South_Chagrin",NA,"spring","fawning"
"SC1119","T12",0,0,2017-06-26,2017-06-30,5,0,5,"South_Chagrin",NA,"summer","fawning"
"SC1119","T13",7,0,2016-07-01,2016-07-10,10,0,10,"South_Chagrin",NA,"summer","summer.forage"
"SC1119","T14",26,2,2016-07-11,2016-07-26,16,0,16,"South_Chagrin",NA,"summer","summer.forage"
"SC1119","T15",10,2,2016-07-27,2016-08-11,16,0,16,"South_Chagrin",NA,"summer","summer.forage"
"SC1119","T16",6,0,2016-08-12,2016-08-27,16,0,16,"South_Chagrin",NA,"summer","summer.forage"
"SC1119","T17",4,2,2016-08-28,2016-09-12,16,0,16,"South_Chagrin",NA,"summer","summer.forage"
"SC1119","T18",9,0,2016-09-13,2016-09-28,16,0,16,"South_Chagrin",NA,"autumn","summer.forage"
"SC1119","T19",12,4,2016-09-29,2016-10-14,16,0,16,"South_Chagrin",NA,"autumn","rut"
"SC1119","T2",2,2,2017-01-17,2017-02-01,16,0,16,"South_Chagrin",NA,"winter","winter.forage"
"SC1119","T20",16,1,2016-10-15,2016-10-30,16,0,16,"South_Chagrin",NA,"autumn","rut"
"SC1119","T21",20,0,2016-10-31,2016-11-15,16,0,16,"South_Chagrin",NA,"autumn","rut"
"SC1119","T22",25,2,2016-11-16,2016-12-01,16,0,16,"South_Chagrin",NA,"autumn","rut"
"SC1119","T23",8,3,2016-12-02,2016-12-17,16,0,16,"South_Chagrin",NA,"autumn","rut"
"SC1119","T24",9,2,2016-12-18,2016-12-31,14,0,14,"South_Chagrin",NA,"winter","rut"
"SC1119","T3",3,2,2017-02-02,2017-02-17,16,0,16,"South_Chagrin",NA,"winter","winter.forage"
"SC1119","T4",8,0,2017-02-18,2017-03-05,16,0,16,"South_Chagrin",NA,"winter","winter.forage"
"SC1119","T5",7,1,2017-03-06,2017-03-21,16,0,16,"South_Chagrin",NA,"winter","winter.forage"
"SC1119","T6",2,0,2017-03-22,2017-04-06,16,0,16,"South_Chagrin",NA,"spring","winter.forage"
"SC1119","T7",6,2,2017-04-07,2017-04-22,16,0,16,"South_Chagrin",NA,"spring","fawning"
"SC1119","T8",20,0,2017-04-23,2017-05-08,16,0,16,"South_Chagrin",NA,"spring","fawning"
"SC1119","T9",16,5,2017-05-09,2017-05-24,16,0,16,"South_Chagrin",NA,"spring","fawning"
"SC1124","T1",4,0,2017-01-01,2017-01-16,16,0,16,"South_Chagrin",NA,"winter","winter.forage"
"SC1124","T10",17,0,2017-05-25,2017-06-09,16,0,16,"South_Chagrin",NA,"spring","fawning"
"SC1124","T11",21,0,2017-06-10,2017-06-25,16,0,16,"South_Chagrin",NA,"spring","fawning"
"SC1124","T12",3,0,2017-06-26,2017-06-30,5,0,5,"South_Chagrin",NA,"summer","fawning"
"SC1124","T13",4,0,2016-07-01,2016-07-10,10,0,10,"South_Chagrin",NA,"summer","summer.forage"
"SC1124","T14",23,0,2016-07-11,2016-07-26,16,0,16,"South_Chagrin",NA,"summer","summer.forage"
"SC1124","T15",22,0,2016-07-27,2016-08-11,16,0,16,"South_Chagrin",NA,"summer","summer.forage"
"SC1124","T16",15,0,2016-08-12,2016-08-27,16,0,16,"South_Chagrin",NA,"summer","summer.forage"
"SC1124","T17",6,0,2016-08-28,2016-09-12,16,0,16,"South_Chagrin",NA,"summer","summer.forage"
"SC1124","T18",11,0,2016-09-13,2016-09-28,16,0,16,"South_Chagrin",NA,"autumn","summer.forage"
"SC1124","T19",6,0,2016-09-29,2016-10-14,16,0,16,"South_Chagrin",NA,"autumn","rut"
"SC1124","T2",3,0,2017-01-17,2017-02-01,16,0,16,"South_Chagrin",NA,"winter","winter.forage"
"SC1124","T20",34,0,2016-10-15,2016-10-30,16,0,16,"South_Chagrin",NA,"autumn","rut"
"SC1124","T21",37,0,2016-10-31,2016-11-15,16,0,16,"South_Chagrin",NA,"autumn","rut"
"SC1124","T22",25,1,2016-11-16,2016-12-01,16,0,16,"South_Chagrin",NA,"autumn","rut"
"SC1124","T23",12,0,2016-12-02,2016-12-17,16,0,16,"South_Chagrin",NA,"autumn","rut"
"SC1124","T24",9,0,2016-12-18,2016-12-31,14,0,14,"South_Chagrin",NA,"winter","rut"
"SC1124","T3",2,0,2017-02-02,2017-02-17,16,0,16,"South_Chagrin",NA,"winter","winter.forage"
"SC1124","T4",4,2,2017-02-18,2017-03-05,16,0,16,"South_Chagrin",NA,"winter","winter.forage"
"SC1124","T5",4,0,2017-03-06,2017-03-21,16,0,16,"South_Chagrin",NA,"winter","winter.forage"
"SC1124","T6",5,0,2017-03-22,2017-04-06,16,0,16,"South_Chagrin",NA,"spring","winter.forage"
"SC1124","T7",8,0,2017-04-07,2017-04-22,16,0,16,"South_Chagrin",NA,"spring","fawning"
"SC1124","T8",6,0,2017-04-23,2017-05-08,16,0,16,"South_Chagrin",NA,"spring","fawning"
"SC1124","T9",14,0,2017-05-09,2017-05-24,16,0,16,"South_Chagrin",NA,"spring","fawning"
"SC1128","T1",23,0,2017-01-01,2017-01-16,16,0,16,"South_Chagrin",NA,"winter","winter.forage"
"SC1128","T10",17,0,2017-05-25,2017-06-09,16,0,16,"South_Chagrin",NA,"spring","fawning"
"SC1128","T11",16,0,2017-06-10,2017-06-25,16,0,16,"South_Chagrin",NA,"spring","fawning"
"SC1128","T12",0,0,2017-06-26,2017-06-30,5,0,5,"South_Chagrin",NA,"summer","fawning"
"SC1128","T13",1,0,2016-07-01,2016-07-10,10,0,10,"South_Chagrin",NA,"summer","summer.forage"
"SC1128","T14",8,2,2016-07-11,2016-07-26,16,0,16,"South_Chagrin",NA,"summer","summer.forage"
"SC1128","T15",4,0,2016-07-27,2016-08-11,16,0,16,"South_Chagrin",NA,"summer","summer.forage"
"SC1128","T16",6,2,2016-08-12,2016-08-27,16,0,16,"South_Chagrin",NA,"summer","summer.forage"
"SC1128","T17",7,0,2016-08-28,2016-09-12,16,0,16,"South_Chagrin",NA,"summer","summer.forage"
"SC1128","T18",4,0,2016-09-13,2016-09-28,16,0,16,"South_Chagrin",NA,"autumn","summer.forage"
"SC1128","T19",8,1,2016-09-29,2016-10-14,16,0,16,"South_Chagrin",NA,"autumn","rut"
"SC1128","T2",18,0,2017-01-17,2017-02-01,16,0,16,"South_Chagrin",NA,"winter","winter.forage"
"SC1128","T20",13,0,2016-10-15,2016-10-30,16,0,16,"South_Chagrin",NA,"autumn","rut"
"SC1128","T21",34,0,2016-10-31,2016-11-15,16,0,16,"South_Chagrin",NA,"autumn","rut"
"SC1128","T22",26,0,2016-11-16,2016-12-01,16,0,16,"South_Chagrin",NA,"autumn","rut"
"SC1128","T23",14,0,2016-12-02,2016-12-17,16,0,16,"South_Chagrin",NA,"autumn","rut"
"SC1128","T24",13,0,2016-12-18,2016-12-31,14,0,14,"South_Chagrin",NA,"winter","rut"
"SC1128","T3",18,2,2017-02-02,2017-02-17,16,0,16,"South_Chagrin",NA,"winter","winter.forage"
"SC1128","T4",10,0,2017-02-18,2017-03-05,16,0,16,"South_Chagrin",NA,"winter","winter.forage"
"SC1128","T5",3,0,2017-03-06,2017-03-21,16,0,16,"South_Chagrin",NA,"winter","winter.forage"
"SC1128","T6",5,1,2017-03-22,2017-04-06,16,0,16,"South_Chagrin",NA,"spring","winter.forage"
"SC1128","T7",5,1,2017-04-07,2017-04-22,16,0,16,"South_Chagrin",NA,"spring","fawning"
"SC1128","T8",5,0,2017-04-23,2017-05-08,16,0,16,"South_Chagrin",NA,"spring","fawning"
"SC1128","T9",11,0,2017-05-09,2017-05-24,16,0,16,"South_Chagrin",NA,"spring","fawning"
"SC1144","T1",11,0,2017-01-01,2017-01-16,16,0,16,"South_Chagrin",NA,"winter","winter.forage"
"SC1144","T10",4,0,2017-05-25,2017-06-09,16,0,16,"South_Chagrin",NA,"spring","fawning"
"SC1144","T11",3,0,2017-06-10,2017-06-25,16,0,16,"South_Chagrin",NA,"spring","fawning"
"SC1144","T12",0,0,2017-06-26,2017-06-30,5,0,5,"South_Chagrin",NA,"summer","fawning"
"SC1144","T13",2,2,2016-07-01,2016-07-10,10,0,10,"South_Chagrin",NA,"summer","summer.forage"
"SC1144","T14",0,0,2016-07-11,2016-07-26,16,0,16,"South_Chagrin",NA,"summer","summer.forage"
"SC1144","T15",1,2,2016-07-27,2016-08-11,16,0,16,"South_Chagrin",NA,"summer","summer.forage"
"SC1144","T16",2,0,2016-08-12,2016-08-27,16,0,16,"South_Chagrin",NA,"summer","summer.forage"
"SC1144","T17",2,0,2016-08-28,2016-09-12,16,0,16,"South_Chagrin",NA,"summer","summer.forage"
"SC1144","T18",5,2,2016-09-13,2016-09-28,16,0,16,"South_Chagrin",NA,"autumn","summer.forage"
"SC1144","T19",2,2,2016-09-29,2016-10-14,16,0,16,"South_Chagrin",NA,"autumn","rut"
"SC1144","T2",6,0,2017-01-17,2017-02-01,16,0,16,"South_Chagrin",NA,"winter","winter.forage"
"SC1144","T20",5,0,2016-10-15,2016-10-30,16,0,16,"South_Chagrin",NA,"autumn","rut"
"SC1144","T21",11,1,2016-10-31,2016-11-15,16,0,16,"South_Chagrin",NA,"autumn","rut"
"SC1144","T22",4,1,2016-11-16,2016-12-01,16,0,16,"South_Chagrin",NA,"autumn","rut"
"SC1144","T23",1,0,2016-12-02,2016-12-17,16,0,16,"South_Chagrin",NA,"autumn","rut"
"SC1144","T24",5,1,2016-12-18,2016-12-31,14,0,14,"South_Chagrin",NA,"winter","rut"
"SC1144","T3",5,0,2017-02-02,2017-02-17,16,0,16,"South_Chagrin",NA,"winter","winter.forage"
"SC1144","T4",2,2,2017-02-18,2017-03-05,16,0,16,"South_Chagrin",NA,"winter","winter.forage"
"SC1144","T5",1,0,2017-03-06,2017-03-21,16,0,16,"South_Chagrin",NA,"winter","winter.forage"
"SC1144","T6",4,1,2017-03-22,2017-04-06,16,0,16,"South_Chagrin",NA,"spring","winter.forage"
"SC1144","T7",2,0,2017-04-07,2017-04-22,16,0,16,"South_Chagrin",NA,"spring","fawning"
"SC1144","T8",5,1,2017-04-23,2017-05-08,16,0,16,"South_Chagrin",NA,"spring","fawning"
"SC1144","T9",3,2,2017-05-09,2017-05-24,16,0,16,"South_Chagrin",NA,"spring","fawning"
"SC1160","T1",14,3,2017-01-01,2017-01-16,16,0,16,"South_Chagrin",NA,"winter","winter.forage"
"SC1160","T10",20,0,2017-05-25,2017-06-09,16,0,16,"South_Chagrin",NA,"spring","fawning"
"SC1160","T11",16,1,2017-06-10,2017-06-25,16,0,16,"South_Chagrin",NA,"spring","fawning"
"SC1160","T12",0,0,2017-06-26,2017-06-30,5,0,5,"South_Chagrin",NA,"summer","fawning"
"SC1160","T13",7,0,2016-07-01,2016-07-10,10,0,10,"South_Chagrin",NA,"summer","summer.forage"
"SC1160","T14",15,9,2016-07-11,2016-07-26,16,0,16,"South_Chagrin",NA,"summer","summer.forage"
"SC1160","T15",11,16,2016-07-27,2016-08-11,16,0,16,"South_Chagrin",NA,"summer","summer.forage"
"SC1160","T16",6,10,2016-08-12,2016-08-27,16,0,16,"South_Chagrin",NA,"summer","summer.forage"
"SC1160","T17",7,13,2016-08-28,2016-09-12,16,0,16,"South_Chagrin",NA,"summer","summer.forage"
"SC1160","T18",7,9,2016-09-13,2016-09-28,16,0,16,"South_Chagrin",NA,"autumn","summer.forage"
"SC1160","T19",4,10,2016-09-29,2016-10-14,16,0,16,"South_Chagrin",NA,"autumn","rut"
"SC1160","T2",7,2,2017-01-17,2017-02-01,16,0,16,"South_Chagrin",NA,"winter","winter.forage"
"SC1160","T20",13,4,2016-10-15,2016-10-30,16,0,16,"South_Chagrin",NA,"autumn","rut"
"SC1160","T21",13,2,2016-10-31,2016-11-15,16,0,16,"South_Chagrin",NA,"autumn","rut"
"SC1160","T22",19,1,2016-11-16,2016-12-01,16,0,16,"South_Chagrin",NA,"autumn","rut"
"SC1160","T23",15,4,2016-12-02,2016-12-17,16,0,16,"South_Chagrin",NA,"autumn","rut"
"SC1160","T24",9,2,2016-12-18,2016-12-31,14,0,14,"South_Chagrin",NA,"winter","rut"
"SC1160","T3",3,1,2017-02-02,2017-02-17,16,0,16,"South_Chagrin",NA,"winter","winter.forage"
"SC1160","T4",6,0,2017-02-18,2017-03-05,16,0,16,"South_Chagrin",NA,"winter","winter.forage"
"SC1160","T5",14,3,2017-03-06,2017-03-21,16,0,16,"South_Chagrin",NA,"winter","winter.forage"
"SC1160","T6",4,1,2017-03-22,2017-04-06,16,0,16,"South_Chagrin",NA,"spring","winter.forage"
"SC1160","T7",6,8,2017-04-07,2017-04-22,16,0,16,"South_Chagrin",NA,"spring","fawning"
"SC1160","T8",11,6,2017-04-23,2017-05-08,16,0,16,"South_Chagrin",NA,"spring","fawning"
"SC1160","T9",8,8,2017-05-09,2017-05-24,16,0,16,"South_Chagrin",NA,"spring","fawning"
"SC1172","T1",1,0,2017-01-01,2017-01-16,16,0,16,"South_Chagrin",NA,"winter","winter.forage"
"SC1172","T10",2,1,2017-05-25,2017-06-09,16,0,16,"South_Chagrin",NA,"spring","fawning"
"SC1172","T11",3,1,2017-06-10,2017-06-25,16,0,16,"South_Chagrin",NA,"spring","fawning"
"SC1172","T12",0,0,2017-06-26,2017-06-30,5,0,5,"South_Chagrin",NA,"summer","fawning"
"SC1172","T13",1,0,2016-07-01,2016-07-10,10,0,10,"South_Chagrin",NA,"summer","summer.forage"
"SC1172","T14",3,0,2016-07-11,2016-07-26,16,0,16,"South_Chagrin",NA,"summer","summer.forage"
"SC1172","T15",5,0,2016-07-27,2016-08-11,16,0,16,"South_Chagrin",NA,"summer","summer.forage"
"SC1172","T16",9,0,2016-08-12,2016-08-27,16,0,16,"South_Chagrin",NA,"summer","summer.forage"
"SC1172","T17",1,0,2016-08-28,2016-09-12,16,0,16,"South_Chagrin",NA,"summer","summer.forage"
"SC1172","T18",2,0,2016-09-13,2016-09-28,16,0,16,"South_Chagrin",NA,"autumn","summer.forage"
"SC1172","T19",3,0,2016-09-29,2016-10-14,16,0,16,"South_Chagrin",NA,"autumn","rut"
"SC1172","T2",3,0,2017-01-17,2017-02-01,16,0,16,"South_Chagrin",NA,"winter","winter.forage"
"SC1172","T20",5,0,2016-10-15,2016-10-30,16,0,16,"South_Chagrin",NA,"autumn","rut"
"SC1172","T21",12,0,2016-10-31,2016-11-15,16,0,16,"South_Chagrin",NA,"autumn","rut"
"SC1172","T22",12,0,2016-11-16,2016-12-01,16,0,16,"South_Chagrin",NA,"autumn","rut"
"SC1172","T23",8,0,2016-12-02,2016-12-17,16,0,16,"South_Chagrin",NA,"autumn","rut"
"SC1172","T24",3,0,2016-12-18,2016-12-31,14,0,14,"South_Chagrin",NA,"winter","rut"
"SC1172","T3",1,0,2017-02-02,2017-02-17,16,0,16,"South_Chagrin",NA,"winter","winter.forage"
"SC1172","T4",1,0,2017-02-18,2017-03-05,16,0,16,"South_Chagrin",NA,"winter","winter.forage"
"SC1172","T5",0,1,2017-03-06,2017-03-21,16,0,16,"South_Chagrin",NA,"winter","winter.forage"
"SC1172","T6",0,1,2017-03-22,2017-04-06,16,0,16,"South_Chagrin",NA,"spring","winter.forage"
"SC1172","T7",2,0,2017-04-07,2017-04-22,16,0,16,"South_Chagrin",NA,"spring","fawning"
"SC1172","T8",4,2,2017-04-23,2017-05-08,16,0,16,"South_Chagrin",NA,"spring","fawning"
"SC1172","T9",3,3,2017-05-09,2017-05-24,16,0,16,"South_Chagrin",NA,"spring","fawning"
"SC1176","T1",14,3,2017-01-01,2017-01-16,16,0,16,"South_Chagrin",NA,"winter","winter.forage"
"SC1176","T10",15,0,2017-05-25,2017-06-09,16,0,16,"South_Chagrin",NA,"spring","fawning"
"SC1176","T11",6,1,2017-06-10,2017-06-25,16,0,16,"South_Chagrin",NA,"spring","fawning"
"SC1176","T12",0,0,2017-06-26,2017-06-30,5,0,5,"South_Chagrin",NA,"summer","fawning"
"SC1176","T13",2,0,2016-07-01,2016-07-10,10,0,10,"South_Chagrin",NA,"summer","summer.forage"
"SC1176","T14",4,0,2016-07-11,2016-07-26,16,0,16,"South_Chagrin",NA,"summer","summer.forage"
"SC1176","T15",4,0,2016-07-27,2016-08-11,16,0,16,"South_Chagrin",NA,"summer","summer.forage"
"SC1176","T16",6,0,2016-08-12,2016-08-27,16,0,16,"South_Chagrin",NA,"summer","summer.forage"
"SC1176","T17",5,0,2016-08-28,2016-09-12,16,0,16,"South_Chagrin",NA,"summer","summer.forage"
"SC1176","T18",2,2,2016-09-13,2016-09-28,16,0,16,"South_Chagrin",NA,"autumn","summer.forage"
"SC1176","T19",0,0,2016-09-29,2016-10-14,16,0,16,"South_Chagrin",NA,"autumn","rut"
"SC1176","T2",10,2,2017-01-17,2017-02-01,16,0,16,"South_Chagrin",NA,"winter","winter.forage"
"SC1176","T20",17,0,2016-10-15,2016-10-30,16,0,16,"South_Chagrin",NA,"autumn","rut"
"SC1176","T21",22,0,2016-10-31,2016-11-15,16,0,16,"South_Chagrin",NA,"autumn","rut"
"SC1176","T22",18,0,2016-11-16,2016-12-01,16,0,16,"South_Chagrin",NA,"autumn","rut"
"SC1176","T23",3,2,2016-12-02,2016-12-17,16,0,16,"South_Chagrin",NA,"autumn","rut"
"SC1176","T24",7,1,2016-12-18,2016-12-31,14,0,14,"South_Chagrin",NA,"winter","rut"
"SC1176","T3",15,1,2017-02-02,2017-02-17,16,0,16,"South_Chagrin",NA,"winter","winter.forage"
"SC1176","T4",4,0,2017-02-18,2017-03-05,16,0,16,"South_Chagrin",NA,"winter","winter.forage"
"SC1176","T5",4,2,2017-03-06,2017-03-21,16,0,16,"South_Chagrin",NA,"winter","winter.forage"
"SC1176","T6",5,4,2017-03-22,2017-04-06,16,0,16,"South_Chagrin",NA,"spring","winter.forage"
"SC1176","T7",7,5,2017-04-07,2017-04-22,16,0,16,"South_Chagrin",NA,"spring","fawning"
"SC1176","T8",10,2,2017-04-23,2017-05-08,16,0,16,"South_Chagrin",NA,"spring","fawning"
"SC1176","T9",6,1,2017-05-09,2017-05-24,16,0,16,"South_Chagrin",NA,"spring","fawning"
"SC1183","T1",12,0,2017-01-01,2017-01-16,16,0,16,"South_Chagrin",NA,"winter","winter.forage"
"SC1183","T10",6,0,2017-05-25,2017-06-09,16,0,16,"South_Chagrin",NA,"spring","fawning"
"SC1183","T11",14,0,2017-06-10,2017-06-25,16,0,16,"South_Chagrin",NA,"spring","fawning"
"SC1183","T12",0,0,2017-06-26,2017-06-30,5,0,5,"South_Chagrin",NA,"summer","fawning"
"SC1183","T13",5,0,2016-07-01,2016-07-10,10,0,10,"South_Chagrin",NA,"summer","summer.forage"
"SC1183","T14",19,0,2016-07-11,2016-07-26,16,0,16,"South_Chagrin",NA,"summer","summer.forage"
"SC1183","T15",2,0,2016-07-27,2016-08-11,16,0,16,"South_Chagrin",NA,"summer","summer.forage"
"SC1183","T16",7,0,2016-08-12,2016-08-27,16,0,16,"South_Chagrin",NA,"summer","summer.forage"
"SC1183","T17",10,0,2016-08-28,2016-09-12,16,0,16,"South_Chagrin",NA,"summer","summer.forage"
"SC1183","T18",2,0,2016-09-13,2016-09-28,16,0,16,"South_Chagrin",NA,"autumn","summer.forage"
"SC1183","T19",6,0,2016-09-29,2016-10-14,16,0,16,"South_Chagrin",NA,"autumn","rut"
"SC1183","T2",7,0,2017-01-17,2017-02-01,16,0,16,"South_Chagrin",NA,"winter","winter.forage"
"SC1183","T20",18,0,2016-10-15,2016-10-30,16,0,16,"South_Chagrin",NA,"autumn","rut"
"SC1183","T21",16,0,2016-10-31,2016-11-15,16,0,16,"South_Chagrin",NA,"autumn","rut"
"SC1183","T22",13,0,2016-11-16,2016-12-01,16,0,16,"South_Chagrin",NA,"autumn","rut"
"SC1183","T23",3,0,2016-12-02,2016-12-17,16,0,16,"South_Chagrin",NA,"autumn","rut"
"SC1183","T24",5,0,2016-12-18,2016-12-31,14,0,14,"South_Chagrin",NA,"winter","rut"
"SC1183","T3",5,0,2017-02-02,2017-02-17,16,0,16,"South_Chagrin",NA,"winter","winter.forage"
"SC1183","T4",1,0,2017-02-18,2017-03-05,16,0,16,"South_Chagrin",NA,"winter","winter.forage"
"SC1183","T5",3,0,2017-03-06,2017-03-21,16,0,16,"South_Chagrin",NA,"winter","winter.forage"
"SC1183","T6",1,1,2017-03-22,2017-04-06,16,0,16,"South_Chagrin",NA,"spring","winter.forage"
"SC1183","T7",4,0,2017-04-07,2017-04-22,16,0,16,"South_Chagrin",NA,"spring","fawning"
"SC1183","T8",2,1,2017-04-23,2017-05-08,16,0,16,"South_Chagrin",NA,"spring","fawning"
"SC1183","T9",1,0,2017-05-09,2017-05-24,16,0,16,"South_Chagrin",NA,"spring","fawning"
"SC1188","T1",1,0,2017-01-01,2017-01-16,16,0,16,"South_Chagrin",NA,"winter","winter.forage"
"SC1188","T10",6,0,2017-05-25,2017-06-09,16,0,16,"South_Chagrin",NA,"spring","fawning"
"SC1188","T11",6,0,2017-06-10,2017-06-25,16,0,16,"South_Chagrin",NA,"spring","fawning"
"SC1188","T12",1,0,2017-06-26,2017-06-30,5,0,5,"South_Chagrin",NA,"summer","fawning"
"SC1188","T13",5,1,2016-07-01,2016-07-10,10,0,10,"South_Chagrin",NA,"summer","summer.forage"
"SC1188","T14",1,0,2016-07-11,2016-07-26,16,0,16,"South_Chagrin",NA,"summer","summer.forage"
"SC1188","T15",3,1,2016-07-27,2016-08-11,16,0,16,"South_Chagrin",NA,"summer","summer.forage"
"SC1188","T16",2,0,2016-08-12,2016-08-27,16,0,16,"South_Chagrin",NA,"summer","summer.forage"
"SC1188","T17",1,1,2016-08-28,2016-09-12,16,0,16,"South_Chagrin",NA,"summer","summer.forage"
"SC1188","T18",0,0,2016-09-13,2016-09-28,16,0,16,"South_Chagrin",NA,"autumn","summer.forage"
"SC1188","T19",0,1,2016-09-29,2016-10-14,16,0,16,"South_Chagrin",NA,"autumn","rut"
"SC1188","T2",3,0,2017-01-17,2017-02-01,16,0,16,"South_Chagrin",NA,"winter","winter.forage"
"SC1188","T20",15,0,2016-10-15,2016-10-30,16,0,16,"South_Chagrin",NA,"autumn","rut"
"SC1188","T21",8,0,2016-10-31,2016-11-15,16,0,16,"South_Chagrin",NA,"autumn","rut"
"SC1188","T22",0,1,2016-11-16,2016-12-01,16,0,16,"South_Chagrin",NA,"autumn","rut"
"SC1188","T23",11,1,2016-12-02,2016-12-17,16,0,16,"South_Chagrin",NA,"autumn","rut"
"SC1188","T24",5,0,2016-12-18,2016-12-31,14,0,14,"South_Chagrin",NA,"winter","rut"
"SC1188","T3",5,0,2017-02-02,2017-02-17,16,0,16,"South_Chagrin",NA,"winter","winter.forage"
"SC1188","T4",3,2,2017-02-18,2017-03-05,16,0,16,"South_Chagrin",NA,"winter","winter.forage"
"SC1188","T5",5,2,2017-03-06,2017-03-21,16,0,16,"South_Chagrin",NA,"winter","winter.forage"
"SC1188","T6",10,0,2017-03-22,2017-04-06,16,0,16,"South_Chagrin",NA,"spring","winter.forage"
"SC1188","T7",12,0,2017-04-07,2017-04-22,16,0,16,"South_Chagrin",NA,"spring","fawning"
"SC1188","T8",4,0,2017-04-23,2017-05-08,16,0,16,"South_Chagrin",NA,"spring","fawning"
"SC1188","T9",7,1,2017-05-09,2017-05-24,16,0,16,"South_Chagrin",NA,"spring","fawning"
"SC1192","T1",0,0,2017-01-01,2017-01-16,16,0,16,"South_Chagrin",NA,"winter","winter.forage"
"SC1192","T10",3,0,2017-05-25,2017-06-09,16,0,16,"South_Chagrin",NA,"spring","fawning"
"SC1192","T11",4,1,2017-06-10,2017-06-25,16,0,16,"South_Chagrin",NA,"spring","fawning"
"SC1192","T12",0,0,2017-06-26,2017-06-30,5,0,5,"South_Chagrin",NA,"summer","fawning"
"SC1192","T13",3,0,2016-07-01,2016-07-10,10,0,10,"South_Chagrin",NA,"summer","summer.forage"
"SC1192","T14",10,1,2016-07-11,2016-07-26,16,0,16,"South_Chagrin",NA,"summer","summer.forage"
"SC1192","T15",2,0,2016-07-27,2016-08-11,16,0,16,"South_Chagrin",NA,"summer","summer.forage"
"SC1192","T16",1,0,2016-08-12,2016-08-27,16,0,16,"South_Chagrin",NA,"summer","summer.forage"
"SC1192","T17",10,2,2016-08-28,2016-09-12,16,0,16,"South_Chagrin",NA,"summer","summer.forage"
"SC1192","T18",9,0,2016-09-13,2016-09-28,16,0,16,"South_Chagrin",NA,"autumn","summer.forage"
"SC1192","T19",4,2,2016-09-29,2016-10-14,16,0,16,"South_Chagrin",NA,"autumn","rut"
"SC1192","T2",0,0,2017-01-17,2017-02-01,16,0,16,"South_Chagrin",NA,"winter","winter.forage"
"SC1192","T20",2,2,2016-10-15,2016-10-30,16,0,16,"South_Chagrin",NA,"autumn","rut"
"SC1192","T21",3,1,2016-10-31,2016-11-15,16,0,16,"South_Chagrin",NA,"autumn","rut"
"SC1192","T22",9,1,2016-11-16,2016-12-01,16,0,16,"South_Chagrin",NA,"autumn","rut"
"SC1192","T23",1,2,2016-12-02,2016-12-17,16,0,16,"South_Chagrin",NA,"autumn","rut"
"SC1192","T24",3,3,2016-12-18,2016-12-31,14,0,14,"South_Chagrin",NA,"winter","rut"
"SC1192","T3",1,2,2017-02-02,2017-02-17,16,0,16,"South_Chagrin",NA,"winter","winter.forage"
"SC1192","T4",6,14,2017-02-18,2017-03-05,16,0,16,"South_Chagrin",NA,"winter","winter.forage"
"SC1192","T5",1,7,2017-03-06,2017-03-21,16,0,16,"South_Chagrin",NA,"winter","winter.forage"
"SC1192","T6",6,3,2017-03-22,2017-04-06,16,0,16,"South_Chagrin",NA,"spring","winter.forage"
"SC1192","T7",4,1,2017-04-07,2017-04-22,16,0,16,"South_Chagrin",NA,"spring","fawning"
"SC1192","T8",1,1,2017-04-23,2017-05-08,16,0,16,"South_Chagrin",NA,"spring","fawning"
"SC1192","T9",7,0,2017-05-09,2017-05-24,16,0,16,"South_Chagrin",NA,"spring","fawning"
"WA1084","T1",1,1,2017-01-01,2017-01-16,16,0,16,"Washington",NA,"winter","winter.forage"
"WA1084","T10",7,1,2017-05-25,2017-06-09,16,0,16,"Washington",NA,"spring","fawning"
"WA1084","T11",17,3,2017-06-10,2017-06-25,16,0,16,"Washington",NA,"spring","fawning"
"WA1084","T12",1,0,2017-06-26,2017-06-30,5,0,5,"Washington",NA,"summer","fawning"
"WA1084","T13",4,0,2016-07-01,2016-07-10,10,0,10,"Washington",NA,"summer","summer.forage"
"WA1084","T14",6,1,2016-07-11,2016-07-26,16,0,16,"Washington",NA,"summer","summer.forage"
"WA1084","T15",7,0,2016-07-27,2016-08-11,16,0,16,"Washington",NA,"summer","summer.forage"
"WA1084","T16",7,4,2016-08-12,2016-08-27,16,0,16,"Washington",NA,"summer","summer.forage"
"WA1084","T17",6,5,2016-08-28,2016-09-12,16,0,16,"Washington",NA,"summer","summer.forage"
"WA1084","T18",10,0,2016-09-13,2016-09-28,16,0,16,"Washington",NA,"autumn","summer.forage"
"WA1084","T19",0,7,2016-09-29,2016-10-14,16,0,16,"Washington",NA,"autumn","rut"
"WA1084","T2",6,1,2017-01-17,2017-02-01,16,0,16,"Washington",NA,"winter","winter.forage"
"WA1084","T20",7,5,2016-10-15,2016-10-30,16,0,16,"Washington",NA,"autumn","rut"
"WA1084","T21",12,4,2016-10-31,2016-11-15,16,0,16,"Washington",NA,"autumn","rut"
"WA1084","T22",5,2,2016-11-16,2016-12-01,16,0,16,"Washington",NA,"autumn","rut"
"WA1084","T23",11,3,2016-12-02,2016-12-17,16,0,16,"Washington",NA,"autumn","rut"
"WA1084","T24",0,0,2016-12-18,2016-12-31,14,0,14,"Washington",NA,"winter","rut"
"WA1084","T3",3,1,2017-02-02,2017-02-17,16,0,16,"Washington",NA,"winter","winter.forage"
"WA1084","T4",3,1,2017-02-18,2017-03-05,16,0,16,"Washington",NA,"winter","winter.forage"
"WA1084","T5",2,0,2017-03-06,2017-03-21,16,0,16,"Washington",NA,"winter","winter.forage"
"WA1084","T6",2,0,2017-03-22,2017-04-06,16,0,16,"Washington",NA,"spring","winter.forage"
"WA1084","T7",12,0,2017-04-07,2017-04-22,16,0,16,"Washington",NA,"spring","fawning"
"WA1084","T8",8,0,2017-04-23,2017-05-08,16,0,16,"Washington",NA,"spring","fawning"
"WA1084","T9",4,0,2017-05-09,2017-05-24,16,0,16,"Washington",NA,"spring","fawning"
"WA3980","T1",13,1,2017-01-01,2017-01-16,16,0,16,"Washington",NA,"winter","winter.forage"
"WA3980","T10",13,0,2017-05-25,2017-06-09,16,0,16,"Washington",NA,"spring","fawning"
"WA3980","T11",28,2,2017-06-10,2017-06-25,16,0,16,"Washington",NA,"spring","fawning"
"WA3980","T12",7,0,2017-06-26,2017-06-30,5,0,5,"Washington",NA,"summer","fawning"
"WA3980","T13",13,0,2016-07-01,2016-07-10,10,0,10,"Washington",NA,"summer","summer.forage"
"WA3980","T14",8,0,2016-07-11,2016-07-26,16,0,16,"Washington",NA,"summer","summer.forage"
"WA3980","T15",10,0,2016-07-27,2016-08-11,16,0,16,"Washington",NA,"summer","summer.forage"
"WA3980","T16",18,0,2016-08-12,2016-08-27,16,0,16,"Washington",NA,"summer","summer.forage"
"WA3980","T17",26,0,2016-08-28,2016-09-12,16,0,16,"Washington",NA,"summer","summer.forage"
"WA3980","T18",33,0,2016-09-13,2016-09-28,16,0,16,"Washington",NA,"autumn","summer.forage"
"WA3980","T19",19,0,2016-09-29,2016-10-14,16,0,16,"Washington",NA,"autumn","rut"
"WA3980","T2",15,0,2017-01-17,2017-02-01,16,0,16,"Washington",NA,"winter","winter.forage"
"WA3980","T20",48,0,2016-10-15,2016-10-30,16,0,16,"Washington",NA,"autumn","rut"
"WA3980","T21",40,0,2016-10-31,2016-11-15,16,0,16,"Washington",NA,"autumn","rut"
"WA3980","T22",47,0,2016-11-16,2016-12-01,16,0,16,"Washington",NA,"autumn","rut"
"WA3980","T23",36,2,2016-12-02,2016-12-17,16,0,16,"Washington",NA,"autumn","rut"
"WA3980","T24",10,0,2016-12-18,2016-12-31,14,0,14,"Washington",NA,"winter","rut"
"WA3980","T3",2,1,2017-02-02,2017-02-17,16,0,16,"Washington",NA,"winter","winter.forage"
"WA3980","T4",10,0,2017-02-18,2017-03-05,16,0,16,"Washington",NA,"winter","winter.forage"
"WA3980","T5",8,0,2017-03-06,2017-03-21,16,0,16,"Washington",NA,"winter","winter.forage"
"WA3980","T6",1,0,2017-03-22,2017-04-06,16,0,16,"Washington",NA,"spring","winter.forage"
"WA3980","T7",8,0,2017-04-07,2017-04-22,16,0,16,"Washington",NA,"spring","fawning"
"WA3980","T8",10,2,2017-04-23,2017-05-08,16,0,16,"Washington",NA,"spring","fawning"
"WA3980","T9",18,0,2017-05-09,2017-05-24,16,0,16,"Washington",NA,"spring","fawning"
"WC1008","T1",24,2,2017-01-01,2017-01-16,16,0,16,"West_Creek",NA,"winter","winter.forage"
"WC1008","T10",89,4,2017-05-25,2017-06-09,16,0,16,"West_Creek",NA,"spring","fawning"
"WC1008","T11",43,4,2017-06-10,2017-06-25,16,0,16,"West_Creek",NA,"spring","fawning"
"WC1008","T12",7,0,2017-06-26,2017-06-30,5,0,5,"West_Creek",NA,"summer","fawning"
"WC1008","T13",14,0,2016-07-01,2016-07-10,10,0,10,"West_Creek",NA,"summer","summer.forage"
"WC1008","T14",56,0,2016-07-11,2016-07-26,16,0,16,"West_Creek",NA,"summer","summer.forage"
"WC1008","T15",40,0,2016-07-27,2016-08-11,16,0,16,"West_Creek",NA,"summer","summer.forage"
"WC1008","T16",47,1,2016-08-12,2016-08-27,16,0,16,"West_Creek",NA,"summer","summer.forage"
"WC1008","T17",34,0,2016-08-28,2016-09-12,16,0,16,"West_Creek",NA,"summer","summer.forage"
"WC1008","T18",40,3,2016-09-13,2016-09-28,16,0,16,"West_Creek",NA,"autumn","summer.forage"
"WC1008","T19",26,0,2016-09-29,2016-10-14,16,0,16,"West_Creek",NA,"autumn","rut"
"WC1008","T2",38,3,2017-01-17,2017-02-01,16,0,16,"West_Creek",NA,"winter","winter.forage"
"WC1008","T20",46,1,2016-10-15,2016-10-30,16,0,16,"West_Creek",NA,"autumn","rut"
"WC1008","T21",48,3,2016-10-31,2016-11-15,16,0,16,"West_Creek",NA,"autumn","rut"
"WC1008","T22",42,0,2016-11-16,2016-12-01,16,0,16,"West_Creek",NA,"autumn","rut"
"WC1008","T23",16,1,2016-12-02,2016-12-17,16,0,16,"West_Creek",NA,"autumn","rut"
"WC1008","T24",20,2,2016-12-18,2016-12-31,14,0,14,"West_Creek",NA,"winter","rut"
"WC1008","T3",35,3,2017-02-02,2017-02-17,16,0,16,"West_Creek",NA,"winter","winter.forage"
"WC1008","T4",39,0,2017-02-18,2017-03-05,16,0,16,"West_Creek",NA,"winter","winter.forage"
"WC1008","T5",48,2,2017-03-06,2017-03-21,16,0,16,"West_Creek",NA,"winter","winter.forage"
"WC1008","T6",65,3,2017-03-22,2017-04-06,16,0,16,"West_Creek",NA,"spring","winter.forage"
"WC1008","T7",31,1,2017-04-07,2017-04-22,16,0,16,"West_Creek",NA,"spring","fawning"
"WC1008","T8",69,0,2017-04-23,2017-05-08,16,0,16,"West_Creek",NA,"spring","fawning"
"WC1008","T9",110,2,2017-05-09,2017-05-24,16,0,16,"West_Creek",NA,"spring","fawning"
"WC1072","T1",18,1,2017-01-01,2017-01-16,16,0,16,"West_Creek",NA,"winter","winter.forage"
"WC1072","T10",46,0,2017-05-25,2017-06-09,16,0,16,"West_Creek",NA,"spring","fawning"
"WC1072","T11",19,1,2017-06-10,2017-06-25,16,0,16,"West_Creek",NA,"spring","fawning"
"WC1072","T12",4,0,2017-06-26,2017-06-30,5,0,5,"West_Creek",NA,"summer","fawning"
"WC1072","T13",5,0,2016-07-01,2016-07-10,10,0,10,"West_Creek",NA,"summer","summer.forage"
"WC1072","T14",17,0,2016-07-11,2016-07-26,16,0,16,"West_Creek",NA,"summer","summer.forage"
"WC1072","T15",28,0,2016-07-27,2016-08-11,16,0,16,"West_Creek",NA,"summer","summer.forage"
"WC1072","T16",21,1,2016-08-12,2016-08-27,16,0,16,"West_Creek",NA,"summer","summer.forage"
"WC1072","T17",17,0,2016-08-28,2016-09-12,16,0,16,"West_Creek",NA,"summer","summer.forage"
"WC1072","T18",2,0,2016-09-13,2016-09-28,16,11,5,"West_Creek",NA,"autumn","summer.forage"
"WC1072","T19",0,0,2016-09-29,2016-10-14,16,16,0,"West_Creek",NA,"autumn","rut"
"WC1072","T2",14,2,2017-01-17,2017-02-01,16,0,16,"West_Creek",NA,"winter","winter.forage"
"WC1072","T20",12,0,2016-10-15,2016-10-30,16,2,14,"West_Creek",NA,"autumn","rut"
"WC1072","T21",49,0,2016-10-31,2016-11-15,16,0,16,"West_Creek",NA,"autumn","rut"
"WC1072","T22",26,1,2016-11-16,2016-12-01,16,0,16,"West_Creek",NA,"autumn","rut"
"WC1072","T23",23,0,2016-12-02,2016-12-17,16,0,16,"West_Creek",NA,"autumn","rut"
"WC1072","T24",6,0,2016-12-18,2016-12-31,14,0,14,"West_Creek",NA,"winter","rut"
"WC1072","T3",10,3,2017-02-02,2017-02-17,16,0,16,"West_Creek",NA,"winter","winter.forage"
"WC1072","T4",7,0,2017-02-18,2017-03-05,16,0,16,"West_Creek",NA,"winter","winter.forage"
"WC1072","T5",10,0,2017-03-06,2017-03-21,16,0,16,"West_Creek",NA,"winter","winter.forage"
"WC1072","T6",11,1,2017-03-22,2017-04-06,16,0,16,"West_Creek",NA,"spring","winter.forage"
"WC1072","T7",14,0,2017-04-07,2017-04-22,16,0,16,"West_Creek",NA,"spring","fawning"
"WC1072","T8",20,1,2017-04-23,2017-05-08,16,0,16,"West_Creek",NA,"spring","fawning"
"WC1072","T9",20,0,2017-05-09,2017-05-24,16,0,16,"West_Creek",NA,"spring","fawning"
"WC1136","T1",5,0,2017-01-01,2017-01-16,16,0,16,"West_Creek",NA,"winter","winter.forage"
"WC1136","T10",32,1,2017-05-25,2017-06-09,16,0,16,"West_Creek",NA,"spring","fawning"
"WC1136","T11",19,1,2017-06-10,2017-06-25,16,0,16,"West_Creek",NA,"spring","fawning"
"WC1136","T12",2,0,2017-06-26,2017-06-30,5,0,5,"West_Creek",NA,"summer","fawning"
"WC1136","T13",14,1,2016-07-01,2016-07-10,10,0,10,"West_Creek",NA,"summer","summer.forage"
"WC1136","T14",15,0,2016-07-11,2016-07-26,16,0,16,"West_Creek",NA,"summer","summer.forage"
"WC1136","T15",11,0,2016-07-27,2016-08-11,16,0,16,"West_Creek",NA,"summer","summer.forage"
"WC1136","T16",17,0,2016-08-12,2016-08-27,16,0,16,"West_Creek",NA,"summer","summer.forage"
"WC1136","T17",42,0,2016-08-28,2016-09-12,16,0,16,"West_Creek",NA,"summer","summer.forage"
"WC1136","T18",26,0,2016-09-13,2016-09-28,16,0,16,"West_Creek",NA,"autumn","summer.forage"
"WC1136","T19",35,0,2016-09-29,2016-10-14,16,0,16,"West_Creek",NA,"autumn","rut"
"WC1136","T2",20,0,2017-01-17,2017-02-01,16,0,16,"West_Creek",NA,"winter","winter.forage"
"WC1136","T20",36,1,2016-10-15,2016-10-30,16,0,16,"West_Creek",NA,"autumn","rut"
"WC1136","T21",45,0,2016-10-31,2016-11-15,16,0,16,"West_Creek",NA,"autumn","rut"
"WC1136","T22",20,0,2016-11-16,2016-12-01,16,0,16,"West_Creek",NA,"autumn","rut"
"WC1136","T23",15,0,2016-12-02,2016-12-17,16,0,16,"West_Creek",NA,"autumn","rut"
"WC1136","T24",17,0,2016-12-18,2016-12-31,14,0,14,"West_Creek",NA,"winter","rut"
"WC1136","T3",26,1,2017-02-02,2017-02-17,16,0,16,"West_Creek",NA,"winter","winter.forage"
"WC1136","T4",24,0,2017-02-18,2017-03-05,16,0,16,"West_Creek",NA,"winter","winter.forage"
"WC1136","T5",6,1,2017-03-06,2017-03-21,16,0,16,"West_Creek",NA,"winter","winter.forage"
"WC1136","T6",11,0,2017-03-22,2017-04-06,16,0,16,"West_Creek",NA,"spring","winter.forage"
"WC1136","T7",20,1,2017-04-07,2017-04-22,16,0,16,"West_Creek",NA,"spring","fawning"
"WC1136","T8",18,0,2017-04-23,2017-05-08,16,0,16,"West_Creek",NA,"spring","fawning"
"WC1136","T9",31,2,2017-05-09,2017-05-24,16,0,16,"West_Creek",NA,"spring","fawning"
"WC1376","T1",12,1,2017-01-01,2017-01-16,16,0,16,"West_Creek",NA,"winter","winter.forage"
"WC1376","T10",67,13,2017-05-25,2017-06-09,16,0,16,"West_Creek",NA,"spring","fawning"
"WC1376","T11",64,1,2017-06-10,2017-06-25,16,0,16,"West_Creek",NA,"spring","fawning"
"WC1376","T12",17,1,2017-06-26,2017-06-30,5,0,5,"West_Creek",NA,"summer","fawning"
"WC1376","T13",35,0,2016-07-01,2016-07-10,10,0,10,"West_Creek",NA,"summer","summer.forage"
"WC1376","T14",20,1,2016-07-11,2016-07-26,16,0,16,"West_Creek",NA,"summer","summer.forage"
"WC1376","T15",6,0,2016-07-27,2016-08-11,16,0,16,"West_Creek",NA,"summer","summer.forage"
"WC1376","T16",28,0,2016-08-12,2016-08-27,16,0,16,"West_Creek",NA,"summer","summer.forage"
"WC1376","T17",28,0,2016-08-28,2016-09-12,16,0,16,"West_Creek",NA,"summer","summer.forage"
"WC1376","T18",24,1,2016-09-13,2016-09-28,16,0,16,"West_Creek",NA,"autumn","summer.forage"
"WC1376","T19",41,1,2016-09-29,2016-10-14,16,0,16,"West_Creek",NA,"autumn","rut"
"WC1376","T2",22,1,2017-01-17,2017-02-01,16,0,16,"West_Creek",NA,"winter","winter.forage"
"WC1376","T20",47,0,2016-10-15,2016-10-30,16,0,16,"West_Creek",NA,"autumn","rut"
"WC1376","T21",80,2,2016-10-31,2016-11-15,16,0,16,"West_Creek",NA,"autumn","rut"
"WC1376","T22",29,5,2016-11-16,2016-12-01,16,0,16,"West_Creek",NA,"autumn","rut"
"WC1376","T23",29,1,2016-12-02,2016-12-17,16,0,16,"West_Creek",NA,"autumn","rut"
"WC1376","T24",17,3,2016-12-18,2016-12-31,14,0,14,"West_Creek",NA,"winter","rut"
"WC1376","T3",23,0,2017-02-02,2017-02-17,16,0,16,"West_Creek",NA,"winter","winter.forage"
"WC1376","T4",24,0,2017-02-18,2017-03-05,16,0,16,"West_Creek",NA,"winter","winter.forage"
"WC1376","T5",7,3,2017-03-06,2017-03-21,16,0,16,"West_Creek",NA,"winter","winter.forage"
"WC1376","T6",9,2,2017-03-22,2017-04-06,16,0,16,"West_Creek",NA,"spring","winter.forage"
"WC1376","T7",16,1,2017-04-07,2017-04-22,16,0,16,"West_Creek",NA,"spring","fawning"
"WC1376","T8",18,3,2017-04-23,2017-05-08,16,0,16,"West_Creek",NA,"spring","fawning"
"WC1376","T9",39,6,2017-05-09,2017-05-24,16,0,16,"West_Creek",NA,"spring","fawning"
"WC1388","T1",36,0,2017-01-01,2017-01-16,16,0,16,"West_Creek",NA,"winter","winter.forage"
"WC1388","T10",38,3,2017-05-25,2017-06-09,16,0,16,"West_Creek",NA,"spring","fawning"
"WC1388","T11",14,2,2017-06-10,2017-06-25,16,0,16,"West_Creek",NA,"spring","fawning"
"WC1388","T12",6,1,2017-06-26,2017-06-30,5,0,5,"West_Creek",NA,"summer","fawning"
"WC1388","T13",0,0,2016-07-01,2016-07-10,10,0,10,"West_Creek",NA,"summer","summer.forage"
"WC1388","T14",0,0,2016-07-11,2016-07-26,16,0,16,"West_Creek",NA,"summer","summer.forage"
"WC1388","T15",7,2,2016-07-27,2016-08-11,16,0,16,"West_Creek",NA,"summer","summer.forage"
"WC1388","T16",28,0,2016-08-12,2016-08-27,16,0,16,"West_Creek",NA,"summer","summer.forage"
"WC1388","T17",36,0,2016-08-28,2016-09-12,16,0,16,"West_Creek",NA,"summer","summer.forage"
"WC1388","T18",27,2,2016-09-13,2016-09-28,16,0,16,"West_Creek",NA,"autumn","summer.forage"
"WC1388","T19",29,0,2016-09-29,2016-10-14,16,0,16,"West_Creek",NA,"autumn","rut"
"WC1388","T2",28,1,2017-01-17,2017-02-01,16,0,16,"West_Creek",NA,"winter","winter.forage"
"WC1388","T20",47,0,2016-10-15,2016-10-30,16,0,16,"West_Creek",NA,"autumn","rut"
"WC1388","T21",71,0,2016-10-31,2016-11-15,16,0,16,"West_Creek",NA,"autumn","rut"
"WC1388","T22",40,2,2016-11-16,2016-12-01,16,0,16,"West_Creek",NA,"autumn","rut"
"WC1388","T23",56,0,2016-12-02,2016-12-17,16,0,16,"West_Creek",NA,"autumn","rut"
"WC1388","T24",43,1,2016-12-18,2016-12-31,14,0,14,"West_Creek",NA,"winter","rut"
"WC1388","T3",13,1,2017-02-02,2017-02-17,16,0,16,"West_Creek",NA,"winter","winter.forage"
"WC1388","T4",22,0,2017-02-18,2017-03-05,16,0,16,"West_Creek",NA,"winter","winter.forage"
"WC1388","T5",14,0,2017-03-06,2017-03-21,16,0,16,"West_Creek",NA,"winter","winter.forage"
"WC1388","T6",24,0,2017-03-22,2017-04-06,16,0,16,"West_Creek",NA,"spring","winter.forage"
"WC1388","T7",37,1,2017-04-07,2017-04-22,16,0,16,"West_Creek",NA,"spring","fawning"
"WC1388","T8",38,2,2017-04-23,2017-05-08,16,0,16,"West_Creek",NA,"spring","fawning"
"WC1388","T9",33,53,2017-05-09,2017-05-24,16,0,16,"West_Creek",NA,"spring","fawning"
"WC3420","T1",34,0,2017-01-01,2017-01-16,16,0,16,"West_Creek",NA,"winter","winter.forage"
"WC3420","T10",29,0,2017-05-25,2017-06-09,16,0,16,"West_Creek",NA,"spring","fawning"
"WC3420","T11",26,2,2017-06-10,2017-06-25,16,0,16,"West_Creek",NA,"spring","fawning"
"WC3420","T12",5,1,2017-06-26,2017-06-30,5,0,5,"West_Creek",NA,"summer","fawning"
"WC3420","T13",14,0,2016-07-01,2016-07-10,10,0,10,"West_Creek",NA,"summer","summer.forage"
"WC3420","T14",19,0,2016-07-11,2016-07-26,16,0,16,"West_Creek",NA,"summer","summer.forage"
"WC3420","T15",30,0,2016-07-27,2016-08-11,16,0,16,"West_Creek",NA,"summer","summer.forage"
"WC3420","T16",23,0,2016-08-12,2016-08-27,16,0,16,"West_Creek",NA,"summer","summer.forage"
"WC3420","T17",21,0,2016-08-28,2016-09-12,16,0,16,"West_Creek",NA,"summer","summer.forage"
"WC3420","T18",26,1,2016-09-13,2016-09-28,16,0,16,"West_Creek",NA,"autumn","summer.forage"
"WC3420","T19",18,0,2016-09-29,2016-10-14,16,0,16,"West_Creek",NA,"autumn","rut"
"WC3420","T2",17,0,2017-01-17,2017-02-01,16,0,16,"West_Creek",NA,"winter","winter.forage"
"WC3420","T20",46,0,2016-10-15,2016-10-30,16,0,16,"West_Creek",NA,"autumn","rut"
"WC3420","T21",57,1,2016-10-31,2016-11-15,16,0,16,"West_Creek",NA,"autumn","rut"
"WC3420","T22",47,0,2016-11-16,2016-12-01,16,0,16,"West_Creek",NA,"autumn","rut"
"WC3420","T23",57,0,2016-12-02,2016-12-17,16,0,16,"West_Creek",NA,"autumn","rut"
"WC3420","T24",52,0,2016-12-18,2016-12-31,14,0,14,"West_Creek",NA,"winter","rut"
"WC3420","T3",26,0,2017-02-02,2017-02-17,16,0,16,"West_Creek",NA,"winter","winter.forage"
"WC3420","T4",16,0,2017-02-18,2017-03-05,16,0,16,"West_Creek",NA,"winter","winter.forage"
"WC3420","T5",17,2,2017-03-06,2017-03-21,16,0,16,"West_Creek",NA,"winter","winter.forage"
"WC3420","T6",12,2,2017-03-22,2017-04-06,16,0,16,"West_Creek",NA,"spring","winter.forage"
"WC3420","T7",23,0,2017-04-07,2017-04-22,16,0,16,"West_Creek",NA,"spring","fawning"
"WC3420","T8",19,1,2017-04-23,2017-05-08,16,0,16,"West_Creek",NA,"spring","fawning"
"WC3420","T9",22,0,2017-05-09,2017-05-24,16,0,16,"West_Creek",NA,"spring","fawning"
"WC3484","T1",29,0,2017-01-01,2017-01-16,16,0,16,"West_Creek",NA,"winter","winter.forage"
"WC3484","T10",27,0,2017-05-25,2017-06-09,16,0,16,"West_Creek",NA,"spring","fawning"
"WC3484","T11",14,0,2017-06-10,2017-06-25,16,0,16,"West_Creek",NA,"spring","fawning"
"WC3484","T12",2,0,2017-06-26,2017-06-30,5,0,5,"West_Creek",NA,"summer","fawning"
"WC3484","T13",7,0,2016-07-01,2016-07-10,10,0,10,"West_Creek",NA,"summer","summer.forage"
"WC3484","T14",8,0,2016-07-11,2016-07-26,16,0,16,"West_Creek",NA,"summer","summer.forage"
"WC3484","T15",15,1,2016-07-27,2016-08-11,16,0,16,"West_Creek",NA,"summer","summer.forage"
"WC3484","T16",18,1,2016-08-12,2016-08-27,16,0,16,"West_Creek",NA,"summer","summer.forage"
"WC3484","T17",49,1,2016-08-28,2016-09-12,16,0,16,"West_Creek",NA,"summer","summer.forage"
"WC3484","T18",34,0,2016-09-13,2016-09-28,16,0,16,"West_Creek",NA,"autumn","summer.forage"
"WC3484","T19",35,0,2016-09-29,2016-10-14,16,0,16,"West_Creek",NA,"autumn","rut"
"WC3484","T2",25,0,2017-01-17,2017-02-01,16,0,16,"West_Creek",NA,"winter","winter.forage"
"WC3484","T20",13,0,2016-10-15,2016-10-30,16,0,16,"West_Creek",NA,"autumn","rut"
"WC3484","T21",32,0,2016-10-31,2016-11-15,16,0,16,"West_Creek",NA,"autumn","rut"
"WC3484","T22",13,0,2016-11-16,2016-12-01,16,0,16,"West_Creek",NA,"autumn","rut"
"WC3484","T23",40,0,2016-12-02,2016-12-17,16,0,16,"West_Creek",NA,"autumn","rut"
"WC3484","T24",22,0,2016-12-18,2016-12-31,14,0,14,"West_Creek",NA,"winter","rut"
"WC3484","T3",17,0,2017-02-02,2017-02-17,16,0,16,"West_Creek",NA,"winter","winter.forage"
"WC3484","T4",7,0,2017-02-18,2017-03-05,16,0,16,"West_Creek",NA,"winter","winter.forage"
"WC3484","T5",8,0,2017-03-06,2017-03-21,16,0,16,"West_Creek",NA,"winter","winter.forage"
"WC3484","T6",11,0,2017-03-22,2017-04-06,16,0,16,"West_Creek",NA,"spring","winter.forage"
"WC3484","T7",14,0,2017-04-07,2017-04-22,16,0,16,"West_Creek",NA,"spring","fawning"
"WC3484","T8",20,0,2017-04-23,2017-05-08,16,0,16,"West_Creek",NA,"spring","fawning"
"WC3484","T9",12,0,2017-05-09,2017-05-24,16,0,16,"West_Creek",NA,"spring","fawning"
"WC3596","T1",24,0,2017-01-01,2017-01-16,16,0,16,"West_Creek",NA,"winter","winter.forage"
"WC3596","T10",37,0,2017-05-25,2017-06-09,16,0,16,"West_Creek",NA,"spring","fawning"
"WC3596","T11",30,2,2017-06-10,2017-06-25,16,0,16,"West_Creek",NA,"spring","fawning"
"WC3596","T12",8,0,2017-06-26,2017-06-30,5,0,5,"West_Creek",NA,"summer","fawning"
"WC3596","T13",7,0,2016-07-01,2016-07-10,10,0,10,"West_Creek",NA,"summer","summer.forage"
"WC3596","T14",21,0,2016-07-11,2016-07-26,16,0,16,"West_Creek",NA,"summer","summer.forage"
"WC3596","T15",53,0,2016-07-27,2016-08-11,16,0,16,"West_Creek",NA,"summer","summer.forage"
"WC3596","T16",38,0,2016-08-12,2016-08-27,16,0,16,"West_Creek",NA,"summer","summer.forage"
"WC3596","T17",57,0,2016-08-28,2016-09-12,16,0,16,"West_Creek",NA,"summer","summer.forage"
"WC3596","T18",82,0,2016-09-13,2016-09-28,16,0,16,"West_Creek",NA,"autumn","summer.forage"
"WC3596","T19",142,0,2016-09-29,2016-10-14,16,0,16,"West_Creek",NA,"autumn","rut"
"WC3596","T2",23,0,2017-01-17,2017-02-01,16,0,16,"West_Creek",NA,"winter","winter.forage"
"WC3596","T20",114,0,2016-10-15,2016-10-30,16,0,16,"West_Creek",NA,"autumn","rut"
"WC3596","T21",123,1,2016-10-31,2016-11-15,16,0,16,"West_Creek",NA,"autumn","rut"
"WC3596","T22",54,0,2016-11-16,2016-12-01,16,0,16,"West_Creek",NA,"autumn","rut"
"WC3596","T23",39,0,2016-12-02,2016-12-17,16,0,16,"West_Creek",NA,"autumn","rut"
"WC3596","T24",21,0,2016-12-18,2016-12-31,14,0,14,"West_Creek",NA,"winter","rut"
"WC3596","T3",15,0,2017-02-02,2017-02-17,16,0,16,"West_Creek",NA,"winter","winter.forage"
"WC3596","T4",11,0,2017-02-18,2017-03-05,16,0,16,"West_Creek",NA,"winter","winter.forage"
"WC3596","T5",16,0,2017-03-06,2017-03-21,16,0,16,"West_Creek",NA,"winter","winter.forage"
"WC3596","T6",30,0,2017-03-22,2017-04-06,16,0,16,"West_Creek",NA,"spring","winter.forage"
"WC3596","T7",13,0,2017-04-07,2017-04-22,16,0,16,"West_Creek",NA,"spring","fawning"
"WC3596","T8",22,2,2017-04-23,2017-05-08,16,0,16,"West_Creek",NA,"spring","fawning"
"WC3596","T9",35,0,2017-05-09,2017-05-24,16,0,16,"West_Creek",NA,"spring","fawning"
"WC3668","T1",5,0,2017-01-01,2017-01-16,16,0,16,"West_Creek",NA,"winter","winter.forage"
"WC3668","T10",22,1,2017-05-25,2017-06-09,16,0,16,"West_Creek",NA,"spring","fawning"
"WC3668","T11",14,0,2017-06-10,2017-06-25,16,0,16,"West_Creek",NA,"spring","fawning"
"WC3668","T12",9,0,2017-06-26,2017-06-30,5,0,5,"West_Creek",NA,"summer","fawning"
"WC3668","T13",1,1,2016-07-01,2016-07-10,10,0,10,"West_Creek",NA,"summer","summer.forage"
"WC3668","T14",1,0,2016-07-11,2016-07-26,16,0,16,"West_Creek",NA,"summer","summer.forage"
"WC3668","T15",14,0,2016-07-27,2016-08-11,16,0,16,"West_Creek",NA,"summer","summer.forage"
"WC3668","T16",9,1,2016-08-12,2016-08-27,16,0,16,"West_Creek",NA,"summer","summer.forage"
"WC3668","T17",11,3,2016-08-28,2016-09-12,16,0,16,"West_Creek",NA,"summer","summer.forage"
"WC3668","T18",9,2,2016-09-13,2016-09-28,16,0,16,"West_Creek",NA,"autumn","summer.forage"
"WC3668","T19",27,0,2016-09-29,2016-10-14,16,0,16,"West_Creek",NA,"autumn","rut"
"WC3668","T2",14,2,2017-01-17,2017-02-01,16,0,16,"West_Creek",NA,"winter","winter.forage"
"WC3668","T20",26,1,2016-10-15,2016-10-30,16,0,16,"West_Creek",NA,"autumn","rut"
"WC3668","T21",38,3,2016-10-31,2016-11-15,16,0,16,"West_Creek",NA,"autumn","rut"
"WC3668","T22",8,1,2016-11-16,2016-12-01,16,0,16,"West_Creek",NA,"autumn","rut"
"WC3668","T23",10,1,2016-12-02,2016-12-17,16,0,16,"West_Creek",NA,"autumn","rut"
"WC3668","T24",4,2,2016-12-18,2016-12-31,14,0,14,"West_Creek",NA,"winter","rut"
"WC3668","T3",4,0,2017-02-02,2017-02-17,16,0,16,"West_Creek",NA,"winter","winter.forage"
"WC3668","T4",8,3,2017-02-18,2017-03-05,16,0,16,"West_Creek",NA,"winter","winter.forage"
"WC3668","T5",7,3,2017-03-06,2017-03-21,16,0,16,"West_Creek",NA,"winter","winter.forage"
"WC3668","T6",4,4,2017-03-22,2017-04-06,16,0,16,"West_Creek",NA,"spring","winter.forage"
"WC3668","T7",2,2,2017-04-07,2017-04-22,16,0,16,"West_Creek",NA,"spring","fawning"
"WC3668","T8",13,0,2017-04-23,2017-05-08,16,0,16,"West_Creek",NA,"spring","fawning"
"WC3668","T9",16,0,2017-05-09,2017-05-24,16,0,16,"West_Creek",NA,"spring","fawning"
"WC3732","T1",6,0,2017-01-01,2017-01-16,16,0,16,"West_Creek",NA,"winter","winter.forage"
"WC3732","T10",7,0,2017-05-25,2017-06-09,16,0,16,"West_Creek",NA,"spring","fawning"
"WC3732","T11",8,0,2017-06-10,2017-06-25,16,0,16,"West_Creek",NA,"spring","fawning"
"WC3732","T12",3,0,2017-06-26,2017-06-30,5,0,5,"West_Creek",NA,"summer","fawning"
"WC3732","T13",1,0,2016-07-01,2016-07-10,10,0,10,"West_Creek",NA,"summer","summer.forage"
"WC3732","T14",3,0,2016-07-11,2016-07-26,16,0,16,"West_Creek",NA,"summer","summer.forage"
"WC3732","T15",7,0,2016-07-27,2016-08-11,16,0,16,"West_Creek",NA,"summer","summer.forage"
"WC3732","T16",18,0,2016-08-12,2016-08-27,16,0,16,"West_Creek",NA,"summer","summer.forage"
"WC3732","T17",21,0,2016-08-28,2016-09-12,16,0,16,"West_Creek",NA,"summer","summer.forage"
"WC3732","T18",9,0,2016-09-13,2016-09-28,16,0,16,"West_Creek",NA,"autumn","summer.forage"
"WC3732","T19",8,0,2016-09-29,2016-10-14,16,0,16,"West_Creek",NA,"autumn","rut"
"WC3732","T2",14,0,2017-01-17,2017-02-01,16,0,16,"West_Creek",NA,"winter","winter.forage"
"WC3732","T20",18,0,2016-10-15,2016-10-30,16,0,16,"West_Creek",NA,"autumn","rut"
"WC3732","T21",20,0,2016-10-31,2016-11-15,16,0,16,"West_Creek",NA,"autumn","rut"
"WC3732","T22",8,0,2016-11-16,2016-12-01,16,0,16,"West_Creek",NA,"autumn","rut"
"WC3732","T23",13,0,2016-12-02,2016-12-17,16,0,16,"West_Creek",NA,"autumn","rut"
"WC3732","T24",4,0,2016-12-18,2016-12-31,14,0,14,"West_Creek",NA,"winter","rut"
"WC3732","T3",6,2,2017-02-02,2017-02-17,16,0,16,"West_Creek",NA,"winter","winter.forage"
"WC3732","T4",6,0,2017-02-18,2017-03-05,16,0,16,"West_Creek",NA,"winter","winter.forage"
"WC3732","T5",2,0,2017-03-06,2017-03-21,16,0,16,"West_Creek",NA,"winter","winter.forage"
"WC3732","T6",7,0,2017-03-22,2017-04-06,16,0,16,"West_Creek",NA,"spring","winter.forage"
"WC3732","T7",1,0,2017-04-07,2017-04-22,16,0,16,"West_Creek",NA,"spring","fawning"
"WC3732","T8",19,0,2017-04-23,2017-05-08,16,0,16,"West_Creek",NA,"spring","fawning"
"WC3732","T9",13,0,2017-05-09,2017-05-24,16,0,16,"West_Creek",NA,"spring","fawning"
