"Station","time.code","evi.500.wa"
"BC1024","T1",0.413
"BC1024","T10",0.6141
"BC1024","T11",0.6052
"BC1024","T12",0.6096
"BC1024","T13",0.599
"BC1024","T14",0.5738
"BC1024","T15",0.5401
"BC1024","T16",0.5936
"BC1024","T17",0.5728
"BC1024","T18",0.6054
"BC1024","T19",0.5938
"BC1024","T2",0.3754
"BC1024","T20",0.5852
"BC1024","T21",0.4946
"BC1024","T22",0.4671
"BC1024","T23",0.2324
"BC1024","T24",0.413
"BC1024","T3",0.3264
"BC1024","T4",0.3536
"BC1024","T5",0.4079
"BC1024","T6",0.4316
"BC1024","T7",0.4366
"BC1024","T8",0.5136
"BC1024","T9",0.5628
"BC1046","T1",0.3994
"BC1046","T10",0.7084
"BC1046","T11",0.7016
"BC1046","T12",0.7233
"BC1046","T13",0.6373
"BC1046","T14",0.7134
"BC1046","T15",0.723
"BC1046","T16",0.6908
"BC1046","T17",0.7211
"BC1046","T18",0.6801
"BC1046","T19",0.6673
"BC1046","T2",0.3876
"BC1046","T20",0.6281
"BC1046","T21",0.4883
"BC1046","T22",0.4396
"BC1046","T23",0.4019
"BC1046","T24",0.3994
"BC1046","T3",0.3486
"BC1046","T4",0.3738
"BC1046","T5",0.4023
"BC1046","T6",0.4075
"BC1046","T7",0.4571
"BC1046","T8",0.5377
"BC1046","T9",0.6239
"BC1078","T1",0.3724
"BC1078","T10",0.6252
"BC1078","T11",0.5679
"BC1078","T12",0.5996
"BC1078","T13",0.578
"BC1078","T14",0.5674
"BC1078","T15",0.5843
"BC1078","T16",0.572
"BC1078","T17",0.568
"BC1078","T18",0.6036
"BC1078","T19",0.5552
"BC1078","T2",0.3383
"BC1078","T20",0.5225
"BC1078","T21",0.4121
"BC1078","T22",0.3905
"BC1078","T23",0.3503
"BC1078","T24",0.3724
"BC1078","T3",0.3004
"BC1078","T4",0.3311
"BC1078","T5",0.3389
"BC1078","T6",0.3853
"BC1078","T7",0.4102
"BC1078","T8",0.5163
"BC1078","T9",0.5107
"BC1122","T1",0.452
"BC1122","T10",0.7973
"BC1122","T11",0.7796
"BC1122","T12",0.7846
"BC1122","T13",0.7693
"BC1122","T14",0.7697
"BC1122","T15",0.7898
"BC1122","T16",0.7697
"BC1122","T17",0.7487
"BC1122","T18",0.7632
"BC1122","T19",0.7507
"BC1122","T2",0.4218
"BC1122","T20",0.6712
"BC1122","T21",0.5124
"BC1122","T22",0.5047
"BC1122","T23",0.438
"BC1122","T24",0.452
"BC1122","T3",0.4075
"BC1122","T4",0.4308
"BC1122","T5",0.4524
"BC1122","T6",0.4886
"BC1122","T7",0.5139
"BC1122","T8",0.6264
"BC1122","T9",0.7145
"BC1142","T1",0.3134
"BC1142","T10",0.6121
"BC1142","T11",0.6216
"BC1142","T12",0.5169
"BC1142","T13",0.6004
"BC1142","T14",0.5845
"BC1142","T15",0.5546
"BC1142","T16",0.6006
"BC1142","T17",0.6328
"BC1142","T18",0.6416
"BC1142","T19",0.6039
"BC1142","T2",0.4041
"BC1142","T20",0.6359
"BC1142","T21",0.5166
"BC1142","T22",0.4563
"BC1142","T23",0.3244
"BC1142","T24",0.3665
"BC1142","T3",0.3799
"BC1142","T4",0.3667
"BC1142","T5",0.3892
"BC1142","T6",0.4411
"BC1142","T7",0.4226
"BC1142","T8",0.5023
"BC1142","T9",0.5455
"BC1186","T1",0.423
"BC1186","T10",0.7042
"BC1186","T11",0.6716
"BC1186","T12",0.6768
"BC1186","T13",0.6538
"BC1186","T14",0.628
"BC1186","T15",0.6191
"BC1186","T16",0.6618
"BC1186","T17",0.652
"BC1186","T18",0.6594
"BC1186","T19",0.6549
"BC1186","T2",0.4303
"BC1186","T20",0.6058
"BC1186","T21",0.5086
"BC1186","T22",0.4925
"BC1186","T23",0.3332
"BC1186","T24",0.423
"BC1186","T3",0.3755
"BC1186","T4",0.4106
"BC1186","T5",0.4221
"BC1186","T6",0.441
"BC1186","T7",0.5056
"BC1186","T8",0.5719
"BC1186","T9",0.6172
"BE1004","T1",0.3937
"BE1004","T10",0.8339
"BE1004","T11",0.8399
"BE1004","T12",0.8477
"BE1004","T13",0.8135
"BE1004","T14",0.8439
"BE1004","T15",0.8591
"BE1004","T16",0.8314
"BE1004","T17",0.8325
"BE1004","T18",0.82
"BE1004","T19",0.7944
"BE1004","T2",0.4712
"BE1004","T20",0.6473
"BE1004","T21",0.5125
"BE1004","T22",0.4953
"BE1004","T23",0.2769
"BE1004","T24",0.305
"BE1004","T3",0.4313
"BE1004","T4",0.4502
"BE1004","T5",0.4579
"BE1004","T6",0.4579
"BE1004","T7",0.4855
"BE1004","T8",0.5749
"BE1004","T9",0.7482
"BE1011","T1",0.0707
"BE1011","T10",0.6835
"BE1011","T11",0.6957
"BE1011","T12",0.755
"BE1011","T13",0.5277
"BE1011","T14",0.6737
"BE1011","T15",0.6588
"BE1011","T16",0.6853
"BE1011","T17",0.6758
"BE1011","T18",0.6668
"BE1011","T19",0.6689
"BE1011","T2",0.3971
"BE1011","T20",0.6238
"BE1011","T21",0.4831
"BE1011","T22",0.4751
"BE1011","T23",0.2619
"BE1011","T24",0.3133
"BE1011","T3",0.3559
"BE1011","T4",0.403
"BE1011","T5",0.4272
"BE1011","T6",0.4047
"BE1011","T7",0.4915
"BE1011","T8",0.5449
"BE1011","T9",0.6444
"BE1015","T1",0.4255
"BE1015","T10",0.8291
"BE1015","T11",0.8319
"BE1015","T12",0.8411
"BE1015","T13",0.8099
"BE1015","T14",0.8306
"BE1015","T15",0.8468
"BE1015","T16",0.8081
"BE1015","T17",0.7755
"BE1015","T18",0.7961
"BE1015","T19",0.7816
"BE1015","T2",0.4534
"BE1015","T20",0.6399
"BE1015","T21",0.5191
"BE1015","T22",0.503
"BE1015","T23",0.3065
"BE1015","T24",0.2906
"BE1015","T3",0.4191
"BE1015","T4",0.4269
"BE1015","T5",0.4421
"BE1015","T6",0.4166
"BE1015","T7",0.4869
"BE1015","T8",0.5772
"BE1015","T9",0.7286
"BE1020","T1",0.3676
"BE1020","T10",0.751
"BE1020","T11",0.7438
"BE1020","T12",0.7591
"BE1020","T13",0.7549
"BE1020","T14",0.7227
"BE1020","T15",0.7665
"BE1020","T16",0.7313
"BE1020","T17",0.7121
"BE1020","T18",0.7196
"BE1020","T19",0.7292
"BE1020","T2",0.4203
"BE1020","T20",0.656
"BE1020","T21",0.4978
"BE1020","T22",0.4805
"BE1020","T23",0.223
"BE1020","T24",0.404
"BE1020","T3",0.3921
"BE1020","T4",0.41
"BE1020","T5",0.4289
"BE1020","T6",0.4489
"BE1020","T7",0.4462
"BE1020","T8",0.5377
"BE1020","T9",0.6452
"BE1031","T1",0.4365
"BE1031","T10",0.8479
"BE1031","T11",0.8485
"BE1031","T12",0.8624
"BE1031","T13",0.8359
"BE1031","T14",0.8627
"BE1031","T15",0.8678
"BE1031","T16",0.8448
"BE1031","T17",0.7687
"BE1031","T18",0.8359
"BE1031","T19",0.8033
"BE1031","T2",0.448
"BE1031","T20",0.6454
"BE1031","T21",0.514
"BE1031","T22",0.5022
"BE1031","T23",0.2418
"BE1031","T24",0.4365
"BE1031","T3",0.4281
"BE1031","T4",0.476
"BE1031","T5",0.4511
"BE1031","T6",0.4324
"BE1031","T7",0.5033
"BE1031","T8",0.5907
"BE1031","T9",0.7644
"BE1047","T1",0.3974
"BE1047","T10",0.8506
"BE1047","T11",0.8549
"BE1047","T12",0.8556
"BE1047","T13",0.8496
"BE1047","T14",0.8756
"BE1047","T15",0.8759
"BE1047","T16",0.8551
"BE1047","T17",0.8527
"BE1047","T18",0.8436
"BE1047","T19",0.8098
"BE1047","T2",0.4779
"BE1047","T20",0.7167
"BE1047","T21",0.5281
"BE1047","T22",0.4984
"BE1047","T23",0.2891
"BE1047","T24",0.3854
"BE1047","T3",0.4388
"BE1047","T4",0.4672
"BE1047","T5",0.4667
"BE1047","T6",0.4592
"BE1047","T7",0.47
"BE1047","T8",0.5585
"BE1047","T9",0.7391
"BE1059","T1",0.3039
"BE1059","T10",0.7909
"BE1059","T11",0.7819
"BE1059","T12",0.7534
"BE1059","T13",0.7733
"BE1059","T14",0.79
"BE1059","T15",0.7849
"BE1059","T16",0.7703
"BE1059","T17",0.7848
"BE1059","T18",0.7726
"BE1059","T19",0.746
"BE1059","T2",0.4441
"BE1059","T20",0.6531
"BE1059","T21",0.518
"BE1059","T22",0.5037
"BE1059","T23",0.3841
"BE1059","T24",0.282
"BE1059","T3",0.4442
"BE1059","T4",0.4492
"BE1059","T5",0.445
"BE1059","T6",0.4745
"BE1059","T7",0.5336
"BE1059","T8",0.6336
"BE1059","T9",0.7182
"BE1063","T1",0.443
"BE1063","T10",0.804
"BE1063","T11",0.7931
"BE1063","T12",0.8038
"BE1063","T13",0.704
"BE1063","T14",0.7645
"BE1063","T15",0.7798
"BE1063","T16",0.7855
"BE1063","T17",0.7757
"BE1063","T18",0.7925
"BE1063","T19",0.7842
"BE1063","T2",0.5753
"BE1063","T20",0.7644
"BE1063","T21",0.6678
"BE1063","T22",0.652
"BE1063","T23",0.314
"BE1063","T24",0.4542
"BE1063","T3",0.5455
"BE1063","T4",0.57
"BE1063","T5",0.6425
"BE1063","T6",0.6067
"BE1063","T7",0.6555
"BE1063","T8",0.7035
"BE1063","T9",0.7453
"BE1068","T1",0.4185
"BE1068","T10",0.7881
"BE1068","T11",0.802
"BE1068","T12",0.8023
"BE1068","T13",0.7995
"BE1068","T14",0.773
"BE1068","T15",0.7902
"BE1068","T16",0.783
"BE1068","T17",0.7608
"BE1068","T18",0.7668
"BE1068","T19",0.7639
"BE1068","T2",0.4243
"BE1068","T20",0.6895
"BE1068","T21",0.5039
"BE1068","T22",0.4921
"BE1068","T23",0.2224
"BE1068","T24",0.4173
"BE1068","T3",0.387
"BE1068","T4",0.4118
"BE1068","T5",0.4228
"BE1068","T6",0.4565
"BE1068","T7",0.448
"BE1068","T8",0.5413
"BE1068","T9",0.6839
"BE1079","T1",0.439
"BE1079","T10",0.8569
"BE1079","T11",0.8659
"BE1079","T12",0.8698
"BE1079","T13",0.8518
"BE1079","T14",0.8762
"BE1079","T15",0.8807
"BE1079","T16",0.8508
"BE1079","T17",0.7804
"BE1079","T18",0.8473
"BE1079","T19",0.8145
"BE1079","T2",0.4454
"BE1079","T20",0.6586
"BE1079","T21",0.4976
"BE1079","T22",0.4776
"BE1079","T23",0.3356
"BE1079","T24",0.2949
"BE1079","T3",0.4191
"BE1079","T4",0.4489
"BE1079","T5",0.4321
"BE1079","T6",0.4032
"BE1079","T7",0.4628
"BE1079","T8",0.5567
"BE1079","T9",0.7713
"BE1091","T1",0.0786
"BE1091","T10",0.7182
"BE1091","T11",0.7038
"BE1091","T12",0.7253
"BE1091","T13",0.6606
"BE1091","T14",0.7213
"BE1091","T15",0.721
"BE1091","T16",0.7115
"BE1091","T17",0.7178
"BE1091","T18",0.7363
"BE1091","T19",0.7033
"BE1091","T2",0.3624
"BE1091","T20",0.6204
"BE1091","T21",0.4524
"BE1091","T22",0.4288
"BE1091","T23",0.2119
"BE1091","T24",0.3109
"BE1091","T3",0.3544
"BE1091","T4",0.3598
"BE1091","T5",0.3788
"BE1091","T6",0.3832
"BE1091","T7",0.4307
"BE1091","T8",0.4885
"BE1091","T9",0.6162
"BE1095","T1",0.4491
"BE1095","T10",0.8232
"BE1095","T11",0.8063
"BE1095","T12",0.8375
"BE1095","T13",0.813
"BE1095","T14",0.8187
"BE1095","T15",0.8397
"BE1095","T16",0.8076
"BE1095","T17",0.7726
"BE1095","T18",0.8015
"BE1095","T19",0.7662
"BE1095","T2",0.4415
"BE1095","T20",0.6647
"BE1095","T21",0.5171
"BE1095","T22",0.4935
"BE1095","T23",0.255
"BE1095","T24",0.4491
"BE1095","T3",0.4244
"BE1095","T4",0.4615
"BE1095","T5",0.4481
"BE1095","T6",0.4439
"BE1095","T7",0.5165
"BE1095","T8",0.6005
"BE1095","T9",0.7296
"BE1107","T1",0.3509
"BE1107","T10",0.8055
"BE1107","T11",0.8036
"BE1107","T12",0.8178
"BE1107","T13",0.8115
"BE1107","T14",0.8214
"BE1107","T15",0.8144
"BE1107","T16",0.79
"BE1107","T17",0.8033
"BE1107","T18",0.8065
"BE1107","T19",0.7798
"BE1107","T2",0.4853
"BE1107","T20",0.6995
"BE1107","T21",0.5539
"BE1107","T22",0.5567
"BE1107","T23",0.4336
"BE1107","T24",0.3695
"BE1107","T3",0.4496
"BE1107","T4",0.4875
"BE1107","T5",0.4869
"BE1107","T6",0.4849
"BE1107","T7",0.5657
"BE1107","T8",0.6898
"BE1107","T9",0.7466
"BE1111","T1",0.3726
"BE1111","T10",0.8316
"BE1111","T11",0.8303
"BE1111","T12",0.8365
"BE1111","T13",0.8194
"BE1111","T14",0.8366
"BE1111","T15",0.8456
"BE1111","T16",0.8212
"BE1111","T17",0.822
"BE1111","T18",0.8189
"BE1111","T19",0.7944
"BE1111","T2",0.4637
"BE1111","T20",0.7129
"BE1111","T21",0.5418
"BE1111","T22",0.508
"BE1111","T23",0.3232
"BE1111","T24",0.3412
"BE1111","T3",0.4359
"BE1111","T4",0.4749
"BE1111","T5",0.4708
"BE1111","T6",0.4653
"BE1111","T7",0.4866
"BE1111","T8",0.5804
"BE1111","T9",0.7203
"BE1123","T1",0.2638
"BE1123","T10",0.8328
"BE1123","T11",0.8195
"BE1123","T12",0.8135
"BE1123","T13",0.8197
"BE1123","T14",0.8211
"BE1123","T15",0.8281
"BE1123","T16",0.8288
"BE1123","T17",0.7964
"BE1123","T18",0.7999
"BE1123","T19",0.7794
"BE1123","T2",0.468
"BE1123","T20",0.6885
"BE1123","T21",0.5271
"BE1123","T22",0.5356
"BE1123","T23",0.4409
"BE1123","T24",0.3292
"BE1123","T3",0.4546
"BE1123","T4",0.47
"BE1123","T5",0.4692
"BE1123","T6",0.4894
"BE1123","T7",0.5484
"BE1123","T8",0.6337
"BE1123","T9",0.7517
"BE1127","T1",0.3987
"BE1127","T10",0.8307
"BE1127","T11",0.8439
"BE1127","T12",0.8497
"BE1127","T13",0.8033
"BE1127","T14",0.8545
"BE1127","T15",0.8675
"BE1127","T16",0.8501
"BE1127","T17",0.8622
"BE1127","T18",0.8392
"BE1127","T19",0.8054
"BE1127","T2",0.4669
"BE1127","T20",0.6827
"BE1127","T21",0.5199
"BE1127","T22",0.4916
"BE1127","T23",0.2714
"BE1127","T24",0.3982
"BE1127","T3",0.437
"BE1127","T4",0.4628
"BE1127","T5",0.4549
"BE1127","T6",0.4938
"BE1127","T7",0.4861
"BE1127","T8",0.572
"BE1127","T9",0.7483
"BE1132","T1",0.4058
"BE1132","T10",0.7629
"BE1132","T11",0.7777
"BE1132","T12",0.766
"BE1132","T13",0.7774
"BE1132","T14",0.7402
"BE1132","T15",0.7738
"BE1132","T16",0.753
"BE1132","T17",0.7411
"BE1132","T18",0.7463
"BE1132","T19",0.7416
"BE1132","T2",0.4106
"BE1132","T20",0.6657
"BE1132","T21",0.4912
"BE1132","T22",0.4744
"BE1132","T23",0.2182
"BE1132","T24",0.4038
"BE1132","T3",0.3719
"BE1132","T4",0.3957
"BE1132","T5",0.4035
"BE1132","T6",0.4405
"BE1132","T7",0.4362
"BE1132","T8",0.526
"BE1132","T9",0.6677
"BE1139","T1",0.0817
"BE1139","T10",0.7659
"BE1139","T11",0.7516
"BE1139","T12",0.7694
"BE1139","T13",0.6553
"BE1139","T14",0.7559
"BE1139","T15",0.737
"BE1139","T16",0.7554
"BE1139","T17",0.7438
"BE1139","T18",0.7553
"BE1139","T19",0.7246
"BE1139","T2",0.3882
"BE1139","T20",0.6762
"BE1139","T21",0.511
"BE1139","T22",0.481
"BE1139","T23",0.2589
"BE1139","T24",0.2846
"BE1139","T3",0.3824
"BE1139","T4",0.3716
"BE1139","T5",0.3502
"BE1139","T6",0.409
"BE1139","T7",0.4824
"BE1139","T8",0.5644
"BE1139","T9",0.6599
"BE1140","T1",0.0817
"BE1140","T10",0.7659
"BE1140","T11",0.751
"BE1140","T12",0.7693
"BE1140","T13",0.6547
"BE1140","T14",0.7567
"BE1140","T15",0.7371
"BE1140","T16",0.7559
"BE1140","T17",0.744
"BE1140","T18",0.7558
"BE1140","T19",0.7249
"BE1140","T2",0.3884
"BE1140","T20",0.6759
"BE1140","T21",0.5103
"BE1140","T22",0.4807
"BE1140","T23",0.2584
"BE1140","T24",0.2848
"BE1140","T3",0.3826
"BE1140","T4",0.3713
"BE1140","T5",0.3499
"BE1140","T6",0.4089
"BE1140","T7",0.482
"BE1140","T8",0.5637
"BE1140","T9",0.6602
"BE1143","T1",0.4447
"BE1143","T10",0.8421
"BE1143","T11",0.8502
"BE1143","T12",0.8536
"BE1143","T13",0.8376
"BE1143","T14",0.8555
"BE1143","T15",0.8597
"BE1143","T16",0.834
"BE1143","T17",0.7351
"BE1143","T18",0.8317
"BE1143","T19",0.8011
"BE1143","T2",0.4558
"BE1143","T20",0.6728
"BE1143","T21",0.5361
"BE1143","T22",0.5021
"BE1143","T23",0.3253
"BE1143","T24",0.4349
"BE1143","T3",0.4218
"BE1143","T4",0.4652
"BE1143","T5",0.4478
"BE1143","T6",0.4213
"BE1143","T7",0.4976
"BE1143","T8",0.5984
"BE1143","T9",0.7551
"BE1144","T1",0.4419
"BE1144","T10",0.8431
"BE1144","T11",0.851
"BE1144","T12",0.8552
"BE1144","T13",0.8386
"BE1144","T14",0.8582
"BE1144","T15",0.8605
"BE1144","T16",0.8346
"BE1144","T17",0.7341
"BE1144","T18",0.8322
"BE1144","T19",0.8021
"BE1144","T2",0.4538
"BE1144","T20",0.6713
"BE1144","T21",0.5356
"BE1144","T22",0.5019
"BE1144","T23",0.3275
"BE1144","T24",0.4282
"BE1144","T3",0.4209
"BE1144","T4",0.4634
"BE1144","T5",0.4454
"BE1144","T6",0.4187
"BE1144","T7",0.4961
"BE1144","T8",0.5972
"BE1144","T9",0.755
"BE1155","T1",0.0736
"BE1155","T10",0.7069
"BE1155","T11",0.7157
"BE1155","T12",0.7209
"BE1155","T13",0.6121
"BE1155","T14",0.7022
"BE1155","T15",0.6901
"BE1155","T16",0.6943
"BE1155","T17",0.6989
"BE1155","T18",0.7208
"BE1155","T19",0.6833
"BE1155","T2",0.3847
"BE1155","T20",0.6212
"BE1155","T21",0.4647
"BE1155","T22",0.45
"BE1155","T23",0.232
"BE1155","T24",0.324
"BE1155","T3",0.3557
"BE1155","T4",0.3852
"BE1155","T5",0.4038
"BE1155","T6",0.4074
"BE1155","T7",0.4532
"BE1155","T8",0.5057
"BE1155","T9",0.6263
"BE1159","T1",0.4237
"BE1159","T10",0.8648
"BE1159","T11",0.8771
"BE1159","T12",0.8814
"BE1159","T13",0.8624
"BE1159","T14",0.8886
"BE1159","T15",0.8886
"BE1159","T16",0.8614
"BE1159","T17",0.8324
"BE1159","T18",0.8575
"BE1159","T19",0.8271
"BE1159","T2",0.4502
"BE1159","T20",0.7044
"BE1159","T21",0.5023
"BE1159","T22",0.4775
"BE1159","T23",0.3349
"BE1159","T24",0.3194
"BE1159","T3",0.4209
"BE1159","T4",0.461
"BE1159","T5",0.4356
"BE1159","T6",0.4116
"BE1159","T7",0.4529
"BE1159","T8",0.5426
"BE1159","T9",0.7778
"BE1171","T1",0.3732
"BE1171","T10",0.7606
"BE1171","T11",0.74
"BE1171","T12",0.7942
"BE1171","T13",0.7649
"BE1171","T14",0.785
"BE1171","T15",0.8088
"BE1171","T16",0.8012
"BE1171","T17",0.7564
"BE1171","T18",0.7789
"BE1171","T19",0.7739
"BE1171","T2",0.4892
"BE1171","T20",0.7032
"BE1171","T21",0.5818
"BE1171","T22",0.5815
"BE1171","T23",0.5039
"BE1171","T24",0.3621
"BE1171","T3",0.4514
"BE1171","T4",0.5015
"BE1171","T5",0.493
"BE1171","T6",0.4508
"BE1171","T7",0.5904
"BE1171","T8",0.699
"BE1171","T9",0.6663
"BE1175","T1",0.4112
"BE1175","T10",0.8634
"BE1175","T11",0.8783
"BE1175","T12",0.8772
"BE1175","T13",0.8641
"BE1175","T14",0.8915
"BE1175","T15",0.8919
"BE1175","T16",0.8699
"BE1175","T17",0.8707
"BE1175","T18",0.8584
"BE1175","T19",0.8296
"BE1175","T2",0.455
"BE1175","T20",0.7225
"BE1175","T21",0.5224
"BE1175","T22",0.4804
"BE1175","T23",0.3397
"BE1175","T24",0.3322
"BE1175","T3",0.4223
"BE1175","T4",0.4643
"BE1175","T5",0.4404
"BE1175","T6",0.4233
"BE1175","T7",0.4462
"BE1175","T8",0.5292
"BE1175","T9",0.7565
"BE1187","T1",0.3417
"BE1187","T10",0.7904
"BE1187","T11",0.7815
"BE1187","T12",0.793
"BE1187","T13",0.7906
"BE1187","T14",0.7932
"BE1187","T15",0.8048
"BE1187","T16",0.7866
"BE1187","T17",0.7788
"BE1187","T18",0.7817
"BE1187","T19",0.7736
"BE1187","T2",0.4765
"BE1187","T20",0.6505
"BE1187","T21",0.5238
"BE1187","T22",0.5467
"BE1187","T23",0.4267
"BE1187","T24",0.3434
"BE1187","T3",0.4472
"BE1187","T4",0.4871
"BE1187","T5",0.4747
"BE1187","T6",0.472
"BE1187","T7",0.5423
"BE1187","T8",0.6185
"BE1187","T9",0.7078
"BE1191","T1",0.424
"BE1191","T10",0.7875
"BE1191","T11",0.7887
"BE1191","T12",0.7925
"BE1191","T13",0.7668
"BE1191","T14",0.7838
"BE1191","T15",0.7783
"BE1191","T16",0.7856
"BE1191","T17",0.8179
"BE1191","T18",0.7875
"BE1191","T19",0.763
"BE1191","T2",0.4658
"BE1191","T20",0.6565
"BE1191","T21",0.5073
"BE1191","T22",0.4626
"BE1191","T23",0.3003
"BE1191","T24",0.3749
"BE1191","T3",0.4132
"BE1191","T4",0.4438
"BE1191","T5",0.446
"BE1191","T6",0.4601
"BE1191","T7",0.4852
"BE1191","T8",0.5677
"BE1191","T9",0.702
"BE1196","T1",0.3488
"BE1196","T10",0.7515
"BE1196","T11",0.7653
"BE1196","T12",0.7671
"BE1196","T13",0.7156
"BE1196","T14",0.7117
"BE1196","T15",0.7465
"BE1196","T16",0.7403
"BE1196","T17",0.727
"BE1196","T18",0.7448
"BE1196","T19",0.7458
"BE1196","T2",0.4972
"BE1196","T20",0.6904
"BE1196","T21",0.5834
"BE1196","T22",0.5606
"BE1196","T23",0.274
"BE1196","T24",0.4807
"BE1196","T3",0.4748
"BE1196","T4",0.5191
"BE1196","T5",0.5437
"BE1196","T6",0.536
"BE1196","T7",0.5366
"BE1196","T8",0.6214
"BE1196","T9",0.6687
"BK1088","T1",0.3901
"BK1088","T10",0.6193
"BK1088","T11",0.5816
"BK1088","T12",0.5755
"BK1088","T13",0.5189
"BK1088","T14",0.5428
"BK1088","T15",0.489
"BK1088","T16",0.4896
"BK1088","T17",0.5705
"BK1088","T18",0.6135
"BK1088","T19",0.605
"BK1088","T2",0.3443
"BK1088","T20",0.5604
"BK1088","T21",0.5274
"BK1088","T22",0.4517
"BK1088","T23",0.2633
"BK1088","T24",0.3901
"BK1088","T3",0.3497
"BK1088","T4",0.3416
"BK1088","T5",0.3385
"BK1088","T6",0.386
"BK1088","T7",0.4234
"BK1088","T8",0.5179
"BK1088","T9",0.5332
"BK1152","T1",0.356
"BK1152","T10",0.5722
"BK1152","T11",0.5682
"BK1152","T12",0.4508
"BK1152","T13",0.5167
"BK1152","T14",0.4566
"BK1152","T15",0.5007
"BK1152","T16",0.5515
"BK1152","T17",0.5665
"BK1152","T18",0.556
"BK1152","T19",0.5711
"BK1152","T2",0.3487
"BK1152","T20",0.5477
"BK1152","T21",0.4992
"BK1152","T22",0.4448
"BK1152","T23",0.2531
"BK1152","T24",0.356
"BK1152","T3",0.1764
"BK1152","T4",0.3325
"BK1152","T5",0.2596
"BK1152","T6",0.3464
"BK1152","T7",0.4074
"BK1152","T8",0.4946
"BK1152","T9",0.4955
"BK1200","T1",0.3437
"BK1200","T10",0.6243
"BK1200","T11",0.6538
"BK1200","T12",0.6095
"BK1200","T13",0.5347
"BK1200","T14",0.5845
"BK1200","T15",0.615
"BK1200","T16",0.6077
"BK1200","T17",0.6267
"BK1200","T18",0.6406
"BK1200","T19",0.6371
"BK1200","T2",0.3232
"BK1200","T20",0.6066
"BK1200","T21",0.5041
"BK1200","T22",0.4236
"BK1200","T23",0.284
"BK1200","T24",0.3437
"BK1200","T3",0.3221
"BK1200","T4",0.3209
"BK1200","T5",0.2736
"BK1200","T6",0.3398
"BK1200","T7",0.3795
"BK1200","T8",0.5317
"BK1200","T9",0.5636
"BR1013","T1",0.1258
"BR1013","T10",0.7804
"BR1013","T11",0.7801
"BR1013","T12",0.7918
"BR1013","T13",0.7734
"BR1013","T14",0.7945
"BR1013","T15",0.7947
"BR1013","T16",0.7652
"BR1013","T17",0.7795
"BR1013","T18",0.7964
"BR1013","T19",0.7648
"BR1013","T2",0.466
"BR1013","T20",0.6832
"BR1013","T21",0.5117
"BR1013","T22",0.5189
"BR1013","T23",0.3856
"BR1013","T24",0.1887
"BR1013","T3",0.4348
"BR1013","T4",0.4486
"BR1013","T5",0.4587
"BR1013","T6",0.3909
"BR1013","T7",0.5134
"BR1013","T8",0.5903
"BR1013","T9",0.6977
"BR1023","T1",0.4947
"BR1023","T10",0.8065
"BR1023","T11",0.7973
"BR1023","T12",0.7923
"BR1023","T13",0.758
"BR1023","T14",0.7948
"BR1023","T15",0.8272
"BR1023","T16",0.782
"BR1023","T17",0.7882
"BR1023","T18",0.7763
"BR1023","T19",0.7601
"BR1023","T2",0.4999
"BR1023","T20",0.6681
"BR1023","T21",0.5575
"BR1023","T22",0.5817
"BR1023","T23",0.5059
"BR1023","T24",0.4947
"BR1023","T3",0.4784
"BR1023","T4",0.4968
"BR1023","T5",0.4482
"BR1023","T6",0.5544
"BR1023","T7",0.5898
"BR1023","T8",0.6908
"BR1023","T9",0.7221
"BR1025","T1",0.3411
"BR1025","T10",0.8779
"BR1025","T11",0.884
"BR1025","T12",0.8866
"BR1025","T13",0.8908
"BR1025","T14",0.8937
"BR1025","T15",0.8973
"BR1025","T16",0.873
"BR1025","T17",0.8767
"BR1025","T18",0.8615
"BR1025","T19",0.8272
"BR1025","T2",0.469
"BR1025","T20",0.7439
"BR1025","T21",0.5072
"BR1025","T22",0.4947
"BR1025","T23",0.4789
"BR1025","T24",0.3854
"BR1025","T3",0.4375
"BR1025","T4",0.4455
"BR1025","T5",0.4393
"BR1025","T6",0.4045
"BR1025","T7",0.4576
"BR1025","T8",0.5217
"BR1025","T9",0.7361
"BR1029","T1",0.2131
"BR1029","T10",0.8105
"BR1029","T11",0.8136
"BR1029","T12",0.8191
"BR1029","T13",0.8153
"BR1029","T14",0.8365
"BR1029","T15",0.8268
"BR1029","T16",0.7797
"BR1029","T17",0.7573
"BR1029","T18",0.7694
"BR1029","T19",0.7155
"BR1029","T2",0.3205
"BR1029","T20",0.6383
"BR1029","T21",0.4799
"BR1029","T22",0.4627
"BR1029","T23",0.2761
"BR1029","T24",0.249
"BR1029","T3",0.3302
"BR1029","T4",0.3236
"BR1029","T5",0.3267
"BR1029","T6",0.3293
"BR1029","T7",0.4879
"BR1029","T8",0.7169
"BR1029","T9",0.7141
"BR1041","T1",0.3899
"BR1041","T10",0.8752
"BR1041","T11",0.8823
"BR1041","T12",0.8835
"BR1041","T13",0.879
"BR1041","T14",0.89
"BR1041","T15",0.8947
"BR1041","T16",0.868
"BR1041","T17",0.8799
"BR1041","T18",0.8586
"BR1041","T19",0.8302
"BR1041","T2",0.4898
"BR1041","T20",0.7531
"BR1041","T21",0.5278
"BR1041","T22",0.502
"BR1041","T23",0.4998
"BR1041","T24",0.3878
"BR1041","T3",0.4567
"BR1041","T4",0.4591
"BR1041","T5",0.4575
"BR1041","T6",0.3773
"BR1041","T7",0.4666
"BR1041","T8",0.534
"BR1041","T9",0.6892
"BR1043","T1",0.3907
"BR1043","T10",0.8103
"BR1043","T11",0.8038
"BR1043","T12",0.8231
"BR1043","T13",0.8455
"BR1043","T14",0.8408
"BR1043","T15",0.8332
"BR1043","T16",0.7963
"BR1043","T17",0.7833
"BR1043","T18",0.7616
"BR1043","T19",0.7413
"BR1043","T2",0.3708
"BR1043","T20",0.6486
"BR1043","T21",0.4945
"BR1043","T22",0.4777
"BR1043","T23",0.4357
"BR1043","T24",0.3907
"BR1043","T3",0.3986
"BR1043","T4",0.3862
"BR1043","T5",0.3697
"BR1043","T6",0.4101
"BR1043","T7",0.5379
"BR1043","T8",0.6512
"BR1043","T9",0.7195
"BR1045","T1",0.3156
"BR1045","T10",0.8758
"BR1045","T11",0.8539
"BR1045","T12",0.8808
"BR1045","T13",0.8862
"BR1045","T14",0.8833
"BR1045","T15",0.8914
"BR1045","T16",0.8595
"BR1045","T17",0.8728
"BR1045","T18",0.849
"BR1045","T19",0.7983
"BR1045","T2",0.4828
"BR1045","T20",0.6934
"BR1045","T21",0.5029
"BR1045","T22",0.5142
"BR1045","T23",0.503
"BR1045","T24",0.4429
"BR1045","T3",0.4388
"BR1045","T4",0.4719
"BR1045","T5",0.4551
"BR1045","T6",0.409
"BR1045","T7",0.4983
"BR1045","T8",0.6734
"BR1045","T9",0.7337
"BR1057","T1",0.3837
"BR1057","T10",0.8642
"BR1057","T11",0.8742
"BR1057","T12",0.8884
"BR1057","T13",0.9015
"BR1057","T14",0.8895
"BR1057","T15",0.9025
"BR1057","T16",0.8783
"BR1057","T17",0.8696
"BR1057","T18",0.8679
"BR1057","T19",0.8148
"BR1057","T2",0.4481
"BR1057","T20",0.7268
"BR1057","T21",0.488
"BR1057","T22",0.4691
"BR1057","T23",0.4247
"BR1057","T24",0.3186
"BR1057","T3",0.4305
"BR1057","T4",0.447
"BR1057","T5",0.4307
"BR1057","T6",0.3735
"BR1057","T7",0.4572
"BR1057","T8",0.5202
"BR1057","T9",0.7487
"BR1061","T1",0.4045
"BR1061","T10",0.8806
"BR1061","T11",0.8888
"BR1061","T12",0.8888
"BR1061","T13",0.8899
"BR1061","T14",0.8928
"BR1061","T15",0.8991
"BR1061","T16",0.8769
"BR1061","T17",0.881
"BR1061","T18",0.862
"BR1061","T19",0.8192
"BR1061","T2",0.4759
"BR1061","T20",0.7261
"BR1061","T21",0.5013
"BR1061","T22",0.486
"BR1061","T23",0.4394
"BR1061","T24",0.3422
"BR1061","T3",0.4327
"BR1061","T4",0.4418
"BR1061","T5",0.4395
"BR1061","T6",0.4024
"BR1061","T7",0.4515
"BR1061","T8",0.5654
"BR1061","T9",0.7177
"BR1077","T1",0.415
"BR1077","T10",0.7035
"BR1077","T11",0.7061
"BR1077","T12",0.6853
"BR1077","T13",0.6732
"BR1077","T14",0.7191
"BR1077","T15",0.7256
"BR1077","T16",0.6874
"BR1077","T17",0.7187
"BR1077","T18",0.7232
"BR1077","T19",0.6715
"BR1077","T2",0.4684
"BR1077","T20",0.6232
"BR1077","T21",0.5074
"BR1077","T22",0.519
"BR1077","T23",0.4515
"BR1077","T24",0.456
"BR1077","T3",0.435
"BR1077","T4",0.4651
"BR1077","T5",0.4593
"BR1077","T6",0.4967
"BR1077","T7",0.5074
"BR1077","T8",0.6149
"BR1077","T9",0.6229
"BR1089","T1",0.3394
"BR1089","T10",0.8786
"BR1089","T11",0.8831
"BR1089","T12",0.8861
"BR1089","T13",0.9004
"BR1089","T14",0.8981
"BR1089","T15",0.9043
"BR1089","T16",0.8775
"BR1089","T17",0.8792
"BR1089","T18",0.8706
"BR1089","T19",0.8311
"BR1089","T2",0.4709
"BR1089","T20",0.7586
"BR1089","T21",0.5249
"BR1089","T22",0.4979
"BR1089","T23",0.482
"BR1089","T24",0.3613
"BR1089","T3",0.4462
"BR1089","T4",0.4653
"BR1089","T5",0.4481
"BR1089","T6",0.3801
"BR1089","T7",0.4652
"BR1089","T8",0.5177
"BR1089","T9",0.7328
"BR1093","T1",0.3142
"BR1093","T10",0.8689
"BR1093","T11",0.8591
"BR1093","T12",0.8846
"BR1093","T13",0.8871
"BR1093","T14",0.8822
"BR1093","T15",0.887
"BR1093","T16",0.8607
"BR1093","T17",0.858
"BR1093","T18",0.835
"BR1093","T19",0.7948
"BR1093","T2",0.4452
"BR1093","T20",0.688
"BR1093","T21",0.4917
"BR1093","T22",0.4938
"BR1093","T23",0.4673
"BR1093","T24",0.3828
"BR1093","T3",0.4166
"BR1093","T4",0.4392
"BR1093","T5",0.4276
"BR1093","T6",0.38
"BR1093","T7",0.4773
"BR1093","T8",0.5615
"BR1093","T9",0.7288
"BR1105","T1",0.4272
"BR1105","T10",0.8787
"BR1105","T11",0.8868
"BR1105","T12",0.8877
"BR1105","T13",0.8845
"BR1105","T14",0.8928
"BR1105","T15",0.8975
"BR1105","T16",0.8752
"BR1105","T17",0.8806
"BR1105","T18",0.8612
"BR1105","T19",0.8257
"BR1105","T2",0.4792
"BR1105","T20",0.7373
"BR1105","T21",0.5101
"BR1105","T22",0.489
"BR1105","T23",0.4601
"BR1105","T24",0.3553
"BR1105","T3",0.4384
"BR1105","T4",0.445
"BR1105","T5",0.4431
"BR1105","T6",0.3909
"BR1105","T7",0.4501
"BR1105","T8",0.5487
"BR1105","T9",0.7029
"BR1109","T1",0.4362
"BR1109","T10",0.8325
"BR1109","T11",0.835
"BR1109","T12",0.8335
"BR1109","T13",0.8091
"BR1109","T14",0.8469
"BR1109","T15",0.8393
"BR1109","T16",0.8127
"BR1109","T17",0.8045
"BR1109","T18",0.8101
"BR1109","T19",0.7786
"BR1109","T2",0.4288
"BR1109","T20",0.7118
"BR1109","T21",0.5437
"BR1109","T22",0.535
"BR1109","T23",0.4887
"BR1109","T24",0.415
"BR1109","T3",0.4525
"BR1109","T4",0.4614
"BR1109","T5",0.462
"BR1109","T6",0.4372
"BR1109","T7",0.5657
"BR1109","T8",0.6467
"BR1109","T9",0.7498
"BR1121","T1",0.3192
"BR1121","T10",0.8617
"BR1121","T11",0.8633
"BR1121","T12",0.8673
"BR1121","T13",0.847
"BR1121","T14",0.8686
"BR1121","T15",0.8734
"BR1121","T16",0.8498
"BR1121","T17",0.8608
"BR1121","T18",0.8468
"BR1121","T19",0.8153
"BR1121","T2",0.49
"BR1121","T20",0.7267
"BR1121","T21",0.5313
"BR1121","T22",0.5077
"BR1121","T23",0.4878
"BR1121","T24",0.3379
"BR1121","T3",0.4616
"BR1121","T4",0.4625
"BR1121","T5",0.4699
"BR1121","T6",0.3852
"BR1121","T7",0.4863
"BR1121","T8",0.5643
"BR1121","T9",0.7061
"BR1125","T1",0.3734
"BR1125","T10",0.847
"BR1125","T11",0.8552
"BR1125","T12",0.864
"BR1125","T13",0.8577
"BR1125","T14",0.8653
"BR1125","T15",0.8618
"BR1125","T16",0.8341
"BR1125","T17",0.8399
"BR1125","T18",0.8384
"BR1125","T19",0.7827
"BR1125","T2",0.4694
"BR1125","T20",0.6858
"BR1125","T21",0.5071
"BR1125","T22",0.5103
"BR1125","T23",0.4085
"BR1125","T24",0.405
"BR1125","T3",0.4219
"BR1125","T4",0.4427
"BR1125","T5",0.4446
"BR1125","T6",0.4419
"BR1125","T7",0.5031
"BR1125","T8",0.5629
"BR1125","T9",0.7296
"BR1137","T1",0.3164
"BR1137","T10",0.7977
"BR1137","T11",0.8024
"BR1137","T12",0.7965
"BR1137","T13",0.7805
"BR1137","T14",0.8019
"BR1137","T15",0.8112
"BR1137","T16",0.7932
"BR1137","T17",0.7908
"BR1137","T18",0.8056
"BR1137","T19",0.7942
"BR1137","T2",0.5762
"BR1137","T20",0.7444
"BR1137","T21",0.6216
"BR1137","T22",0.6133
"BR1137","T23",0.6282
"BR1137","T24",0.2955
"BR1137","T3",0.5358
"BR1137","T4",0.562
"BR1137","T5",0.5996
"BR1137","T6",0.5115
"BR1137","T7",0.6427
"BR1137","T8",0.688
"BR1137","T9",0.7285
"BR1141","T1",0.3045
"BR1141","T10",0.8453
"BR1141","T11",0.8341
"BR1141","T12",0.8491
"BR1141","T13",0.8506
"BR1141","T14",0.8556
"BR1141","T15",0.8566
"BR1141","T16",0.8186
"BR1141","T17",0.8257
"BR1141","T18",0.7908
"BR1141","T19",0.7416
"BR1141","T2",0.4211
"BR1141","T20",0.6457
"BR1141","T21",0.4808
"BR1141","T22",0.4811
"BR1141","T23",0.4351
"BR1141","T24",0.363
"BR1141","T3",0.3942
"BR1141","T4",0.4037
"BR1141","T5",0.4067
"BR1141","T6",0.3615
"BR1141","T7",0.5005
"BR1141","T8",0.6034
"BR1141","T9",0.7234
"BR1153","T1",0.3313
"BR1153","T10",0.8766
"BR1153","T11",0.8811
"BR1153","T12",0.8799
"BR1153","T13",0.8953
"BR1153","T14",0.8941
"BR1153","T15",0.899
"BR1153","T16",0.871
"BR1153","T17",0.8751
"BR1153","T18",0.8676
"BR1153","T19",0.8321
"BR1153","T2",0.4973
"BR1153","T20",0.7652
"BR1153","T21",0.5516
"BR1153","T22",0.5173
"BR1153","T23",0.5114
"BR1153","T24",0.3667
"BR1153","T3",0.4679
"BR1153","T4",0.4861
"BR1153","T5",0.4832
"BR1153","T6",0.3965
"BR1153","T7",0.4978
"BR1153","T8",0.5354
"BR1153","T9",0.7241
"BR1157","T1",0.3586
"BR1157","T10",0.8672
"BR1157","T11",0.8698
"BR1157","T12",0.8806
"BR1157","T13",0.8984
"BR1157","T14",0.8889
"BR1157","T15",0.89
"BR1157","T16",0.8706
"BR1157","T17",0.863
"BR1157","T18",0.8595
"BR1157","T19",0.8201
"BR1157","T2",0.4571
"BR1157","T20",0.719
"BR1157","T21",0.501
"BR1157","T22",0.497
"BR1157","T23",0.4908
"BR1157","T24",0.3862
"BR1157","T3",0.4262
"BR1157","T4",0.4447
"BR1157","T5",0.4303
"BR1157","T6",0.3868
"BR1157","T7",0.4483
"BR1157","T8",0.5238
"BR1157","T9",0.7017
"BR1169","T1",0.417
"BR1169","T10",0.8195
"BR1169","T11",0.8281
"BR1169","T12",0.8195
"BR1169","T13",0.8483
"BR1169","T14",0.8268
"BR1169","T15",0.8462
"BR1169","T16",0.8217
"BR1169","T17",0.8067
"BR1169","T18",0.8174
"BR1169","T19",0.7822
"BR1169","T2",0.5036
"BR1169","T20",0.7137
"BR1169","T21",0.5319
"BR1169","T22",0.5178
"BR1169","T23",0.5248
"BR1169","T24",0.4016
"BR1169","T3",0.4508
"BR1169","T4",0.4862
"BR1169","T5",0.4873
"BR1169","T6",0.4102
"BR1169","T7",0.5519
"BR1169","T8",0.585
"BR1169","T9",0.7166
"BR1173","T1",0.2684
"BR1173","T10",0.8274
"BR1173","T11",0.819
"BR1173","T12",0.8262
"BR1173","T13",0.8236
"BR1173","T14",0.8233
"BR1173","T15",0.8225
"BR1173","T16",0.7956
"BR1173","T17",0.802
"BR1173","T18",0.804
"BR1173","T19",0.7512
"BR1173","T2",0.478
"BR1173","T20",0.6623
"BR1173","T21",0.5393
"BR1173","T22",0.5416
"BR1173","T23",0.4045
"BR1173","T24",0.3934
"BR1173","T3",0.4365
"BR1173","T4",0.4532
"BR1173","T5",0.4617
"BR1173","T6",0.4717
"BR1173","T7",0.5577
"BR1173","T8",0.5988
"BR1173","T9",0.7133
"BR1185","T1",0.4051
"BR1185","T10",0.876
"BR1185","T11",0.8798
"BR1185","T12",0.8858
"BR1185","T13",0.8807
"BR1185","T14",0.8867
"BR1185","T15",0.8925
"BR1185","T16",0.8725
"BR1185","T17",0.8753
"BR1185","T18",0.8617
"BR1185","T19",0.8218
"BR1185","T2",0.4809
"BR1185","T20",0.7305
"BR1185","T21",0.5104
"BR1185","T22",0.4871
"BR1185","T23",0.4658
"BR1185","T24",0.3687
"BR1185","T3",0.4388
"BR1185","T4",0.4462
"BR1185","T5",0.4473
"BR1185","T6",0.3827
"BR1185","T7",0.4535
"BR1185","T8",0.5437
"BR1185","T9",0.7004
"BR1189","T1",0.3682
"BR1189","T10",0.8627
"BR1189","T11",0.8646
"BR1189","T12",0.8669
"BR1189","T13",0.864
"BR1189","T14",0.8643
"BR1189","T15",0.8728
"BR1189","T16",0.8356
"BR1189","T17",0.8593
"BR1189","T18",0.8225
"BR1189","T19",0.7713
"BR1189","T2",0.4467
"BR1189","T20",0.6765
"BR1189","T21",0.4897
"BR1189","T22",0.4882
"BR1189","T23",0.4327
"BR1189","T24",0.3335
"BR1189","T3",0.4194
"BR1189","T4",0.4367
"BR1189","T5",0.4192
"BR1189","T6",0.4159
"BR1189","T7",0.4938
"BR1189","T8",0.5994
"BR1189","T9",0.7336
"BW1006","T1",0.4704
"BW1006","T10",0.8712
"BW1006","T11",0.8527
"BW1006","T12",0.884
"BW1006","T13",0.8979
"BW1006","T14",0.8919
"BW1006","T15",0.9009
"BW1006","T16",0.8821
"BW1006","T17",0.8913
"BW1006","T18",0.8884
"BW1006","T19",0.8539
"BW1006","T2",0.4383
"BW1006","T20",0.8115
"BW1006","T21",0.5712
"BW1006","T22",0.5277
"BW1006","T23",0.2922
"BW1006","T24",0.4704
"BW1006","T3",0.4388
"BW1006","T4",0.4483
"BW1006","T5",0.436
"BW1006","T6",0.3778
"BW1006","T7",0.4901
"BW1006","T8",0.801
"BW1006","T9",0.8412
"BW1050","T1",0.476
"BW1050","T10",0.8093
"BW1050","T11",0.8011
"BW1050","T12",0.8087
"BW1050","T13",0.8375
"BW1050","T14",0.815
"BW1050","T15",0.8347
"BW1050","T16",0.8037
"BW1050","T17",0.8166
"BW1050","T18",0.82
"BW1050","T19",0.7953
"BW1050","T2",0.4604
"BW1050","T20",0.7309
"BW1050","T21",0.536
"BW1050","T22",0.5077
"BW1050","T23",0.4911
"BW1050","T24",0.476
"BW1050","T3",0.4536
"BW1050","T4",0.4553
"BW1050","T5",0.4563
"BW1050","T6",0.3994
"BW1050","T7",0.521
"BW1050","T8",0.7372
"BW1050","T9",0.7772
"BW1070","T1",0.5004
"BW1070","T10",0.8332
"BW1070","T11",0.8206
"BW1070","T12",0.844
"BW1070","T13",0.861
"BW1070","T14",0.8644
"BW1070","T15",0.8531
"BW1070","T16",0.8466
"BW1070","T17",0.8439
"BW1070","T18",0.8579
"BW1070","T19",0.8258
"BW1070","T2",0.4571
"BW1070","T20",0.8031
"BW1070","T21",0.5928
"BW1070","T22",0.5564
"BW1070","T23",0.4197
"BW1070","T24",0.5004
"BW1070","T3",0.43
"BW1070","T4",0.4799
"BW1070","T5",0.4703
"BW1070","T6",0.4086
"BW1070","T7",0.5312
"BW1070","T8",0.8033
"BW1070","T9",0.808
"BW1114","T1",0.472
"BW1114","T10",0.8077
"BW1114","T11",0.7611
"BW1114","T12",0.7906
"BW1114","T13",0.8203
"BW1114","T14",0.7954
"BW1114","T15",0.8032
"BW1114","T16",0.7884
"BW1114","T17",0.7998
"BW1114","T18",0.8078
"BW1114","T19",0.7788
"BW1114","T2",0.4454
"BW1114","T20",0.7091
"BW1114","T21",0.5243
"BW1114","T22",0.4979
"BW1114","T23",0.4415
"BW1114","T24",0.472
"BW1114","T3",0.4379
"BW1114","T4",0.4568
"BW1114","T5",0.4607
"BW1114","T6",0.396
"BW1114","T7",0.5155
"BW1114","T8",0.7288
"BW1114","T9",0.7569
"BW1134","T1",0.4692
"BW1134","T10",0.7819
"BW1134","T11",0.7644
"BW1134","T12",0.7634
"BW1134","T13",0.8021
"BW1134","T14",0.7482
"BW1134","T15",0.7625
"BW1134","T16",0.7405
"BW1134","T17",0.7667
"BW1134","T18",0.7929
"BW1134","T19",0.7692
"BW1134","T2",0.4528
"BW1134","T20",0.7099
"BW1134","T21",0.5526
"BW1134","T22",0.5164
"BW1134","T23",0.4347
"BW1134","T24",0.4692
"BW1134","T3",0.4225
"BW1134","T4",0.4439
"BW1134","T5",0.4528
"BW1134","T6",0.3925
"BW1134","T7",0.5178
"BW1134","T8",0.7135
"BW1134","T9",0.7292
"BW1178","T1",0.5159
"BW1178","T10",0.8009
"BW1178","T11",0.7807
"BW1178","T12",0.8112
"BW1178","T13",0.8243
"BW1178","T14",0.8144
"BW1178","T15",0.8169
"BW1178","T16",0.796
"BW1178","T17",0.8156
"BW1178","T18",0.8249
"BW1178","T19",0.794
"BW1178","T2",0.4787
"BW1178","T20",0.7628
"BW1178","T21",0.5908
"BW1178","T22",0.5529
"BW1178","T23",0.3228
"BW1178","T24",0.5159
"BW1178","T3",0.4486
"BW1178","T4",0.4776
"BW1178","T5",0.4747
"BW1178","T6",0.4177
"BW1178","T7",0.5428
"BW1178","T8",0.7611
"BW1178","T9",0.7784
"BW1198","T1",0.4831
"BW1198","T10",0.7866
"BW1198","T11",0.819
"BW1198","T12",0.7852
"BW1198","T13",0.7992
"BW1198","T14",0.7874
"BW1198","T15",0.7894
"BW1198","T16",0.7512
"BW1198","T17",0.7583
"BW1198","T18",0.7871
"BW1198","T19",0.7626
"BW1198","T2",0.4505
"BW1198","T20",0.694
"BW1198","T21",0.5777
"BW1198","T22",0.5494
"BW1198","T23",0.5201
"BW1198","T24",0.4831
"BW1198","T3",0.4295
"BW1198","T4",0.4598
"BW1198","T5",0.3516
"BW1198","T6",0.3939
"BW1198","T7",0.5404
"BW1198","T8",0.7056
"BW1198","T9",0.716
"EC1036","T1",0.3917
"EC1036","T10",0.6888
"EC1036","T11",0.6602
"EC1036","T12",0.6623
"EC1036","T13",0.6591
"EC1036","T14",0.6574
"EC1036","T15",0.6893
"EC1036","T16",0.629
"EC1036","T17",0.6677
"EC1036","T18",0.7452
"EC1036","T19",0.7188
"EC1036","T2",0.3333
"EC1036","T20",0.6318
"EC1036","T21",0.5444
"EC1036","T22",0.4762
"EC1036","T23",0.1052
"EC1036","T24",0.3917
"EC1036","T3",0.3031
"EC1036","T4",0.3458
"EC1036","T5",0.2682
"EC1036","T6",0.3596
"EC1036","T7",0.4019
"EC1036","T8",0.5117
"EC1036","T9",0.5742
"EC1148","T1",0.4452
"EC1148","T10",0.7825
"EC1148","T11",0.8191
"EC1148","T12",0.7912
"EC1148","T13",0.788
"EC1148","T14",0.7752
"EC1148","T15",0.7452
"EC1148","T16",0.7574
"EC1148","T17",0.7663
"EC1148","T18",0.7666
"EC1148","T19",0.7732
"EC1148","T2",0.4051
"EC1148","T20",0.729
"EC1148","T21",0.5252
"EC1148","T22",0.4958
"EC1148","T23",0.2063
"EC1148","T24",0.4452
"EC1148","T3",0.4099
"EC1148","T4",0.3853
"EC1148","T5",0.2875
"EC1148","T6",0.4086
"EC1148","T7",0.4319
"EC1148","T8",0.6829
"EC1148","T9",0.6848
"GP1164","T1",0.4014
"GP1164","T10",0.6725
"GP1164","T11",0.655
"GP1164","T12",0.65
"GP1164","T13",0.5786
"GP1164","T14",0.6478
"GP1164","T15",0.5938
"GP1164","T16",0.6481
"GP1164","T17",0.6621
"GP1164","T18",0.6633
"GP1164","T19",0.6379
"GP1164","T2",0.3923
"GP1164","T20",0.6139
"GP1164","T21",0.5037
"GP1164","T22",0.489
"GP1164","T23",0.1334
"GP1164","T24",0.4014
"GP1164","T3",0.0545
"GP1164","T4",0.3651
"GP1164","T5",0.4176
"GP1164","T6",0.4182
"GP1164","T7",0.5168
"GP1164","T8",0.5411
"GP1164","T9",0.6341
"HI1002","T1",0.4919
"HI1002","T10",0.8695
"HI1002","T11",0.8677
"HI1002","T12",0.8674
"HI1002","T13",0.8597
"HI1002","T14",0.8616
"HI1002","T15",0.8875
"HI1002","T16",0.8805
"HI1002","T17",0.8762
"HI1002","T18",0.8649
"HI1002","T19",0.8313
"HI1002","T2",0.477
"HI1002","T20",0.7397
"HI1002","T21",0.5357
"HI1002","T22",0.549
"HI1002","T23",0.2486
"HI1002","T24",0.4919
"HI1002","T3",0.4423
"HI1002","T4",0.4469
"HI1002","T5",0.4625
"HI1002","T6",0.4623
"HI1002","T7",0.4921
"HI1002","T8",0.6118
"HI1002","T9",0.7984
"HI1005","T1",0.312
"HI1005","T10",0.8472
"HI1005","T11",0.8461
"HI1005","T12",0.8414
"HI1005","T13",0.8316
"HI1005","T14",0.8512
"HI1005","T15",0.8548
"HI1005","T16",0.8338
"HI1005","T17",0.8298
"HI1005","T18",0.8433
"HI1005","T19",0.7723
"HI1005","T2",0.4276
"HI1005","T20",0.6645
"HI1005","T21",0.4677
"HI1005","T22",0.4795
"HI1005","T23",0.349
"HI1005","T24",0.4089
"HI1005","T3",0.4223
"HI1005","T4",0.4299
"HI1005","T5",0.4268
"HI1005","T6",0.4053
"HI1005","T7",0.4877
"HI1005","T8",0.5529
"HI1005","T9",0.7411
"HI1009","T1",0.4695
"HI1009","T10",0.8352
"HI1009","T11",0.832
"HI1009","T12",0.832
"HI1009","T13",0.8375
"HI1009","T14",0.8443
"HI1009","T15",0.8313
"HI1009","T16",0.8293
"HI1009","T17",0.8304
"HI1009","T18",0.8398
"HI1009","T19",0.7925
"HI1009","T2",0.4826
"HI1009","T20",0.7031
"HI1009","T21",0.5093
"HI1009","T22",0.5164
"HI1009","T23",0.4308
"HI1009","T24",0.4695
"HI1009","T3",0.397
"HI1009","T4",0.4195
"HI1009","T5",0.4078
"HI1009","T6",0.4297
"HI1009","T7",0.4646
"HI1009","T8",0.5317
"HI1009","T9",0.7004
"HI1018","T1",0.4834
"HI1018","T10",0.8676
"HI1018","T11",0.8799
"HI1018","T12",0.8962
"HI1018","T13",0.8842
"HI1018","T14",0.9026
"HI1018","T15",0.8946
"HI1018","T16",0.8913
"HI1018","T17",0.8867
"HI1018","T18",0.8682
"HI1018","T19",0.8299
"HI1018","T2",0.4568
"HI1018","T20",0.712
"HI1018","T21",0.4957
"HI1018","T22",0.503
"HI1018","T23",0.4009
"HI1018","T24",0.4834
"HI1018","T3",0.4627
"HI1018","T4",0.4349
"HI1018","T5",0.4415
"HI1018","T6",0.4438
"HI1018","T7",0.512
"HI1018","T8",0.5492
"HI1018","T9",0.7439
"HI1021","T1",0.5289
"HI1021","T10",0.8691
"HI1021","T11",0.8645
"HI1021","T12",0.8666
"HI1021","T13",0.8536
"HI1021","T14",0.8778
"HI1021","T15",0.8722
"HI1021","T16",0.8586
"HI1021","T17",0.8622
"HI1021","T18",0.8702
"HI1021","T19",0.8215
"HI1021","T2",0.5188
"HI1021","T20",0.7188
"HI1021","T21",0.5331
"HI1021","T22",0.5524
"HI1021","T23",0.4947
"HI1021","T24",0.5289
"HI1021","T3",0.5015
"HI1021","T4",0.4976
"HI1021","T5",0.4812
"HI1021","T6",0.4763
"HI1021","T7",0.5278
"HI1021","T8",0.6226
"HI1021","T9",0.8033
"HI1034","T1",0.4788
"HI1034","T10",0.8562
"HI1034","T11",0.8655
"HI1034","T12",0.8832
"HI1034","T13",0.8604
"HI1034","T14",0.8892
"HI1034","T15",0.8881
"HI1034","T16",0.8831
"HI1034","T17",0.8879
"HI1034","T18",0.8593
"HI1034","T19",0.8197
"HI1034","T2",0.4632
"HI1034","T20",0.7153
"HI1034","T21",0.522
"HI1034","T22",0.5251
"HI1034","T23",0.3556
"HI1034","T24",0.4788
"HI1034","T3",0.4587
"HI1034","T4",0.4425
"HI1034","T5",0.4581
"HI1034","T6",0.4475
"HI1034","T7",0.5398
"HI1034","T8",0.5707
"HI1034","T9",0.7387
"HI1037","T1",0.4902
"HI1037","T10",0.8007
"HI1037","T11",0.7746
"HI1037","T12",0.8174
"HI1037","T13",0.8221
"HI1037","T14",0.8404
"HI1037","T15",0.8479
"HI1037","T16",0.8346
"HI1037","T17",0.8473
"HI1037","T18",0.8115
"HI1037","T19",0.7901
"HI1037","T2",0.4967
"HI1037","T20",0.7192
"HI1037","T21",0.5764
"HI1037","T22",0.5813
"HI1037","T23",0.2962
"HI1037","T24",0.4902
"HI1037","T3",0.4556
"HI1037","T4",0.4583
"HI1037","T5",0.4939
"HI1037","T6",0.474
"HI1037","T7",0.6187
"HI1037","T8",0.6547
"HI1037","T9",0.7098
"HI1053","T1",0.4761
"HI1053","T10",0.8529
"HI1053","T11",0.8622
"HI1053","T12",0.8794
"HI1053","T13",0.8753
"HI1053","T14",0.8945
"HI1053","T15",0.8863
"HI1053","T16",0.8786
"HI1053","T17",0.8761
"HI1053","T18",0.8604
"HI1053","T19",0.8202
"HI1053","T2",0.4616
"HI1053","T20",0.7129
"HI1053","T21",0.5014
"HI1053","T22",0.5099
"HI1053","T23",0.4294
"HI1053","T24",0.4761
"HI1053","T3",0.4404
"HI1053","T4",0.4304
"HI1053","T5",0.4358
"HI1053","T6",0.4347
"HI1053","T7",0.5013
"HI1053","T8",0.5387
"HI1053","T9",0.7176
"HI1066","T1",0.5033
"HI1066","T10",0.9041
"HI1066","T11",0.8978
"HI1066","T12",0.8962
"HI1066","T13",0.8911
"HI1066","T14",0.9118
"HI1066","T15",0.9112
"HI1066","T16",0.8975
"HI1066","T17",0.9049
"HI1066","T18",0.8976
"HI1066","T19",0.8542
"HI1066","T2",0.4821
"HI1066","T20",0.7651
"HI1066","T21",0.516
"HI1066","T22",0.5196
"HI1066","T23",0.3794
"HI1066","T24",0.5033
"HI1066","T3",0.4361
"HI1066","T4",0.4525
"HI1066","T5",0.4495
"HI1066","T6",0.4614
"HI1066","T7",0.5432
"HI1066","T8",0.5916
"HI1066","T9",0.8289
"HI1069","T1",0.2774
"HI1069","T10",0.8302
"HI1069","T11",0.8343
"HI1069","T12",0.8285
"HI1069","T13",0.8173
"HI1069","T14",0.8337
"HI1069","T15",0.8503
"HI1069","T16",0.8346
"HI1069","T17",0.8238
"HI1069","T18",0.8367
"HI1069","T19",0.7713
"HI1069","T2",0.4305
"HI1069","T20",0.6702
"HI1069","T21",0.4891
"HI1069","T22",0.4904
"HI1069","T23",0.2739
"HI1069","T24",0.3981
"HI1069","T3",0.4198
"HI1069","T4",0.4273
"HI1069","T5",0.4229
"HI1069","T6",0.4195
"HI1069","T7",0.5043
"HI1069","T8",0.5648
"HI1069","T9",0.7359
"HI1073","T1",0.5114
"HI1073","T10",0.8322
"HI1073","T11",0.8257
"HI1073","T12",0.8388
"HI1073","T13",0.8295
"HI1073","T14",0.8426
"HI1073","T15",0.8549
"HI1073","T16",0.8369
"HI1073","T17",0.8409
"HI1073","T18",0.8521
"HI1073","T19",0.8166
"HI1073","T2",0.5042
"HI1073","T20",0.7413
"HI1073","T21",0.5658
"HI1073","T22",0.5701
"HI1073","T23",0.3087
"HI1073","T24",0.5114
"HI1073","T3",0.4679
"HI1073","T4",0.4664
"HI1073","T5",0.4414
"HI1073","T6",0.4477
"HI1073","T7",0.5429
"HI1073","T8",0.6248
"HI1073","T9",0.7547
"HI1082","T1",0.5024
"HI1082","T10",0.8588
"HI1082","T11",0.871
"HI1082","T12",0.8847
"HI1082","T13",0.8695
"HI1082","T14",0.881
"HI1082","T15",0.8761
"HI1082","T16",0.8723
"HI1082","T17",0.8806
"HI1082","T18",0.8431
"HI1082","T19",0.8005
"HI1082","T2",0.4731
"HI1082","T20",0.6804
"HI1082","T21",0.5089
"HI1082","T22",0.5323
"HI1082","T23",0.4618
"HI1082","T24",0.5024
"HI1082","T3",0.4768
"HI1082","T4",0.4484
"HI1082","T5",0.4588
"HI1082","T6",0.4627
"HI1082","T7",0.537
"HI1082","T8",0.5876
"HI1082","T9",0.7411
"HI1085","T1",0.3875
"HI1085","T10",0.7793
"HI1085","T11",0.7601
"HI1085","T12",0.7468
"HI1085","T13",0.7402
"HI1085","T14",0.7405
"HI1085","T15",0.6929
"HI1085","T16",0.6903
"HI1085","T17",0.7113
"HI1085","T18",0.7301
"HI1085","T19",0.6823
"HI1085","T2",0.3945
"HI1085","T20",0.568
"HI1085","T21",0.5065
"HI1085","T22",0.4862
"HI1085","T23",0.4163
"HI1085","T24",0.3875
"HI1085","T3",0.4285
"HI1085","T4",0.3974
"HI1085","T5",0.3661
"HI1085","T6",0.3659
"HI1085","T7",0.5045
"HI1085","T8",0.5398
"HI1085","T9",0.6155
"HI1098","T1",0.4952
"HI1098","T10",0.8041
"HI1098","T11",0.8147
"HI1098","T12",0.833
"HI1098","T13",0.8149
"HI1098","T14",0.8232
"HI1098","T15",0.8291
"HI1098","T16",0.8169
"HI1098","T17",0.8149
"HI1098","T18",0.786
"HI1098","T19",0.7577
"HI1098","T2",0.4629
"HI1098","T20",0.6516
"HI1098","T21",0.5402
"HI1098","T22",0.567
"HI1098","T23",0.4267
"HI1098","T24",0.4952
"HI1098","T3",0.4558
"HI1098","T4",0.4363
"HI1098","T5",0.4761
"HI1098","T6",0.468
"HI1098","T7",0.5648
"HI1098","T8",0.629
"HI1098","T9",0.715
"HI1101","T1",0.4583
"HI1101","T10",0.8108
"HI1101","T11",0.7907
"HI1101","T12",0.8385
"HI1101","T13",0.86
"HI1101","T14",0.8687
"HI1101","T15",0.881
"HI1101","T16",0.8661
"HI1101","T17",0.881
"HI1101","T18",0.8717
"HI1101","T19",0.8403
"HI1101","T2",0.4674
"HI1101","T20",0.7754
"HI1101","T21",0.5288
"HI1101","T22",0.527
"HI1101","T23",0.303
"HI1101","T24",0.4583
"HI1101","T3",0.4367
"HI1101","T4",0.4309
"HI1101","T5",0.4369
"HI1101","T6",0.426
"HI1101","T7",0.5292
"HI1101","T8",0.5765
"HI1101","T9",0.7276
"HI1117","T1",0.4746
"HI1117","T10",0.866
"HI1117","T11",0.8673
"HI1117","T12",0.8837
"HI1117","T13",0.8747
"HI1117","T14",0.8991
"HI1117","T15",0.8948
"HI1117","T16",0.8949
"HI1117","T17",0.8899
"HI1117","T18",0.876
"HI1117","T19",0.8437
"HI1117","T2",0.4537
"HI1117","T20",0.7511
"HI1117","T21",0.5047
"HI1117","T22",0.5044
"HI1117","T23",0.311
"HI1117","T24",0.4746
"HI1117","T3",0.4424
"HI1117","T4",0.4281
"HI1117","T5",0.4339
"HI1117","T6",0.4266
"HI1117","T7",0.5061
"HI1117","T8",0.5468
"HI1117","T9",0.7439
"HI1130","T1",0.5004
"HI1130","T10",0.8078
"HI1130","T11",0.8149
"HI1130","T12",0.8323
"HI1130","T13",0.823
"HI1130","T14",0.8313
"HI1130","T15",0.8362
"HI1130","T16",0.8276
"HI1130","T17",0.831
"HI1130","T18",0.7865
"HI1130","T19",0.7565
"HI1130","T2",0.4717
"HI1130","T20",0.6482
"HI1130","T21",0.5358
"HI1130","T22",0.5489
"HI1130","T23",0.3945
"HI1130","T24",0.5004
"HI1130","T3",0.4533
"HI1130","T4",0.4426
"HI1130","T5",0.4662
"HI1130","T6",0.4675
"HI1130","T7",0.5666
"HI1130","T8",0.6228
"HI1130","T9",0.7144
"HI1133","T1",0.4519
"HI1133","T10",0.8399
"HI1133","T11",0.8364
"HI1133","T12",0.8415
"HI1133","T13",0.8291
"HI1133","T14",0.8372
"HI1133","T15",0.8072
"HI1133","T16",0.8099
"HI1133","T17",0.8262
"HI1133","T18",0.7923
"HI1133","T19",0.7679
"HI1133","T2",0.4534
"HI1133","T20",0.6624
"HI1133","T21",0.5102
"HI1133","T22",0.5226
"HI1133","T23",0.4194
"HI1133","T24",0.4519
"HI1133","T3",0.4841
"HI1133","T4",0.436
"HI1133","T5",0.4272
"HI1133","T6",0.4122
"HI1133","T7",0.5534
"HI1133","T8",0.5471
"HI1133","T9",0.722
"HI1146","T1",0.4632
"HI1146","T10",0.871
"HI1146","T11",0.8871
"HI1146","T12",0.8864
"HI1146","T13",0.8737
"HI1146","T14",0.8944
"HI1146","T15",0.8979
"HI1146","T16",0.8873
"HI1146","T17",0.8892
"HI1146","T18",0.8741
"HI1146","T19",0.8336
"HI1146","T2",0.4423
"HI1146","T20",0.7014
"HI1146","T21",0.494
"HI1146","T22",0.4994
"HI1146","T23",0.2466
"HI1146","T24",0.4632
"HI1146","T3",0.4236
"HI1146","T4",0.434
"HI1146","T5",0.4332
"HI1146","T6",0.4548
"HI1146","T7",0.4613
"HI1146","T8",0.5892
"HI1146","T9",0.7966
"HI1149","T1",0.4988
"HI1149","T10",0.7832
"HI1149","T11",0.7683
"HI1149","T12",0.8096
"HI1149","T13",0.8267
"HI1149","T14",0.8374
"HI1149","T15",0.8555
"HI1149","T16",0.8266
"HI1149","T17",0.8428
"HI1149","T18",0.849
"HI1149","T19",0.819
"HI1149","T2",0.5153
"HI1149","T20",0.7542
"HI1149","T21",0.569
"HI1149","T22",0.5804
"HI1149","T23",0.2736
"HI1149","T24",0.4988
"HI1149","T3",0.4717
"HI1149","T4",0.4718
"HI1149","T5",0.4339
"HI1149","T6",0.4589
"HI1149","T7",0.5802
"HI1149","T8",0.6365
"HI1149","T9",0.7443
"HI1162","T1",0.5239
"HI1162","T10",0.8319
"HI1162","T11",0.8527
"HI1162","T12",0.8564
"HI1162","T13",0.7704
"HI1162","T14",0.8617
"HI1162","T15",0.8535
"HI1162","T16",0.8428
"HI1162","T17",0.853
"HI1162","T18",0.8286
"HI1162","T19",0.7793
"HI1162","T2",0.4983
"HI1162","T20",0.7075
"HI1162","T21",0.5417
"HI1162","T22",0.5605
"HI1162","T23",0.4129
"HI1162","T24",0.5239
"HI1162","T3",0.4755
"HI1162","T4",0.4766
"HI1162","T5",0.4805
"HI1162","T6",0.4767
"HI1162","T7",0.5589
"HI1162","T8",0.621
"HI1162","T9",0.7298
"HI1165","T1",0.3359
"HI1165","T10",0.7694
"HI1165","T11",0.7678
"HI1165","T12",0.7421
"HI1165","T13",0.7587
"HI1165","T14",0.7382
"HI1165","T15",0.6593
"HI1165","T16",0.6848
"HI1165","T17",0.6986
"HI1165","T18",0.7388
"HI1165","T19",0.6644
"HI1165","T2",0.3167
"HI1165","T20",0.5458
"HI1165","T21",0.4241
"HI1165","T22",0.4332
"HI1165","T23",0.4033
"HI1165","T24",0.3359
"HI1165","T3",0.391
"HI1165","T4",0.3439
"HI1165","T5",0.286
"HI1165","T6",0.3125
"HI1165","T7",0.3976
"HI1165","T8",0.4507
"HI1165","T9",0.5638
"HI1181","T1",0.3718
"HI1181","T10",0.8008
"HI1181","T11",0.8165
"HI1181","T12",0.8011
"HI1181","T13",0.8185
"HI1181","T14",0.8144
"HI1181","T15",0.7654
"HI1181","T16",0.7659
"HI1181","T17",0.7888
"HI1181","T18",0.802
"HI1181","T19",0.7386
"HI1181","T2",0.3491
"HI1181","T20",0.6037
"HI1181","T21",0.4255
"HI1181","T22",0.4433
"HI1181","T23",0.437
"HI1181","T24",0.3718
"HI1181","T3",0.399
"HI1181","T4",0.3553
"HI1181","T5",0.3294
"HI1181","T6",0.3575
"HI1181","T7",0.4177
"HI1181","T8",0.4727
"HI1181","T9",0.625
"HI1194","T1",0.473
"HI1194","T10",0.8396
"HI1194","T11",0.8539
"HI1194","T12",0.8436
"HI1194","T13",0.8286
"HI1194","T14",0.8483
"HI1194","T15",0.8798
"HI1194","T16",0.868
"HI1194","T17",0.865
"HI1194","T18",0.8481
"HI1194","T19",0.8136
"HI1194","T2",0.4714
"HI1194","T20",0.697
"HI1194","T21",0.5135
"HI1194","T22",0.5332
"HI1194","T23",0.242
"HI1194","T24",0.473
"HI1194","T3",0.4396
"HI1194","T4",0.4533
"HI1194","T5",0.4629
"HI1194","T6",0.4759
"HI1194","T7",0.4762
"HI1194","T8",0.6127
"HI1194","T9",0.7839
"HI1197","T1",0.5271
"HI1197","T10",0.8975
"HI1197","T11",0.8925
"HI1197","T12",0.8908
"HI1197","T13",0.8863
"HI1197","T14",0.9063
"HI1197","T15",0.9068
"HI1197","T16",0.8929
"HI1197","T17",0.9014
"HI1197","T18",0.8928
"HI1197","T19",0.8498
"HI1197","T2",0.5077
"HI1197","T20",0.7596
"HI1197","T21",0.5355
"HI1197","T22",0.541
"HI1197","T23",0.3915
"HI1197","T24",0.5271
"HI1197","T3",0.463
"HI1197","T4",0.4767
"HI1197","T5",0.4752
"HI1197","T6",0.4779
"HI1197","T7",0.5561
"HI1197","T8",0.6037
"HI1197","T9",0.8293
"HU1195","T1",0.3472
"HU1195","T10",0.7056
"HU1195","T11",0.7574
"HU1195","T12",0.7679
"HU1195","T13",0.7327
"HU1195","T14",0.7123
"HU1195","T15",0.7099
"HU1195","T16",0.7461
"HU1195","T17",0.7459
"HU1195","T18",0.7377
"HU1195","T19",0.7763
"HU1195","T2",0.4001
"HU1195","T20",0.7285
"HU1195","T21",0.6537
"HU1195","T22",0.5478
"HU1195","T23",0.1699
"HU1195","T24",0.5128
"HU1195","T3",0.3532
"HU1195","T4",0.4666
"HU1195","T5",0.3339
"HU1195","T6",0.4945
"HU1195","T7",0.4718
"HU1195","T8",0.5981
"HU1195","T9",0.5859
"MS1003","T1",0.4555
"MS1003","T10",0.8296
"MS1003","T11",0.7951
"MS1003","T12",0.812
"MS1003","T13",0.7738
"MS1003","T14",0.8106
"MS1003","T15",0.8031
"MS1003","T16",0.7995
"MS1003","T17",0.7795
"MS1003","T18",0.8033
"MS1003","T19",0.8031
"MS1003","T2",0.4315
"MS1003","T20",0.7146
"MS1003","T21",0.53
"MS1003","T22",0.4992
"MS1003","T23",0.4694
"MS1003","T24",0.4555
"MS1003","T3",0.4039
"MS1003","T4",0.4354
"MS1003","T5",0.4382
"MS1003","T6",0.458
"MS1003","T7",0.5075
"MS1003","T8",0.6038
"MS1003","T9",0.7151
"MS1007","T1",0.4393
"MS1007","T10",0.824
"MS1007","T11",0.83
"MS1007","T12",0.8367
"MS1007","T13",0.8407
"MS1007","T14",0.8441
"MS1007","T15",0.8493
"MS1007","T16",0.8184
"MS1007","T17",0.8261
"MS1007","T18",0.8231
"MS1007","T19",0.7691
"MS1007","T2",0.4463
"MS1007","T20",0.661
"MS1007","T21",0.4949
"MS1007","T22",0.4955
"MS1007","T23",0.4197
"MS1007","T24",0.4393
"MS1007","T3",0.4284
"MS1007","T4",0.4453
"MS1007","T5",0.4616
"MS1007","T6",0.4807
"MS1007","T7",0.5085
"MS1007","T8",0.6336
"MS1007","T9",0.7027
"MS1014","T1",0.4396
"MS1014","T10",0.7636
"MS1014","T11",0.7333
"MS1014","T12",0.7532
"MS1014","T13",0.7064
"MS1014","T14",0.7133
"MS1014","T15",0.7344
"MS1014","T16",0.7214
"MS1014","T17",0.7142
"MS1014","T18",0.746
"MS1014","T19",0.7362
"MS1014","T2",0.4309
"MS1014","T20",0.6556
"MS1014","T21",0.521
"MS1014","T22",0.487
"MS1014","T23",0.4447
"MS1014","T24",0.4396
"MS1014","T3",0.3832
"MS1014","T4",0.4289
"MS1014","T5",0.4166
"MS1014","T6",0.4512
"MS1014","T7",0.5048
"MS1014","T8",0.5783
"MS1014","T9",0.6606
"MS1019","T1",0.4547
"MS1019","T10",0.7884
"MS1019","T11",0.7811
"MS1019","T12",0.7814
"MS1019","T13",0.7741
"MS1019","T14",0.7902
"MS1019","T15",0.7902
"MS1019","T16",0.7645
"MS1019","T17",0.7885
"MS1019","T18",0.8013
"MS1019","T19",0.7629
"MS1019","T2",0.4837
"MS1019","T20",0.6798
"MS1019","T21",0.537
"MS1019","T22",0.5374
"MS1019","T23",0.3862
"MS1019","T24",0.4547
"MS1019","T3",0.4257
"MS1019","T4",0.4686
"MS1019","T5",0.4856
"MS1019","T6",0.453
"MS1019","T7",0.5128
"MS1019","T8",0.6019
"MS1019","T9",0.7252
"MS1035","T1",0.4477
"MS1035","T10",0.8333
"MS1035","T11",0.8244
"MS1035","T12",0.8322
"MS1035","T13",0.8109
"MS1035","T14",0.8392
"MS1035","T15",0.7506
"MS1035","T16",0.8373
"MS1035","T17",0.8244
"MS1035","T18",0.8164
"MS1035","T19",0.7894
"MS1035","T2",0.4329
"MS1035","T20",0.7041
"MS1035","T21",0.5514
"MS1035","T22",0.5033
"MS1035","T23",0.4681
"MS1035","T24",0.4477
"MS1035","T3",0.4033
"MS1035","T4",0.43
"MS1035","T5",0.4459
"MS1035","T6",0.4706
"MS1035","T7",0.5058
"MS1035","T8",0.5844
"MS1035","T9",0.7253
"MS1039","T1",0.4243
"MS1039","T10",0.8607
"MS1039","T11",0.8505
"MS1039","T12",0.8591
"MS1039","T13",0.857
"MS1039","T14",0.8758
"MS1039","T15",0.8964
"MS1039","T16",0.8568
"MS1039","T17",0.858
"MS1039","T18",0.8478
"MS1039","T19",0.7998
"MS1039","T2",0.4399
"MS1039","T20",0.6687
"MS1039","T21",0.4905
"MS1039","T22",0.4961
"MS1039","T23",0.4269
"MS1039","T24",0.4243
"MS1039","T3",0.4336
"MS1039","T4",0.4382
"MS1039","T5",0.4365
"MS1039","T6",0.4775
"MS1039","T7",0.489
"MS1039","T8",0.6645
"MS1039","T9",0.7231
"MS1051","T1",0.4263
"MS1051","T10",0.8381
"MS1051","T11",0.834
"MS1051","T12",0.8402
"MS1051","T13",0.8193
"MS1051","T14",0.8456
"MS1051","T15",0.8052
"MS1051","T16",0.8452
"MS1051","T17",0.8274
"MS1051","T18",0.8313
"MS1051","T19",0.7877
"MS1051","T2",0.4478
"MS1051","T20",0.7119
"MS1051","T21",0.5382
"MS1051","T22",0.4671
"MS1051","T23",0.3731
"MS1051","T24",0.4263
"MS1051","T3",0.4197
"MS1051","T4",0.4009
"MS1051","T5",0.4223
"MS1051","T6",0.4425
"MS1051","T7",0.46
"MS1051","T8",0.5384
"MS1051","T9",0.7257
"MS1062","T1",0.434
"MS1062","T10",0.6885
"MS1062","T11",0.6511
"MS1062","T12",0.6771
"MS1062","T13",0.6764
"MS1062","T14",0.6636
"MS1062","T15",0.6713
"MS1062","T16",0.6441
"MS1062","T17",0.6714
"MS1062","T18",0.6663
"MS1062","T19",0.6935
"MS1062","T2",0.4128
"MS1062","T20",0.6284
"MS1062","T21",0.5075
"MS1062","T22",0.4914
"MS1062","T23",0.4677
"MS1062","T24",0.434
"MS1062","T3",0.3914
"MS1062","T4",0.42
"MS1062","T5",0.4317
"MS1062","T6",0.4625
"MS1062","T7",0.5062
"MS1062","T8",0.6226
"MS1062","T9",0.6138
"MS1067","T1",0.4391
"MS1067","T10",0.7599
"MS1067","T11",0.7354
"MS1067","T12",0.7474
"MS1067","T13",0.7462
"MS1067","T14",0.7517
"MS1067","T15",0.7433
"MS1067","T16",0.7345
"MS1067","T17",0.7316
"MS1067","T18",0.7288
"MS1067","T19",0.7513
"MS1067","T2",0.4336
"MS1067","T20",0.6668
"MS1067","T21",0.532
"MS1067","T22",0.4967
"MS1067","T23",0.4579
"MS1067","T24",0.4391
"MS1067","T3",0.3883
"MS1067","T4",0.4112
"MS1067","T5",0.4138
"MS1067","T6",0.3737
"MS1067","T7",0.4804
"MS1067","T8",0.5665
"MS1067","T9",0.6723
"MS1071","T1",0.4535
"MS1071","T10",0.7988
"MS1071","T11",0.8113
"MS1071","T12",0.8092
"MS1071","T13",0.8385
"MS1071","T14",0.8246
"MS1071","T15",0.8057
"MS1071","T16",0.8109
"MS1071","T17",0.8084
"MS1071","T18",0.7998
"MS1071","T19",0.7577
"MS1071","T2",0.4614
"MS1071","T20",0.6497
"MS1071","T21",0.5012
"MS1071","T22",0.4999
"MS1071","T23",0.489
"MS1071","T24",0.4535
"MS1071","T3",0.4231
"MS1071","T4",0.4307
"MS1071","T5",0.4247
"MS1071","T6",0.4672
"MS1071","T7",0.504
"MS1071","T8",0.5771
"MS1071","T9",0.7181
"MS1083","T1",0.4316
"MS1083","T10",0.8149
"MS1083","T11",0.8189
"MS1083","T12",0.826
"MS1083","T13",0.8072
"MS1083","T14",0.8368
"MS1083","T15",0.8369
"MS1083","T16",0.8135
"MS1083","T17",0.8144
"MS1083","T18",0.8173
"MS1083","T19",0.7654
"MS1083","T2",0.4437
"MS1083","T20",0.6731
"MS1083","T21",0.5385
"MS1083","T22",0.4976
"MS1083","T23",0.3791
"MS1083","T24",0.4316
"MS1083","T3",0.4185
"MS1083","T4",0.4074
"MS1083","T5",0.4398
"MS1083","T6",0.4507
"MS1083","T7",0.477
"MS1083","T8",0.5747
"MS1083","T9",0.682
"MS1087","T1",0.443
"MS1087","T10",0.8643
"MS1087","T11",0.8621
"MS1087","T12",0.873
"MS1087","T13",0.878
"MS1087","T14",0.8845
"MS1087","T15",0.8926
"MS1087","T16",0.8663
"MS1087","T17",0.868
"MS1087","T18",0.8545
"MS1087","T19",0.8098
"MS1087","T2",0.45
"MS1087","T20",0.6837
"MS1087","T21",0.494
"MS1087","T22",0.5071
"MS1087","T23",0.4565
"MS1087","T24",0.443
"MS1087","T3",0.4385
"MS1087","T4",0.4586
"MS1087","T5",0.4158
"MS1087","T6",0.4753
"MS1087","T7",0.4708
"MS1087","T8",0.6772
"MS1087","T9",0.7454
"MS1099","T1",0.3334
"MS1099","T10",0.6032
"MS1099","T11",0.6354
"MS1099","T12",0.6239
"MS1099","T13",0.6117
"MS1099","T14",0.5695
"MS1099","T15",0.5737
"MS1099","T16",0.5946
"MS1099","T17",0.6277
"MS1099","T18",0.6249
"MS1099","T19",0.5953
"MS1099","T2",0.3479
"MS1099","T20",0.5865
"MS1099","T21",0.4176
"MS1099","T22",0.3578
"MS1099","T23",0.3023
"MS1099","T24",0.3334
"MS1099","T3",0.3312
"MS1099","T4",0.2972
"MS1099","T5",0.319
"MS1099","T6",0.3464
"MS1099","T7",0.3512
"MS1099","T8",0.4188
"MS1099","T9",0.545
"MS1103","T1",0.4376
"MS1103","T10",0.845
"MS1103","T11",0.8432
"MS1103","T12",0.8422
"MS1103","T13",0.8535
"MS1103","T14",0.8478
"MS1103","T15",0.8587
"MS1103","T16",0.8243
"MS1103","T17",0.8315
"MS1103","T18",0.8309
"MS1103","T19",0.7849
"MS1103","T2",0.4638
"MS1103","T20",0.667
"MS1103","T21",0.5124
"MS1103","T22",0.51
"MS1103","T23",0.4295
"MS1103","T24",0.4376
"MS1103","T3",0.4531
"MS1103","T4",0.4621
"MS1103","T5",0.4623
"MS1103","T6",0.4313
"MS1103","T7",0.4598
"MS1103","T8",0.6986
"MS1103","T9",0.7409
"MS1115","T1",0.3934
"MS1115","T10",0.7844
"MS1115","T11",0.7889
"MS1115","T12",0.8034
"MS1115","T13",0.7895
"MS1115","T14",0.7934
"MS1115","T15",0.7557
"MS1115","T16",0.7914
"MS1115","T17",0.7983
"MS1115","T18",0.793
"MS1115","T19",0.7511
"MS1115","T2",0.3898
"MS1115","T20",0.6755
"MS1115","T21",0.505
"MS1115","T22",0.4486
"MS1115","T23",0.364
"MS1115","T24",0.3934
"MS1115","T3",0.3845
"MS1115","T4",0.3555
"MS1115","T5",0.3853
"MS1115","T6",0.4251
"MS1115","T7",0.4361
"MS1115","T8",0.5174
"MS1115","T9",0.6524
"MS1126","T1",0.454
"MS1126","T10",0.824
"MS1126","T11",0.7882
"MS1126","T12",0.8095
"MS1126","T13",0.7813
"MS1126","T14",0.7974
"MS1126","T15",0.7967
"MS1126","T16",0.7904
"MS1126","T17",0.7761
"MS1126","T18",0.7882
"MS1126","T19",0.7908
"MS1126","T2",0.4282
"MS1126","T20",0.7
"MS1126","T21",0.526
"MS1126","T22",0.496
"MS1126","T23",0.46
"MS1126","T24",0.454
"MS1126","T3",0.4088
"MS1126","T4",0.4314
"MS1126","T5",0.4474
"MS1126","T6",0.4778
"MS1126","T7",0.5071
"MS1126","T8",0.6206
"MS1126","T9",0.713
"MS1131","T1",0.4515
"MS1131","T10",0.7982
"MS1131","T11",0.7824
"MS1131","T12",0.7783
"MS1131","T13",0.7768
"MS1131","T14",0.8036
"MS1131","T15",0.8002
"MS1131","T16",0.7853
"MS1131","T17",0.7855
"MS1131","T18",0.7927
"MS1131","T19",0.7896
"MS1131","T2",0.4186
"MS1131","T20",0.6833
"MS1131","T21",0.5428
"MS1131","T22",0.4856
"MS1131","T23",0.4664
"MS1131","T24",0.4515
"MS1131","T3",0.408
"MS1131","T4",0.4285
"MS1131","T5",0.4248
"MS1131","T6",0.4474
"MS1131","T7",0.5035
"MS1131","T8",0.5749
"MS1131","T9",0.6959
"MS1135","T1",0.4522
"MS1135","T10",0.8784
"MS1135","T11",0.8747
"MS1135","T12",0.8762
"MS1135","T13",0.899
"MS1135","T14",0.8958
"MS1135","T15",0.8655
"MS1135","T16",0.8818
"MS1135","T17",0.8825
"MS1135","T18",0.8735
"MS1135","T19",0.8284
"MS1135","T2",0.4575
"MS1135","T20",0.7137
"MS1135","T21",0.5119
"MS1135","T22",0.5091
"MS1135","T23",0.4613
"MS1135","T24",0.4522
"MS1135","T3",0.4405
"MS1135","T4",0.4443
"MS1135","T5",0.4496
"MS1135","T6",0.4548
"MS1135","T7",0.4592
"MS1135","T8",0.55
"MS1135","T9",0.7621
"MS1147","T1",0.4236
"MS1147","T10",0.8848
"MS1147","T11",0.8849
"MS1147","T12",0.8879
"MS1147","T13",0.8803
"MS1147","T14",0.9001
"MS1147","T15",0.9059
"MS1147","T16",0.8851
"MS1147","T17",0.8855
"MS1147","T18",0.8864
"MS1147","T19",0.8392
"MS1147","T2",0.4368
"MS1147","T20",0.7379
"MS1147","T21",0.5065
"MS1147","T22",0.4749
"MS1147","T23",0.3918
"MS1147","T24",0.4236
"MS1147","T3",0.4164
"MS1147","T4",0.4321
"MS1147","T5",0.4126
"MS1147","T6",0.4346
"MS1147","T7",0.42
"MS1147","T8",0.5349
"MS1147","T9",0.787
"MS1151","T1",0.4289
"MS1151","T10",0.8747
"MS1151","T11",0.8722
"MS1151","T12",0.8721
"MS1151","T13",0.8788
"MS1151","T14",0.8857
"MS1151","T15",0.8915
"MS1151","T16",0.8715
"MS1151","T17",0.8655
"MS1151","T18",0.8666
"MS1151","T19",0.8226
"MS1151","T2",0.4494
"MS1151","T20",0.7097
"MS1151","T21",0.5061
"MS1151","T22",0.4863
"MS1151","T23",0.4258
"MS1151","T24",0.4289
"MS1151","T3",0.4397
"MS1151","T4",0.4478
"MS1151","T5",0.4393
"MS1151","T6",0.4288
"MS1151","T7",0.446
"MS1151","T8",0.6289
"MS1151","T9",0.7593
"MS1163","T1",0.4374
"MS1163","T10",0.7669
"MS1163","T11",0.7812
"MS1163","T12",0.7781
"MS1163","T13",0.7692
"MS1163","T14",0.7648
"MS1163","T15",0.7767
"MS1163","T16",0.7756
"MS1163","T17",0.7627
"MS1163","T18",0.7701
"MS1163","T19",0.7279
"MS1163","T2",0.4354
"MS1163","T20",0.617
"MS1163","T21",0.4952
"MS1163","T22",0.465
"MS1163","T23",0.466
"MS1163","T24",0.4374
"MS1163","T3",0.3978
"MS1163","T4",0.3901
"MS1163","T5",0.4533
"MS1163","T6",0.4354
"MS1163","T7",0.475
"MS1163","T8",0.5388
"MS1163","T9",0.6973
"MS1167","T1",0.456
"MS1167","T10",0.8027
"MS1167","T11",0.8049
"MS1167","T12",0.8016
"MS1167","T13",0.7863
"MS1167","T14",0.8097
"MS1167","T15",0.8028
"MS1167","T16",0.7779
"MS1167","T17",0.7816
"MS1167","T18",0.8043
"MS1167","T19",0.7668
"MS1167","T2",0.4834
"MS1167","T20",0.668
"MS1167","T21",0.531
"MS1167","T22",0.5253
"MS1167","T23",0.4104
"MS1167","T24",0.456
"MS1167","T3",0.4575
"MS1167","T4",0.4757
"MS1167","T5",0.4881
"MS1167","T6",0.4373
"MS1167","T7",0.4878
"MS1167","T8",0.6321
"MS1167","T9",0.7241
"MS1179","T1",0.4362
"MS1179","T10",0.8005
"MS1179","T11",0.7644
"MS1179","T12",0.7956
"MS1179","T13",0.7807
"MS1179","T14",0.7893
"MS1179","T15",0.7604
"MS1179","T16",0.7932
"MS1179","T17",0.7839
"MS1179","T18",0.7914
"MS1179","T19",0.7533
"MS1179","T2",0.4343
"MS1179","T20",0.6611
"MS1179","T21",0.5466
"MS1179","T22",0.5039
"MS1179","T23",0.4512
"MS1179","T24",0.4362
"MS1179","T3",0.4052
"MS1179","T4",0.3967
"MS1179","T5",0.4393
"MS1179","T6",0.4756
"MS1179","T7",0.5012
"MS1179","T8",0.5895
"MS1179","T9",0.6907
"MS1190","T1",0.4517
"MS1190","T10",0.8271
"MS1190","T11",0.8017
"MS1190","T12",0.8209
"MS1190","T13",0.805
"MS1190","T14",0.8204
"MS1190","T15",0.8194
"MS1190","T16",0.794
"MS1190","T17",0.7883
"MS1190","T18",0.7983
"MS1190","T19",0.7768
"MS1190","T2",0.4288
"MS1190","T20",0.7039
"MS1190","T21",0.5356
"MS1190","T22",0.5151
"MS1190","T23",0.4038
"MS1190","T24",0.4517
"MS1190","T3",0.399
"MS1190","T4",0.4188
"MS1190","T5",0.4333
"MS1190","T6",0.4762
"MS1190","T7",0.5349
"MS1190","T8",0.6424
"MS1190","T9",0.739
"MS1199","T1",0.4291
"MS1199","T10",0.8792
"MS1199","T11",0.868
"MS1199","T12",0.8825
"MS1199","T13",0.9048
"MS1199","T14",0.8989
"MS1199","T15",0.8764
"MS1199","T16",0.8811
"MS1199","T17",0.8821
"MS1199","T18",0.8761
"MS1199","T19",0.8292
"MS1199","T2",0.4381
"MS1199","T20",0.7177
"MS1199","T21",0.495
"MS1199","T22",0.4923
"MS1199","T23",0.4188
"MS1199","T24",0.4291
"MS1199","T3",0.438
"MS1199","T4",0.4383
"MS1199","T5",0.44
"MS1199","T6",0.4618
"MS1199","T7",0.4485
"MS1199","T8",0.5687
"MS1199","T9",0.7485
"NC1001","T1",0.5205
"NC1001","T10",0.8236
"NC1001","T11",0.8248
"NC1001","T12",0.8244
"NC1001","T13",0.7669
"NC1001","T14",0.7678
"NC1001","T15",0.7559
"NC1001","T16",0.7875
"NC1001","T17",0.771
"NC1001","T18",0.8055
"NC1001","T19",0.7947
"NC1001","T2",0.5678
"NC1001","T20",0.7497
"NC1001","T21",0.6174
"NC1001","T22",0.6429
"NC1001","T23",0.3644
"NC1001","T24",0.5205
"NC1001","T3",0.4889
"NC1001","T4",0.5369
"NC1001","T5",0.3959
"NC1001","T6",0.5547
"NC1001","T7",0.5727
"NC1001","T8",0.6831
"NC1001","T9",0.7519
"NC1012","T1",0.4325
"NC1012","T10",0.8756
"NC1012","T11",0.9006
"NC1012","T12",0.8939
"NC1012","T13",0.8843
"NC1012","T14",0.8645
"NC1012","T15",0.863
"NC1012","T16",0.8553
"NC1012","T17",0.8609
"NC1012","T18",0.8608
"NC1012","T19",0.8282
"NC1012","T2",0.4318
"NC1012","T20",0.7681
"NC1012","T21",0.5319
"NC1012","T22",0.5212
"NC1012","T23",0.2974
"NC1012","T24",0.4325
"NC1012","T3",0.4545
"NC1012","T4",0.4294
"NC1012","T5",0.4608
"NC1012","T6",0.4258
"NC1012","T7",0.478
"NC1012","T8",0.7661
"NC1012","T9",0.8032
"NC1017","T1",0.445
"NC1017","T10",0.8634
"NC1017","T11",0.8894
"NC1017","T12",0.8843
"NC1017","T13",0.8658
"NC1017","T14",0.8455
"NC1017","T15",0.8493
"NC1017","T16",0.8584
"NC1017","T17",0.8517
"NC1017","T18",0.8488
"NC1017","T19",0.8426
"NC1017","T2",0.4276
"NC1017","T20",0.765
"NC1017","T21",0.5352
"NC1017","T22",0.5028
"NC1017","T23",0.3016
"NC1017","T24",0.445
"NC1017","T3",0.453
"NC1017","T4",0.4358
"NC1017","T5",0.4395
"NC1017","T6",0.4211
"NC1017","T7",0.4538
"NC1017","T8",0.7424
"NC1017","T9",0.788
"NC1028","T1",0.4525
"NC1028","T10",0.8383
"NC1028","T11",0.865
"NC1028","T12",0.8504
"NC1028","T13",0.8537
"NC1028","T14",0.8118
"NC1028","T15",0.8062
"NC1028","T16",0.8415
"NC1028","T17",0.8142
"NC1028","T18",0.7982
"NC1028","T19",0.8246
"NC1028","T2",0.4324
"NC1028","T20",0.7451
"NC1028","T21",0.5362
"NC1028","T22",0.5266
"NC1028","T23",0.2846
"NC1028","T24",0.468
"NC1028","T3",0.4562
"NC1028","T4",0.4366
"NC1028","T5",0.4112
"NC1028","T6",0.4401
"NC1028","T7",0.4829
"NC1028","T8",0.7413
"NC1028","T9",0.7704
"NC1033","T1",0.4284
"NC1033","T10",0.8702
"NC1033","T11",0.8942
"NC1033","T12",0.8817
"NC1033","T13",0.8732
"NC1033","T14",0.8673
"NC1033","T15",0.8546
"NC1033","T16",0.8613
"NC1033","T17",0.865
"NC1033","T18",0.8605
"NC1033","T19",0.84
"NC1033","T2",0.4154
"NC1033","T20",0.7614
"NC1033","T21",0.5573
"NC1033","T22",0.5195
"NC1033","T23",0.3253
"NC1033","T24",0.4284
"NC1033","T3",0.4438
"NC1033","T4",0.4216
"NC1033","T5",0.4419
"NC1033","T6",0.4128
"NC1033","T7",0.4837
"NC1033","T8",0.736
"NC1033","T9",0.7755
"NC1040","T1",0.4446
"NC1040","T10",0.8219
"NC1040","T11",0.8517
"NC1040","T12",0.8446
"NC1040","T13",0.8119
"NC1040","T14",0.7835
"NC1040","T15",0.7827
"NC1040","T16",0.7997
"NC1040","T17",0.8011
"NC1040","T18",0.807
"NC1040","T19",0.7976
"NC1040","T2",0.4375
"NC1040","T20",0.7427
"NC1040","T21",0.5321
"NC1040","T22",0.5163
"NC1040","T23",0.3086
"NC1040","T24",0.4446
"NC1040","T3",0.4376
"NC1040","T4",0.4447
"NC1040","T5",0.4144
"NC1040","T6",0.4369
"NC1040","T7",0.4802
"NC1040","T8",0.7199
"NC1040","T9",0.7549
"NC1044","T1",0.4191
"NC1044","T10",0.8514
"NC1044","T11",0.8916
"NC1044","T12",0.8727
"NC1044","T13",0.8615
"NC1044","T14",0.7915
"NC1044","T15",0.8471
"NC1044","T16",0.8418
"NC1044","T17",0.841
"NC1044","T18",0.8272
"NC1044","T19",0.7971
"NC1044","T2",0.4222
"NC1044","T20",0.7695
"NC1044","T21",0.5037
"NC1044","T22",0.5107
"NC1044","T23",0.2724
"NC1044","T24",0.4191
"NC1044","T3",0.4563
"NC1044","T4",0.419
"NC1044","T5",0.4406
"NC1044","T6",0.4104
"NC1044","T7",0.4775
"NC1044","T8",0.7193
"NC1044","T9",0.7666
"NC1049","T1",0.5045
"NC1049","T10",0.7924
"NC1049","T11",0.7938
"NC1049","T12",0.7979
"NC1049","T13",0.7292
"NC1049","T14",0.7248
"NC1049","T15",0.7047
"NC1049","T16",0.744
"NC1049","T17",0.7309
"NC1049","T18",0.7802
"NC1049","T19",0.7664
"NC1049","T2",0.5542
"NC1049","T20",0.7208
"NC1049","T21",0.6117
"NC1049","T22",0.6093
"NC1049","T23",0.3272
"NC1049","T24",0.5045
"NC1049","T3",0.4843
"NC1049","T4",0.5147
"NC1049","T5",0.5086
"NC1049","T6",0.5513
"NC1049","T7",0.576
"NC1049","T8",0.6472
"NC1049","T9",0.7229
"NC1056","T1",0.4948
"NC1056","T10",0.844
"NC1056","T11",0.8804
"NC1056","T12",0.8583
"NC1056","T13",0.8648
"NC1056","T14",0.771
"NC1056","T15",0.8468
"NC1056","T16",0.8669
"NC1056","T17",0.837
"NC1056","T18",0.8459
"NC1056","T19",0.8142
"NC1056","T2",0.4629
"NC1056","T20",0.7886
"NC1056","T21",0.5415
"NC1056","T22",0.5568
"NC1056","T23",0.2809
"NC1056","T24",0.5084
"NC1056","T3",0.4893
"NC1056","T4",0.4511
"NC1056","T5",0.472
"NC1056","T6",0.4773
"NC1056","T7",0.5467
"NC1056","T8",0.719
"NC1056","T9",0.7739
"NC1065","T1",0.4546
"NC1065","T10",0.8614
"NC1065","T11",0.8847
"NC1065","T12",0.8795
"NC1065","T13",0.8636
"NC1065","T14",0.8518
"NC1065","T15",0.8417
"NC1065","T16",0.8307
"NC1065","T17",0.8325
"NC1065","T18",0.833
"NC1065","T19",0.8076
"NC1065","T2",0.4435
"NC1065","T20",0.7242
"NC1065","T21",0.5442
"NC1065","T22",0.5227
"NC1065","T23",0.3064
"NC1065","T24",0.4546
"NC1065","T3",0.4587
"NC1065","T4",0.4343
"NC1065","T5",0.4597
"NC1065","T6",0.4297
"NC1065","T7",0.5176
"NC1065","T8",0.7442
"NC1065","T9",0.779
"NC1076","T1",0.4543
"NC1076","T10",0.8639
"NC1076","T11",0.8919
"NC1076","T12",0.8828
"NC1076","T13",0.8723
"NC1076","T14",0.8572
"NC1076","T15",0.8499
"NC1076","T16",0.8389
"NC1076","T17",0.8406
"NC1076","T18",0.8421
"NC1076","T19",0.8135
"NC1076","T2",0.4417
"NC1076","T20",0.7501
"NC1076","T21",0.5338
"NC1076","T22",0.5253
"NC1076","T23",0.3053
"NC1076","T24",0.4543
"NC1076","T3",0.4576
"NC1076","T4",0.434
"NC1076","T5",0.4586
"NC1076","T6",0.4305
"NC1076","T7",0.5042
"NC1076","T8",0.7545
"NC1076","T9",0.7913
"NC1081","T1",0.4601
"NC1081","T10",0.8871
"NC1081","T11",0.9059
"NC1081","T12",0.9007
"NC1081","T13",0.8912
"NC1081","T14",0.8743
"NC1081","T15",0.8704
"NC1081","T16",0.8752
"NC1081","T17",0.8726
"NC1081","T18",0.8644
"NC1081","T19",0.8529
"NC1081","T2",0.4434
"NC1081","T20",0.7799
"NC1081","T21",0.5499
"NC1081","T22",0.5162
"NC1081","T23",0.314
"NC1081","T24",0.4601
"NC1081","T3",0.4655
"NC1081","T4",0.4514
"NC1081","T5",0.4361
"NC1081","T6",0.4408
"NC1081","T7",0.4754
"NC1081","T8",0.7572
"NC1081","T9",0.7994
"NC1092","T1",0.4249
"NC1092","T10",0.8753
"NC1092","T11",0.9064
"NC1092","T12",0.8962
"NC1092","T13",0.8909
"NC1092","T14",0.8482
"NC1092","T15",0.8555
"NC1092","T16",0.8829
"NC1092","T17",0.8612
"NC1092","T18",0.8516
"NC1092","T19",0.8454
"NC1092","T2",0.4221
"NC1092","T20",0.7586
"NC1092","T21",0.5282
"NC1092","T22",0.5123
"NC1092","T23",0.2732
"NC1092","T24",0.426
"NC1092","T3",0.4517
"NC1092","T4",0.4225
"NC1092","T5",0.4524
"NC1092","T6",0.4211
"NC1092","T7",0.4582
"NC1092","T8",0.7628
"NC1092","T9",0.7976
"NC1097","T1",0.4522
"NC1097","T10",0.8659
"NC1097","T11",0.8867
"NC1097","T12",0.8762
"NC1097","T13",0.8604
"NC1097","T14",0.8393
"NC1097","T15",0.8341
"NC1097","T16",0.8451
"NC1097","T17",0.8486
"NC1097","T18",0.8479
"NC1097","T19",0.832
"NC1097","T2",0.4291
"NC1097","T20",0.7661
"NC1097","T21",0.5513
"NC1097","T22",0.512
"NC1097","T23",0.3368
"NC1097","T24",0.4522
"NC1097","T3",0.4546
"NC1097","T4",0.4381
"NC1097","T5",0.4527
"NC1097","T6",0.4314
"NC1097","T7",0.4634
"NC1097","T8",0.7252
"NC1097","T9",0.7564
"NC1100","T1",0.4587
"NC1100","T10",0.7732
"NC1100","T11",0.7751
"NC1100","T12",0.7574
"NC1100","T13",0.708
"NC1100","T14",0.716
"NC1100","T15",0.6703
"NC1100","T16",0.7177
"NC1100","T17",0.6933
"NC1100","T18",0.6949
"NC1100","T19",0.7298
"NC1100","T2",0.4717
"NC1100","T20",0.6631
"NC1100","T21",0.5255
"NC1100","T22",0.5331
"NC1100","T23",0.3322
"NC1100","T24",0.4587
"NC1100","T3",0.4537
"NC1100","T4",0.4449
"NC1100","T5",0.4601
"NC1100","T6",0.4319
"NC1100","T7",0.5194
"NC1100","T8",0.6732
"NC1100","T9",0.6837
"NC1104","T1",0.489
"NC1104","T10",0.8378
"NC1104","T11",0.8385
"NC1104","T12",0.8544
"NC1104","T13",0.8617
"NC1104","T14",0.838
"NC1104","T15",0.8681
"NC1104","T16",0.8492
"NC1104","T17",0.8414
"NC1104","T18",0.8344
"NC1104","T19",0.7987
"NC1104","T2",0.4321
"NC1104","T20",0.7673
"NC1104","T21",0.5342
"NC1104","T22",0.5498
"NC1104","T23",0.2868
"NC1104","T24",0.489
"NC1104","T3",0.4651
"NC1104","T4",0.4123
"NC1104","T5",0.4037
"NC1104","T6",0.4395
"NC1104","T7",0.5683
"NC1104","T8",0.7193
"NC1104","T9",0.7507
"NC1113","T1",0.4605
"NC1113","T10",0.854
"NC1113","T11",0.8655
"NC1113","T12",0.8516
"NC1113","T13",0.8433
"NC1113","T14",0.7998
"NC1113","T15",0.7952
"NC1113","T16",0.8171
"NC1113","T17",0.831
"NC1113","T18",0.8391
"NC1113","T19",0.8249
"NC1113","T2",0.4447
"NC1113","T20",0.7573
"NC1113","T21",0.572
"NC1113","T22",0.5309
"NC1113","T23",0.3976
"NC1113","T24",0.4605
"NC1113","T3",0.4595
"NC1113","T4",0.4429
"NC1113","T5",0.4583
"NC1113","T6",0.4362
"NC1113","T7",0.5152
"NC1113","T8",0.7269
"NC1113","T9",0.7667
"NC1120","T1",0.4256
"NC1120","T10",0.8328
"NC1120","T11",0.8718
"NC1120","T12",0.8539
"NC1120","T13",0.834
"NC1120","T14",0.8051
"NC1120","T15",0.7902
"NC1120","T16",0.8194
"NC1120","T17",0.8123
"NC1120","T18",0.7902
"NC1120","T19",0.8059
"NC1120","T2",0.4269
"NC1120","T20",0.7099
"NC1120","T21",0.51
"NC1120","T22",0.5038
"NC1120","T23",0.297
"NC1120","T24",0.4256
"NC1120","T3",0.4595
"NC1120","T4",0.4231
"NC1120","T5",0.4597
"NC1120","T6",0.4167
"NC1120","T7",0.4781
"NC1120","T8",0.7149
"NC1120","T9",0.7476
"NC1129","T1",0.4662
"NC1129","T10",0.8817
"NC1129","T11",0.9022
"NC1129","T12",0.8901
"NC1129","T13",0.8853
"NC1129","T14",0.8696
"NC1129","T15",0.8621
"NC1129","T16",0.8717
"NC1129","T17",0.8689
"NC1129","T18",0.8661
"NC1129","T19",0.8531
"NC1129","T2",0.441
"NC1129","T20",0.7657
"NC1129","T21",0.5669
"NC1129","T22",0.5254
"NC1129","T23",0.3169
"NC1129","T24",0.4662
"NC1129","T3",0.4631
"NC1129","T4",0.4422
"NC1129","T5",0.4402
"NC1129","T6",0.4345
"NC1129","T7",0.4807
"NC1129","T8",0.7399
"NC1129","T9",0.7787
"NC1140","T1",0.4235
"NC1140","T10",0.886
"NC1140","T11",0.9103
"NC1140","T12",0.9
"NC1140","T13",0.9086
"NC1140","T14",0.843
"NC1140","T15",0.8693
"NC1140","T16",0.9055
"NC1140","T17",0.8729
"NC1140","T18",0.8709
"NC1140","T19",0.8552
"NC1140","T2",0.4274
"NC1140","T20",0.7888
"NC1140","T21",0.5299
"NC1140","T22",0.5119
"NC1140","T23",0.2699
"NC1140","T24",0.4289
"NC1140","T3",0.456
"NC1140","T4",0.4289
"NC1140","T5",0.434
"NC1140","T6",0.4296
"NC1140","T7",0.4624
"NC1140","T8",0.7691
"NC1140","T9",0.8057
"NC1145","T1",0.4275
"NC1145","T10",0.8775
"NC1145","T11",0.8959
"NC1145","T12",0.8889
"NC1145","T13",0.8815
"NC1145","T14",0.8455
"NC1145","T15",0.8445
"NC1145","T16",0.8547
"NC1145","T17",0.8673
"NC1145","T18",0.864
"NC1145","T19",0.8483
"NC1145","T2",0.4104
"NC1145","T20",0.7781
"NC1145","T21",0.5574
"NC1145","T22",0.5016
"NC1145","T23",0.3583
"NC1145","T24",0.4275
"NC1145","T3",0.443
"NC1145","T4",0.4197
"NC1145","T5",0.4411
"NC1145","T6",0.4069
"NC1145","T7",0.469
"NC1145","T8",0.737
"NC1145","T9",0.7875
"NC1156","T1",0.49
"NC1156","T10",0.841
"NC1156","T11",0.8824
"NC1156","T12",0.859
"NC1156","T13",0.8609
"NC1156","T14",0.8566
"NC1156","T15",0.8579
"NC1156","T16",0.8592
"NC1156","T17",0.834
"NC1156","T18",0.8262
"NC1156","T19",0.7957
"NC1156","T2",0.4265
"NC1156","T20",0.7676
"NC1156","T21",0.5168
"NC1156","T22",0.5232
"NC1156","T23",0.2641
"NC1156","T24",0.4901
"NC1156","T3",0.4532
"NC1156","T4",0.4085
"NC1156","T5",0.4243
"NC1156","T6",0.43
"NC1156","T7",0.5637
"NC1156","T8",0.738
"NC1156","T9",0.7653
"NC1161","T1",0.4493
"NC1161","T10",0.8334
"NC1161","T11",0.8521
"NC1161","T12",0.8395
"NC1161","T13",0.8151
"NC1161","T14",0.7857
"NC1161","T15",0.7678
"NC1161","T16",0.7735
"NC1161","T17",0.7967
"NC1161","T18",0.8133
"NC1161","T19",0.8012
"NC1161","T2",0.4467
"NC1161","T20",0.7393
"NC1161","T21",0.5568
"NC1161","T22",0.5335
"NC1161","T23",0.3454
"NC1161","T24",0.4493
"NC1161","T3",0.4542
"NC1161","T4",0.445
"NC1161","T5",0.4767
"NC1161","T6",0.445
"NC1161","T7",0.4981
"NC1161","T8",0.7186
"NC1161","T9",0.7415
"NC1168","T1",0.4626
"NC1168","T10",0.8346
"NC1168","T11",0.8056
"NC1168","T12",0.8443
"NC1168","T13",0.8362
"NC1168","T14",0.85
"NC1168","T15",0.8397
"NC1168","T16",0.8221
"NC1168","T17",0.8299
"NC1168","T18",0.8322
"NC1168","T19",0.7906
"NC1168","T2",0.4119
"NC1168","T20",0.7544
"NC1168","T21",0.5084
"NC1168","T22",0.5262
"NC1168","T23",0.2859
"NC1168","T24",0.4723
"NC1168","T3",0.4545
"NC1168","T4",0.406
"NC1168","T5",0.4402
"NC1168","T6",0.4136
"NC1168","T7",0.5446
"NC1168","T8",0.6914
"NC1168","T9",0.7453
"NC1177","T1",0.4512
"NC1177","T10",0.8472
"NC1177","T11",0.8704
"NC1177","T12",0.862
"NC1177","T13",0.8503
"NC1177","T14",0.8423
"NC1177","T15",0.8328
"NC1177","T16",0.8142
"NC1177","T17",0.8188
"NC1177","T18",0.815
"NC1177","T19",0.7963
"NC1177","T2",0.4316
"NC1177","T20",0.7334
"NC1177","T21",0.5548
"NC1177","T22",0.5255
"NC1177","T23",0.3115
"NC1177","T24",0.4512
"NC1177","T3",0.4588
"NC1177","T4",0.4259
"NC1177","T5",0.4663
"NC1177","T6",0.425
"NC1177","T7",0.5286
"NC1177","T8",0.7226
"NC1177","T9",0.7552
"NC1184","T1",0.4465
"NC1184","T10",0.8235
"NC1184","T11",0.847
"NC1184","T12",0.8426
"NC1184","T13",0.8115
"NC1184","T14",0.7827
"NC1184","T15",0.7799
"NC1184","T16",0.8
"NC1184","T17",0.7998
"NC1184","T18",0.8081
"NC1184","T19",0.804
"NC1184","T2",0.4353
"NC1184","T20",0.7293
"NC1184","T21",0.5329
"NC1184","T22",0.5195
"NC1184","T23",0.3135
"NC1184","T24",0.4465
"NC1184","T3",0.4488
"NC1184","T4",0.4407
"NC1184","T5",0.445
"NC1184","T6",0.4319
"NC1184","T7",0.4763
"NC1184","T8",0.7114
"NC1184","T9",0.7462
"NC1193","T1",0.4623
"NC1193","T10",0.8619
"NC1193","T11",0.8844
"NC1193","T12",0.875
"NC1193","T13",0.8674
"NC1193","T14",0.8579
"NC1193","T15",0.8469
"NC1193","T16",0.8492
"NC1193","T17",0.8456
"NC1193","T18",0.8454
"NC1193","T19",0.8241
"NC1193","T2",0.4415
"NC1193","T20",0.7295
"NC1193","T21",0.5612
"NC1193","T22",0.5291
"NC1193","T23",0.307
"NC1193","T24",0.4623
"NC1193","T3",0.4631
"NC1193","T4",0.432
"NC1193","T5",0.4499
"NC1193","T6",0.4271
"NC1193","T7",0.5169
"NC1193","T8",0.7312
"NC1193","T9",0.7656
"OE1052","T1",0.2911
"OE1052","T10",0.515
"OE1052","T11",0.5068
"OE1052","T12",0.5144
"OE1052","T13",0.4903
"OE1052","T14",0.4685
"OE1052","T15",0.482
"OE1052","T16",0.4993
"OE1052","T17",0.5127
"OE1052","T18",0.509
"OE1052","T19",0.5075
"OE1052","T2",0.2926
"OE1052","T20",0.4882
"OE1052","T21",0.384
"OE1052","T22",0.3747
"OE1052","T23",0.2098
"OE1052","T24",0.2911
"OE1052","T3",0.2851
"OE1052","T4",0.2623
"OE1052","T5",0.2561
"OE1052","T6",0.2833
"OE1052","T7",0.3424
"OE1052","T8",0.4046
"OE1052","T9",0.4676
"OE1116","T1",0.3263
"OE1116","T10",0.6604
"OE1116","T11",0.6806
"OE1116","T12",0.7349
"OE1116","T13",0.594
"OE1116","T14",0.6536
"OE1116","T15",0.6544
"OE1116","T16",0.6213
"OE1116","T17",0.6589
"OE1116","T18",0.686
"OE1116","T19",0.6654
"OE1116","T2",0.3184
"OE1116","T20",0.5955
"OE1116","T21",0.4992
"OE1116","T22",0.4756
"OE1116","T23",0.1898
"OE1116","T24",0.3263
"OE1116","T3",0.3203
"OE1116","T4",0.3114
"OE1116","T5",0.2548
"OE1116","T6",0.3422
"OE1116","T7",0.3529
"OE1116","T8",0.5501
"OE1116","T9",0.6538
"OE1180","T1",0.2991
"OE1180","T10",0.6578
"OE1180","T11",0.6664
"OE1180","T12",0.7161
"OE1180","T13",0.593
"OE1180","T14",0.6386
"OE1180","T15",0.6316
"OE1180","T16",0.6329
"OE1180","T17",0.6338
"OE1180","T18",0.6564
"OE1180","T19",0.6372
"OE1180","T2",0.3077
"OE1180","T20",0.5628
"OE1180","T21",0.4669
"OE1180","T22",0.4347
"OE1180","T23",0.1909
"OE1180","T24",0.2991
"OE1180","T3",0.3046
"OE1180","T4",0.3017
"OE1180","T5",0.2335
"OE1180","T6",0.3239
"OE1180","T7",0.3435
"OE1180","T8",0.5104
"OE1180","T9",0.635
"RR1010","T1",0.49
"RR1010","T10",0.7441
"RR1010","T11",0.7175
"RR1010","T12",0.7445
"RR1010","T13",0.7955
"RR1010","T14",0.7338
"RR1010","T15",0.7407
"RR1010","T16",0.644
"RR1010","T17",0.7699
"RR1010","T18",0.7834
"RR1010","T19",0.7471
"RR1010","T2",0.4504
"RR1010","T20",0.6768
"RR1010","T21",0.5293
"RR1010","T22",0.5235
"RR1010","T23",0.4912
"RR1010","T24",0.49
"RR1010","T3",0.4529
"RR1010","T4",0.4497
"RR1010","T5",0.4625
"RR1010","T6",0.5171
"RR1010","T7",0.5537
"RR1010","T8",0.6976
"RR1010","T9",0.7041
"RR1022","T1",0.4142
"RR1022","T10",0.709
"RR1022","T11",0.757
"RR1022","T12",0.7125
"RR1022","T13",0.7088
"RR1022","T14",0.7468
"RR1022","T15",0.705
"RR1022","T16",0.7232
"RR1022","T17",0.7123
"RR1022","T18",0.7434
"RR1022","T19",0.7077
"RR1022","T2",0.3643
"RR1022","T20",0.6424
"RR1022","T21",0.5669
"RR1022","T22",0.4805
"RR1022","T23",0.1846
"RR1022","T24",0.3781
"RR1022","T3",0.3843
"RR1022","T4",0.3774
"RR1022","T5",0.3572
"RR1022","T6",0.4237
"RR1022","T7",0.4563
"RR1022","T8",0.6007
"RR1022","T9",0.6443
"RR1026","T1",0.4702
"RR1026","T10",0.8011
"RR1026","T11",0.7681
"RR1026","T12",0.8501
"RR1026","T13",0.8282
"RR1026","T14",0.7833
"RR1026","T15",0.8051
"RR1026","T16",0.8113
"RR1026","T17",0.8204
"RR1026","T18",0.813
"RR1026","T19",0.7839
"RR1026","T2",0.4457
"RR1026","T20",0.6814
"RR1026","T21",0.5479
"RR1026","T22",0.5285
"RR1026","T23",0.3949
"RR1026","T24",0.4702
"RR1026","T3",0.4295
"RR1026","T4",0.4561
"RR1026","T5",0.4871
"RR1026","T6",0.4748
"RR1026","T7",0.5379
"RR1026","T8",0.684
"RR1026","T9",0.7287
"RR1030","T1",0.4925
"RR1030","T10",0.738
"RR1030","T11",0.743
"RR1030","T12",0.7274
"RR1030","T13",0.6848
"RR1030","T14",0.7497
"RR1030","T15",0.6999
"RR1030","T16",0.6998
"RR1030","T17",0.7296
"RR1030","T18",0.7185
"RR1030","T19",0.7034
"RR1030","T2",0.4501
"RR1030","T20",0.6343
"RR1030","T21",0.5877
"RR1030","T22",0.5253
"RR1030","T23",0.1909
"RR1030","T24",0.4925
"RR1030","T3",0.4438
"RR1030","T4",0.451
"RR1030","T5",0.4435
"RR1030","T6",0.5155
"RR1030","T7",0.5507
"RR1030","T8",0.6111
"RR1030","T9",0.6856
"RR1038","T1",0.3791
"RR1038","T10",0.6402
"RR1038","T11",0.6084
"RR1038","T12",0.6225
"RR1038","T13",0.6285
"RR1038","T14",0.581
"RR1038","T15",0.6451
"RR1038","T16",0.6038
"RR1038","T17",0.6131
"RR1038","T18",0.6052
"RR1038","T19",0.6261
"RR1038","T2",0.2985
"RR1038","T20",0.5763
"RR1038","T21",0.4715
"RR1038","T22",0.4009
"RR1038","T23",0.1642
"RR1038","T24",0.3791
"RR1038","T3",0.3208
"RR1038","T4",0.3368
"RR1038","T5",0.3319
"RR1038","T6",0.3436
"RR1038","T7",0.4244
"RR1038","T8",0.4735
"RR1038","T9",0.5903
"RR1042","T1",0.445
"RR1042","T10",0.7223
"RR1042","T11",0.7541
"RR1042","T12",0.7056
"RR1042","T13",0.7272
"RR1042","T14",0.6894
"RR1042","T15",0.6814
"RR1042","T16",0.7092
"RR1042","T17",0.7017
"RR1042","T18",0.7294
"RR1042","T19",0.7134
"RR1042","T2",0.4338
"RR1042","T20",0.6502
"RR1042","T21",0.5562
"RR1042","T22",0.4874
"RR1042","T23",0.3248
"RR1042","T24",0.445
"RR1042","T3",0.4236
"RR1042","T4",0.4015
"RR1042","T5",0.4479
"RR1042","T6",0.5051
"RR1042","T7",0.5327
"RR1042","T8",0.6302
"RR1042","T9",0.6961
"RR1054","T1",0.3747
"RR1054","T10",0.6394
"RR1054","T11",0.4976
"RR1054","T12",0.6261
"RR1054","T13",0.6274
"RR1054","T14",0.6114
"RR1054","T15",0.5801
"RR1054","T16",0.6435
"RR1054","T17",0.6288
"RR1054","T18",0.6502
"RR1054","T19",0.6632
"RR1054","T2",0.3722
"RR1054","T20",0.6031
"RR1054","T21",0.4932
"RR1054","T22",0.4306
"RR1054","T23",0.3181
"RR1054","T24",0.3747
"RR1054","T3",0.3255
"RR1054","T4",0.3234
"RR1054","T5",0.3287
"RR1054","T6",0.3968
"RR1054","T7",0.405
"RR1054","T8",0.5983
"RR1054","T9",0.6378
"RR1058","T1",0.395
"RR1058","T10",0.6834
"RR1058","T11",0.6175
"RR1058","T12",0.6483
"RR1058","T13",0.7347
"RR1058","T14",0.6613
"RR1058","T15",0.6625
"RR1058","T16",0.624
"RR1058","T17",0.6972
"RR1058","T18",0.6852
"RR1058","T19",0.7002
"RR1058","T2",0.3608
"RR1058","T20",0.6034
"RR1058","T21",0.4875
"RR1058","T22",0.4422
"RR1058","T23",0.3207
"RR1058","T24",0.395
"RR1058","T3",0.3758
"RR1058","T4",0.3431
"RR1058","T5",0.3653
"RR1058","T6",0.4169
"RR1058","T7",0.4602
"RR1058","T8",0.6298
"RR1058","T9",0.6589
"RR1074","T1",0.4511
"RR1074","T10",0.7353
"RR1074","T11",0.7175
"RR1074","T12",0.7264
"RR1074","T13",0.6789
"RR1074","T14",0.6846
"RR1074","T15",0.6352
"RR1074","T16",0.7039
"RR1074","T17",0.7223
"RR1074","T18",0.7476
"RR1074","T19",0.7377
"RR1074","T2",0.413
"RR1074","T20",0.6543
"RR1074","T21",0.5587
"RR1074","T22",0.5569
"RR1074","T23",0.4262
"RR1074","T24",0.4511
"RR1074","T3",0.377
"RR1074","T4",0.404
"RR1074","T5",0.3838
"RR1074","T6",0.3825
"RR1074","T7",0.511
"RR1074","T8",0.6546
"RR1074","T9",0.6777
"RR1086","T1",0.3505
"RR1086","T10",0.7109
"RR1086","T11",0.6991
"RR1086","T12",0.6876
"RR1086","T13",0.7271
"RR1086","T14",0.7461
"RR1086","T15",0.735
"RR1086","T16",0.6863
"RR1086","T17",0.7116
"RR1086","T18",0.7457
"RR1086","T19",0.7006
"RR1086","T2",0.3225
"RR1086","T20",0.6374
"RR1086","T21",0.5285
"RR1086","T22",0.4461
"RR1086","T23",0.1879
"RR1086","T24",0.3327
"RR1086","T3",0.3304
"RR1086","T4",0.3532
"RR1086","T5",0.2631
"RR1086","T6",0.3911
"RR1086","T7",0.416
"RR1086","T8",0.6151
"RR1086","T9",0.6268
"RR1090","T1",0.4727
"RR1090","T10",0.7967
"RR1090","T11",0.7576
"RR1090","T12",0.8476
"RR1090","T13",0.83
"RR1090","T14",0.7779
"RR1090","T15",0.7986
"RR1090","T16",0.8016
"RR1090","T17",0.8144
"RR1090","T18",0.8104
"RR1090","T19",0.7784
"RR1090","T2",0.4452
"RR1090","T20",0.6813
"RR1090","T21",0.549
"RR1090","T22",0.5256
"RR1090","T23",0.4194
"RR1090","T24",0.4727
"RR1090","T3",0.4302
"RR1090","T4",0.4583
"RR1090","T5",0.4939
"RR1090","T6",0.4951
"RR1090","T7",0.5441
"RR1090","T8",0.6622
"RR1090","T9",0.7165
"RR1094","T1",0.5132
"RR1094","T10",0.7616
"RR1094","T11",0.7411
"RR1094","T12",0.7109
"RR1094","T13",0.7316
"RR1094","T14",0.7104
"RR1094","T15",0.7151
"RR1094","T16",0.7233
"RR1094","T17",0.7513
"RR1094","T18",0.7504
"RR1094","T19",0.7361
"RR1094","T2",0.4322
"RR1094","T20",0.6762
"RR1094","T21",0.5555
"RR1094","T22",0.5357
"RR1094","T23",0.2829
"RR1094","T24",0.5132
"RR1094","T3",0.2621
"RR1094","T4",0.4399
"RR1094","T5",0.471
"RR1094","T6",0.5157
"RR1094","T7",0.5549
"RR1094","T8",0.6165
"RR1094","T9",0.711
"RR1102","T1",0.4487
"RR1102","T10",0.7682
"RR1102","T11",0.8328
"RR1102","T12",0.7529
"RR1102","T13",0.7637
"RR1102","T14",0.7809
"RR1102","T15",0.7561
"RR1102","T16",0.756
"RR1102","T17",0.7689
"RR1102","T18",0.788
"RR1102","T19",0.7443
"RR1102","T2",0.3773
"RR1102","T20",0.689
"RR1102","T21",0.5898
"RR1102","T22",0.503
"RR1102","T23",0.1852
"RR1102","T24",0.4298
"RR1102","T3",0.3851
"RR1102","T4",0.3998
"RR1102","T5",0.3586
"RR1102","T6",0.4432
"RR1102","T7",0.4824
"RR1102","T8",0.6329
"RR1102","T9",0.7004
"RR1106","T1",0.5146
"RR1106","T10",0.7784
"RR1106","T11",0.7836
"RR1106","T12",0.757
"RR1106","T13",0.7417
"RR1106","T14",0.7597
"RR1106","T15",0.7454
"RR1106","T16",0.7527
"RR1106","T17",0.7768
"RR1106","T18",0.7621
"RR1106","T19",0.7422
"RR1106","T2",0.4852
"RR1106","T20",0.7059
"RR1106","T21",0.6032
"RR1106","T22",0.5538
"RR1106","T23",0.2249
"RR1106","T24",0.5146
"RR1106","T3",0.4632
"RR1106","T4",0.4567
"RR1106","T5",0.4863
"RR1106","T6",0.5339
"RR1106","T7",0.5787
"RR1106","T8",0.6385
"RR1106","T9",0.7187
"RR1110","T1",0.4311
"RR1110","T10",0.7827
"RR1110","T11",0.7472
"RR1110","T12",0.7644
"RR1110","T13",0.7585
"RR1110","T14",0.7544
"RR1110","T15",0.7319
"RR1110","T16",0.7679
"RR1110","T17",0.7865
"RR1110","T18",0.796
"RR1110","T19",0.7965
"RR1110","T2",0.4128
"RR1110","T20",0.6864
"RR1110","T21",0.5601
"RR1110","T22",0.5224
"RR1110","T23",0.3979
"RR1110","T24",0.4311
"RR1110","T3",0.4003
"RR1110","T4",0.3911
"RR1110","T5",0.3642
"RR1110","T6",0.4219
"RR1110","T7",0.4985
"RR1110","T8",0.637
"RR1110","T9",0.7283
"RR1118","T1",0.4011
"RR1118","T10",0.8037
"RR1118","T11",0.7709
"RR1118","T12",0.7628
"RR1118","T13",0.8054
"RR1118","T14",0.7671
"RR1118","T15",0.8052
"RR1118","T16",0.7889
"RR1118","T17",0.8123
"RR1118","T18",0.7936
"RR1118","T19",0.7718
"RR1118","T2",0.3985
"RR1118","T20",0.6637
"RR1118","T21",0.5144
"RR1118","T22",0.489
"RR1118","T23",0.4657
"RR1118","T24",0.4011
"RR1118","T3",0.3988
"RR1118","T4",0.4164
"RR1118","T5",0.428
"RR1118","T6",0.4294
"RR1118","T7",0.4666
"RR1118","T8",0.6358
"RR1118","T9",0.7167
"RR1138","T1",0.4735
"RR1138","T10",0.7896
"RR1138","T11",0.7456
"RR1138","T12",0.8095
"RR1138","T13",0.8038
"RR1138","T14",0.7719
"RR1138","T15",0.7763
"RR1138","T16",0.7905
"RR1138","T17",0.7981
"RR1138","T18",0.7949
"RR1138","T19",0.7787
"RR1138","T2",0.4632
"RR1138","T20",0.7147
"RR1138","T21",0.5608
"RR1138","T22",0.5514
"RR1138","T23",0.4534
"RR1138","T24",0.4735
"RR1138","T3",0.4385
"RR1138","T4",0.4587
"RR1138","T5",0.4617
"RR1138","T6",0.4105
"RR1138","T7",0.5655
"RR1138","T8",0.7288
"RR1138","T9",0.7492
"RR1150","T1",0.3142
"RR1150","T10",0.6265
"RR1150","T11",0.6246
"RR1150","T12",0.6763
"RR1150","T13",0.6802
"RR1150","T14",0.6871
"RR1150","T15",0.6148
"RR1150","T16",0.6177
"RR1150","T17",0.6854
"RR1150","T18",0.6804
"RR1150","T19",0.6546
"RR1150","T2",0.288
"RR1150","T20",0.6045
"RR1150","T21",0.5133
"RR1150","T22",0.4587
"RR1150","T23",0.1632
"RR1150","T24",0.344
"RR1150","T3",0.3243
"RR1150","T4",0.3221
"RR1150","T5",0.3253
"RR1150","T6",0.3502
"RR1150","T7",0.3339
"RR1150","T8",0.5141
"RR1150","T9",0.5521
"RR1154","T1",0.4337
"RR1154","T10",0.7285
"RR1154","T11",0.7527
"RR1154","T12",0.7403
"RR1154","T13",0.6957
"RR1154","T14",0.6709
"RR1154","T15",0.6732
"RR1154","T16",0.6703
"RR1154","T17",0.6753
"RR1154","T18",0.7059
"RR1154","T19",0.6837
"RR1154","T2",0.4021
"RR1154","T20",0.6361
"RR1154","T21",0.5329
"RR1154","T22",0.4731
"RR1154","T23",0.2627
"RR1154","T24",0.4337
"RR1154","T3",0.2121
"RR1154","T4",0.3758
"RR1154","T5",0.4184
"RR1154","T6",0.4864
"RR1154","T7",0.5023
"RR1154","T8",0.5814
"RR1154","T9",0.6865
"RR1158","T1",0.6183
"RR1158","T10",0.83
"RR1158","T11",0.8166
"RR1158","T12",0.7967
"RR1158","T13",0.8073
"RR1158","T14",0.8239
"RR1158","T15",0.7916
"RR1158","T16",0.8008
"RR1158","T17",0.8076
"RR1158","T18",0.8028
"RR1158","T19",0.7914
"RR1158","T2",0.5718
"RR1158","T20",0.7507
"RR1158","T21",0.6811
"RR1158","T22",0.656
"RR1158","T23",0.2866
"RR1158","T24",0.6183
"RR1158","T3",0.4364
"RR1158","T4",0.5826
"RR1158","T5",0.5816
"RR1158","T6",0.6326
"RR1158","T7",0.7045
"RR1158","T8",0.7339
"RR1158","T9",0.7785
"RR1166","T1",0.4022
"RR1166","T10",0.7319
"RR1166","T11",0.7193
"RR1166","T12",0.7287
"RR1166","T13",0.7192
"RR1166","T14",0.6624
"RR1166","T15",0.6985
"RR1166","T16",0.7389
"RR1166","T17",0.7317
"RR1166","T18",0.7421
"RR1166","T19",0.7321
"RR1166","T2",0.4194
"RR1166","T20",0.6276
"RR1166","T21",0.5209
"RR1166","T22",0.4915
"RR1166","T23",0.4724
"RR1166","T24",0.4012
"RR1166","T3",0.3802
"RR1166","T4",0.4032
"RR1166","T5",0.4087
"RR1166","T6",0.4513
"RR1166","T7",0.4449
"RR1166","T8",0.6587
"RR1166","T9",0.6997
"RR1170","T1",0.6091
"RR1170","T10",0.8245
"RR1170","T11",0.8068
"RR1170","T12",0.8023
"RR1170","T13",0.7967
"RR1170","T14",0.817
"RR1170","T15",0.7786
"RR1170","T16",0.7918
"RR1170","T17",0.7986
"RR1170","T18",0.7961
"RR1170","T19",0.7814
"RR1170","T2",0.585
"RR1170","T20",0.7414
"RR1170","T21",0.6872
"RR1170","T22",0.6428
"RR1170","T23",0.2783
"RR1170","T24",0.6091
"RR1170","T3",0.4731
"RR1170","T4",0.583
"RR1170","T5",0.5665
"RR1170","T6",0.6343
"RR1170","T7",0.7069
"RR1170","T8",0.7296
"RR1170","T9",0.7609
"RR1174","T1",0.4353
"RR1174","T10",0.7589
"RR1174","T11",0.7287
"RR1174","T12",0.7467
"RR1174","T13",0.7388
"RR1174","T14",0.7477
"RR1174","T15",0.7281
"RR1174","T16",0.7702
"RR1174","T17",0.7687
"RR1174","T18",0.7856
"RR1174","T19",0.7726
"RR1174","T2",0.4221
"RR1174","T20",0.6841
"RR1174","T21",0.5643
"RR1174","T22",0.5183
"RR1174","T23",0.4108
"RR1174","T24",0.4353
"RR1174","T3",0.4028
"RR1174","T4",0.3926
"RR1174","T5",0.362
"RR1174","T6",0.4401
"RR1174","T7",0.4991
"RR1174","T8",0.6177
"RR1174","T9",0.722
"RR1182","T1",0.4173
"RR1182","T10",0.8099
"RR1182","T11",0.7796
"RR1182","T12",0.7619
"RR1182","T13",0.7955
"RR1182","T14",0.762
"RR1182","T15",0.8151
"RR1182","T16",0.7886
"RR1182","T17",0.8175
"RR1182","T18",0.7951
"RR1182","T19",0.7692
"RR1182","T2",0.4202
"RR1182","T20",0.6738
"RR1182","T21",0.5181
"RR1182","T22",0.5052
"RR1182","T23",0.4915
"RR1182","T24",0.4173
"RR1182","T3",0.3989
"RR1182","T4",0.4234
"RR1182","T5",0.4443
"RR1182","T6",0.4589
"RR1182","T7",0.4753
"RR1182","T8",0.6813
"RR1182","T9",0.723
"SC1016","T1",0.4695
"SC1016","T10",0.8357
"SC1016","T11",0.8321
"SC1016","T12",0.8535
"SC1016","T13",0.8812
"SC1016","T14",0.8648
"SC1016","T15",0.8812
"SC1016","T16",0.8546
"SC1016","T17",0.8426
"SC1016","T18",0.8516
"SC1016","T19",0.7995
"SC1016","T2",0.4278
"SC1016","T20",0.6459
"SC1016","T21",0.5218
"SC1016","T22",0.5205
"SC1016","T23",0.3473
"SC1016","T24",0.4695
"SC1016","T3",0.4553
"SC1016","T4",0.4338
"SC1016","T5",0.4397
"SC1016","T6",0.4559
"SC1016","T7",0.5268
"SC1016","T8",0.5978
"SC1016","T9",0.71
"SC1027","T1",0.085
"SC1027","T10",0.7299
"SC1027","T11",0.7408
"SC1027","T12",0.7849
"SC1027","T13",0.6857
"SC1027","T14",0.7401
"SC1027","T15",0.7254
"SC1027","T16",0.7339
"SC1027","T17",0.7477
"SC1027","T18",0.7179
"SC1027","T19",0.6716
"SC1027","T2",0.3917
"SC1027","T20",0.6542
"SC1027","T21",0.5219
"SC1027","T22",0.5002
"SC1027","T23",0.2684
"SC1027","T24",0.2687
"SC1027","T3",0.222
"SC1027","T4",0.384
"SC1027","T5",0.3617
"SC1027","T6",0.4012
"SC1027","T7",0.4896
"SC1027","T8",0.5656
"SC1027","T9",0.6584
"SC1032","T1",0.5097
"SC1032","T10",0.8425
"SC1032","T11",0.8321
"SC1032","T12",0.8586
"SC1032","T13",0.8789
"SC1032","T14",0.8662
"SC1032","T15",0.8805
"SC1032","T16",0.8528
"SC1032","T17",0.8547
"SC1032","T18",0.8574
"SC1032","T19",0.8012
"SC1032","T2",0.432
"SC1032","T20",0.6438
"SC1032","T21",0.5315
"SC1032","T22",0.5348
"SC1032","T23",0.4207
"SC1032","T24",0.5097
"SC1032","T3",0.4757
"SC1032","T4",0.4337
"SC1032","T5",0.4748
"SC1032","T6",0.4777
"SC1032","T7",0.5895
"SC1032","T8",0.668
"SC1032","T9",0.7423
"SC1048","T1",0.3908
"SC1048","T10",0.8461
"SC1048","T11",0.8452
"SC1048","T12",0.8514
"SC1048","T13",0.8791
"SC1048","T14",0.8419
"SC1048","T15",0.8681
"SC1048","T16",0.8422
"SC1048","T17",0.8255
"SC1048","T18",0.8487
"SC1048","T19",0.8048
"SC1048","T2",0.4609
"SC1048","T20",0.6857
"SC1048","T21",0.5307
"SC1048","T22",0.5371
"SC1048","T23",0.3219
"SC1048","T24",0.3908
"SC1048","T3",0.4741
"SC1048","T4",0.4697
"SC1048","T5",0.4638
"SC1048","T6",0.4105
"SC1048","T7",0.5333
"SC1048","T8",0.5986
"SC1048","T9",0.7236
"SC1055","T1",0.0775
"SC1055","T10",0.7356
"SC1055","T11",0.6824
"SC1055","T12",0.722
"SC1055","T13",0.6445
"SC1055","T14",0.6831
"SC1055","T15",0.6853
"SC1055","T16",0.6856
"SC1055","T17",0.6666
"SC1055","T18",0.7149
"SC1055","T19",0.6848
"SC1055","T2",0.4412
"SC1055","T20",0.5745
"SC1055","T21",0.5394
"SC1055","T22",0.5258
"SC1055","T23",0.3572
"SC1055","T24",0.1582
"SC1055","T3",0.4166
"SC1055","T4",0.4477
"SC1055","T5",0.5158
"SC1055","T6",0.4884
"SC1055","T7",0.5585
"SC1055","T8",0.6343
"SC1055","T9",0.6514
"SC1060","T1",0.4131
"SC1060","T10",0.8699
"SC1060","T11",0.8766
"SC1060","T12",0.8748
"SC1060","T13",0.863
"SC1060","T14",0.8728
"SC1060","T15",0.8938
"SC1060","T16",0.8676
"SC1060","T17",0.8635
"SC1060","T18",0.875
"SC1060","T19",0.8357
"SC1060","T2",0.4528
"SC1060","T20",0.6944
"SC1060","T21",0.5346
"SC1060","T22",0.5445
"SC1060","T23",0.3167
"SC1060","T24",0.4131
"SC1060","T3",0.482
"SC1060","T4",0.4737
"SC1060","T5",0.4643
"SC1060","T6",0.5016
"SC1060","T7",0.527
"SC1060","T8",0.5924
"SC1060","T9",0.7478
"SC1064","T1",0.4081
"SC1064","T10",0.8665
"SC1064","T11",0.8704
"SC1064","T12",0.8751
"SC1064","T13",0.8668
"SC1064","T14",0.861
"SC1064","T15",0.8909
"SC1064","T16",0.8281
"SC1064","T17",0.8496
"SC1064","T18",0.8768
"SC1064","T19",0.8265
"SC1064","T2",0.4402
"SC1064","T20",0.7251
"SC1064","T21",0.511
"SC1064","T22",0.5124
"SC1064","T23",0.399
"SC1064","T24",0.4081
"SC1064","T3",0.4706
"SC1064","T4",0.4487
"SC1064","T5",0.4566
"SC1064","T6",0.4887
"SC1064","T7",0.5233
"SC1064","T8",0.5836
"SC1064","T9",0.782
"SC1075","T1",0.0908
"SC1075","T10",0.7624
"SC1075","T11",0.7689
"SC1075","T12",0.7999
"SC1075","T13",0.7432
"SC1075","T14",0.7576
"SC1075","T15",0.7439
"SC1075","T16",0.7603
"SC1075","T17",0.762
"SC1075","T18",0.7467
"SC1075","T19",0.6964
"SC1075","T2",0.4079
"SC1075","T20",0.6879
"SC1075","T21",0.545
"SC1075","T22",0.5337
"SC1075","T23",0.281
"SC1075","T24",0.319
"SC1075","T3",0.1657
"SC1075","T4",0.3981
"SC1075","T5",0.3907
"SC1075","T6",0.4149
"SC1075","T7",0.5232
"SC1075","T8",0.6282
"SC1075","T9",0.6947
"SC1080","T1",0.4666
"SC1080","T10",0.8388
"SC1080","T11",0.8308
"SC1080","T12",0.8492
"SC1080","T13",0.8679
"SC1080","T14",0.8592
"SC1080","T15",0.8767
"SC1080","T16",0.8435
"SC1080","T17",0.8438
"SC1080","T18",0.8462
"SC1080","T19",0.7896
"SC1080","T2",0.4321
"SC1080","T20",0.644
"SC1080","T21",0.5171
"SC1080","T22",0.5253
"SC1080","T23",0.4109
"SC1080","T24",0.4681
"SC1080","T3",0.4638
"SC1080","T4",0.4372
"SC1080","T5",0.4549
"SC1080","T6",0.4673
"SC1080","T7",0.5548
"SC1080","T8",0.632
"SC1080","T9",0.7247
"SC1108","T1",0.5432
"SC1108","T10",0.7915
"SC1108","T11",0.7967
"SC1108","T12",0.7737
"SC1108","T13",0.807
"SC1108","T14",0.7762
"SC1108","T15",0.8322
"SC1108","T16",0.7915
"SC1108","T17",0.8359
"SC1108","T18",0.8308
"SC1108","T19",0.7802
"SC1108","T2",0.4544
"SC1108","T20",0.6384
"SC1108","T21",0.54
"SC1108","T22",0.5366
"SC1108","T23",0.3165
"SC1108","T24",0.5432
"SC1108","T3",0.4842
"SC1108","T4",0.4353
"SC1108","T5",0.4846
"SC1108","T6",0.4932
"SC1108","T7",0.5667
"SC1108","T8",0.6574
"SC1108","T9",0.7057
"SC1112","T1",0.4389
"SC1112","T10",0.8719
"SC1112","T11",0.8758
"SC1112","T12",0.8849
"SC1112","T13",0.8707
"SC1112","T14",0.8657
"SC1112","T15",0.8996
"SC1112","T16",0.8641
"SC1112","T17",0.8556
"SC1112","T18",0.877
"SC1112","T19",0.8281
"SC1112","T2",0.4427
"SC1112","T20",0.7123
"SC1112","T21",0.5266
"SC1112","T22",0.5272
"SC1112","T23",0.3957
"SC1112","T24",0.4389
"SC1112","T3",0.4662
"SC1112","T4",0.4591
"SC1112","T5",0.4462
"SC1112","T6",0.4957
"SC1112","T7",0.5084
"SC1112","T8",0.5766
"SC1112","T9",0.7422
"SC1119","T1",0.0842
"SC1119","T10",0.7512
"SC1119","T11",0.7648
"SC1119","T12",0.7636
"SC1119","T13",0.7238
"SC1119","T14",0.7335
"SC1119","T15",0.7423
"SC1119","T16",0.7391
"SC1119","T17",0.7365
"SC1119","T18",0.7759
"SC1119","T19",0.7432
"SC1119","T2",0.4598
"SC1119","T20",0.6333
"SC1119","T21",0.526
"SC1119","T22",0.5365
"SC1119","T23",0.3394
"SC1119","T24",0.1885
"SC1119","T3",0.4604
"SC1119","T4",0.4542
"SC1119","T5",0.4959
"SC1119","T6",0.4974
"SC1119","T7",0.5392
"SC1119","T8",0.6218
"SC1119","T9",0.7102
"SC1124","T1",0.4802
"SC1124","T10",0.8393
"SC1124","T11",0.8383
"SC1124","T12",0.8598
"SC1124","T13",0.889
"SC1124","T14",0.8673
"SC1124","T15",0.8873
"SC1124","T16",0.8613
"SC1124","T17",0.8453
"SC1124","T18",0.8542
"SC1124","T19",0.806
"SC1124","T2",0.447
"SC1124","T20",0.6511
"SC1124","T21",0.5352
"SC1124","T22",0.5442
"SC1124","T23",0.34
"SC1124","T24",0.4802
"SC1124","T3",0.4749
"SC1124","T4",0.4583
"SC1124","T5",0.4554
"SC1124","T6",0.4706
"SC1124","T7",0.5428
"SC1124","T8",0.6112
"SC1124","T9",0.7173
"SC1128","T1",0.3439
"SC1128","T10",0.8504
"SC1128","T11",0.8489
"SC1128","T12",0.8558
"SC1128","T13",0.8123
"SC1128","T14",0.8461
"SC1128","T15",0.8626
"SC1128","T16",0.8406
"SC1128","T17",0.8347
"SC1128","T18",0.8702
"SC1128","T19",0.8158
"SC1128","T2",0.4701
"SC1128","T20",0.7319
"SC1128","T21",0.5451
"SC1128","T22",0.554
"SC1128","T23",0.3263
"SC1128","T24",0.3439
"SC1128","T3",0.4864
"SC1128","T4",0.4863
"SC1128","T5",0.4858
"SC1128","T6",0.5068
"SC1128","T7",0.5799
"SC1128","T8",0.631
"SC1128","T9",0.7827
"SC1144","T1",0.4623
"SC1144","T10",0.8381
"SC1144","T11",0.8345
"SC1144","T12",0.8493
"SC1144","T13",0.8716
"SC1144","T14",0.8558
"SC1144","T15",0.8731
"SC1144","T16",0.8514
"SC1144","T17",0.8608
"SC1144","T18",0.863
"SC1144","T19",0.8158
"SC1144","T2",0.4475
"SC1144","T20",0.7352
"SC1144","T21",0.5313
"SC1144","T22",0.5411
"SC1144","T23",0.3655
"SC1144","T24",0.4235
"SC1144","T3",0.4744
"SC1144","T4",0.4555
"SC1144","T5",0.4722
"SC1144","T6",0.4823
"SC1144","T7",0.5504
"SC1144","T8",0.6194
"SC1144","T9",0.7128
"SC1160","T1",0.2738
"SC1160","T10",0.8625
"SC1160","T11",0.8595
"SC1160","T12",0.8444
"SC1160","T13",0.8924
"SC1160","T14",0.851
"SC1160","T15",0.8717
"SC1160","T16",0.8523
"SC1160","T17",0.844
"SC1160","T18",0.8593
"SC1160","T19",0.7986
"SC1160","T2",0.4609
"SC1160","T20",0.6608
"SC1160","T21",0.5343
"SC1160","T22",0.5441
"SC1160","T23",0.2886
"SC1160","T24",0.3413
"SC1160","T3",0.4681
"SC1160","T4",0.4541
"SC1160","T5",0.4772
"SC1160","T6",0.3969
"SC1160","T7",0.5711
"SC1160","T8",0.6449
"SC1160","T9",0.7287
"SC1172","T1",0.5503
"SC1172","T10",0.7867
"SC1172","T11",0.7889
"SC1172","T12",0.7696
"SC1172","T13",0.7998
"SC1172","T14",0.7738
"SC1172","T15",0.8306
"SC1172","T16",0.7851
"SC1172","T17",0.8297
"SC1172","T18",0.822
"SC1172","T19",0.7781
"SC1172","T2",0.4592
"SC1172","T20",0.6555
"SC1172","T21",0.5466
"SC1172","T22",0.5442
"SC1172","T23",0.2925
"SC1172","T24",0.5503
"SC1172","T3",0.4873
"SC1172","T4",0.4374
"SC1172","T5",0.4942
"SC1172","T6",0.4985
"SC1172","T7",0.5705
"SC1172","T8",0.6544
"SC1172","T9",0.6989
"SC1176","T1",0.4186
"SC1176","T10",0.8756
"SC1176","T11",0.8812
"SC1176","T12",0.8841
"SC1176","T13",0.8586
"SC1176","T14",0.8758
"SC1176","T15",0.9071
"SC1176","T16",0.8592
"SC1176","T17",0.868
"SC1176","T18",0.8868
"SC1176","T19",0.8345
"SC1176","T2",0.4202
"SC1176","T20",0.7355
"SC1176","T21",0.5037
"SC1176","T22",0.506
"SC1176","T23",0.4291
"SC1176","T24",0.4186
"SC1176","T3",0.4611
"SC1176","T4",0.4404
"SC1176","T5",0.4452
"SC1176","T6",0.5114
"SC1176","T7",0.4925
"SC1176","T8",0.5635
"SC1176","T9",0.7742
"SC1183","T1",0.0848
"SC1183","T10",0.7541
"SC1183","T11",0.7608
"SC1183","T12",0.7705
"SC1183","T13",0.7271
"SC1183","T14",0.7312
"SC1183","T15",0.7344
"SC1183","T16",0.7339
"SC1183","T17",0.7339
"SC1183","T18",0.7743
"SC1183","T19",0.7458
"SC1183","T2",0.467
"SC1183","T20",0.6364
"SC1183","T21",0.5458
"SC1183","T22",0.5474
"SC1183","T23",0.3525
"SC1183","T24",0.1996
"SC1183","T3",0.4618
"SC1183","T4",0.4672
"SC1183","T5",0.5101
"SC1183","T6",0.5106
"SC1183","T7",0.5533
"SC1183","T8",0.6418
"SC1183","T9",0.716
"SC1188","T1",0.4856
"SC1188","T10",0.8417
"SC1188","T11",0.8411
"SC1188","T12",0.8599
"SC1188","T13",0.8919
"SC1188","T14",0.8678
"SC1188","T15",0.8915
"SC1188","T16",0.8611
"SC1188","T17",0.8467
"SC1188","T18",0.8574
"SC1188","T19",0.8077
"SC1188","T2",0.447
"SC1188","T20",0.6448
"SC1188","T21",0.5337
"SC1188","T22",0.5455
"SC1188","T23",0.3622
"SC1188","T24",0.4856
"SC1188","T3",0.4811
"SC1188","T4",0.467
"SC1188","T5",0.4593
"SC1188","T6",0.4758
"SC1188","T7",0.5422
"SC1188","T8",0.6102
"SC1188","T9",0.7146
"SC1192","T1",0.3397
"SC1192","T10",0.8627
"SC1192","T11",0.8612
"SC1192","T12",0.8685
"SC1192","T13",0.8494
"SC1192","T14",0.8639
"SC1192","T15",0.8807
"SC1192","T16",0.8651
"SC1192","T17",0.854
"SC1192","T18",0.8756
"SC1192","T19",0.8309
"SC1192","T2",0.4497
"SC1192","T20",0.7409
"SC1192","T21",0.5331
"SC1192","T22",0.5421
"SC1192","T23",0.3328
"SC1192","T24",0.3397
"SC1192","T3",0.4821
"SC1192","T4",0.4625
"SC1192","T5",0.4729
"SC1192","T6",0.5055
"SC1192","T7",0.5383
"SC1192","T8",0.6023
"SC1192","T9",0.7766
"WA1084","T1",0.3194
"WA1084","T10",0.57
"WA1084","T11",0.5383
"WA1084","T12",0.4873
"WA1084","T13",0.4726
"WA1084","T14",0.4628
"WA1084","T15",0.4522
"WA1084","T16",0.5216
"WA1084","T17",0.5263
"WA1084","T18",0.5267
"WA1084","T19",0.549
"WA1084","T2",0.2998
"WA1084","T20",0.4874
"WA1084","T21",0.497
"WA1084","T22",0.3768
"WA1084","T23",0.151
"WA1084","T24",0.3194
"WA1084","T3",0.2539
"WA1084","T4",0.2943
"WA1084","T5",0.2807
"WA1084","T6",0.3512
"WA1084","T7",0.3422
"WA1084","T8",0.4801
"WA1084","T9",0.4901
"WA3980","T1",0.3635
"WA3980","T10",0.6083
"WA3980","T11",0.579
"WA3980","T12",0.5792
"WA3980","T13",0.5184
"WA3980","T14",0.5064
"WA3980","T15",0.4938
"WA3980","T16",0.5478
"WA3980","T17",0.5696
"WA3980","T18",0.5953
"WA3980","T19",0.5938
"WA3980","T2",0.3406
"WA3980","T20",0.5503
"WA3980","T21",0.5342
"WA3980","T22",0.452
"WA3980","T23",0.1718
"WA3980","T24",0.3635
"WA3980","T3",0.227
"WA3980","T4",0.3444
"WA3980","T5",0.3459
"WA3980","T6",0.3976
"WA3980","T7",0.3976
"WA3980","T8",0.5376
"WA3980","T9",0.5516
"WC1008","T1",0.1222
"WC1008","T10",0.6933
"WC1008","T11",0.6607
"WC1008","T12",0.6695
"WC1008","T13",0.6833
"WC1008","T14",0.659
"WC1008","T15",0.6881
"WC1008","T16",0.6938
"WC1008","T17",0.7041
"WC1008","T18",0.7207
"WC1008","T19",0.6908
"WC1008","T2",0.4501
"WC1008","T20",0.6584
"WC1008","T21",0.5191
"WC1008","T22",0.5055
"WC1008","T23",0.4173
"WC1008","T24",0.2046
"WC1008","T3",0.3401
"WC1008","T4",0.4448
"WC1008","T5",0.211
"WC1008","T6",0.4852
"WC1008","T7",0.4596
"WC1008","T8",0.5646
"WC1008","T9",0.6333
"WC1072","T1",0.1901
"WC1072","T10",0.718
"WC1072","T11",0.6792
"WC1072","T12",0.6748
"WC1072","T13",0.681
"WC1072","T14",0.6739
"WC1072","T15",0.6316
"WC1072","T16",0.6809
"WC1072","T17",0.7157
"WC1072","T18",0.7318
"WC1072","T19",0.7055
"WC1072","T2",0.4086
"WC1072","T20",0.6533
"WC1072","T21",0.5133
"WC1072","T22",0.4912
"WC1072","T23",0.3012
"WC1072","T24",0.2794
"WC1072","T3",0.1617
"WC1072","T4",0.365
"WC1072","T5",0.2014
"WC1072","T6",0.447
"WC1072","T7",0.4624
"WC1072","T8",0.5276
"WC1072","T9",0.6182
"WC1136","T1",0.2157
"WC1136","T10",0.7995
"WC1136","T11",0.7755
"WC1136","T12",0.8035
"WC1136","T13",0.8212
"WC1136","T14",0.7782
"WC1136","T15",0.7861
"WC1136","T16",0.7852
"WC1136","T17",0.8239
"WC1136","T18",0.8263
"WC1136","T19",0.7907
"WC1136","T2",0.4184
"WC1136","T20",0.7547
"WC1136","T21",0.5526
"WC1136","T22",0.5173
"WC1136","T23",0.2039
"WC1136","T24",0.2585
"WC1136","T3",0.0759
"WC1136","T4",0.393
"WC1136","T5",0.3679
"WC1136","T6",0.4539
"WC1136","T7",0.4392
"WC1136","T8",0.5426
"WC1136","T9",0.6955
"WC1376","T1",0.238
"WC1376","T10",0.7815
"WC1376","T11",0.777
"WC1376","T12",0.7762
"WC1376","T13",0.8032
"WC1376","T14",0.7818
"WC1376","T15",0.7814
"WC1376","T16",0.7976
"WC1376","T17",0.8136
"WC1376","T18",0.8324
"WC1376","T19",0.7976
"WC1376","T2",0.4165
"WC1376","T20",0.7511
"WC1376","T21",0.5161
"WC1376","T22",0.4859
"WC1376","T23",0.3149
"WC1376","T24",0.2513
"WC1376","T3",0.2377
"WC1376","T4",0.4167
"WC1376","T5",0.4107
"WC1376","T6",0.4491
"WC1376","T7",0.4372
"WC1376","T8",0.527
"WC1376","T9",0.6901
"WC1388","T1",0.2379
"WC1388","T10",0.709
"WC1388","T11",0.6813
"WC1388","T12",0.655
"WC1388","T13",0.6675
"WC1388","T14",0.6599
"WC1388","T15",0.677
"WC1388","T16",0.6904
"WC1388","T17",0.7064
"WC1388","T18",0.7363
"WC1388","T19",0.7102
"WC1388","T2",0.4215
"WC1388","T20",0.668
"WC1388","T21",0.4922
"WC1388","T22",0.4705
"WC1388","T23",0.2919
"WC1388","T24",0.2161
"WC1388","T3",0.3307
"WC1388","T4",0.4067
"WC1388","T5",0.3922
"WC1388","T6",0.4482
"WC1388","T7",0.4544
"WC1388","T8",0.53
"WC1388","T9",0.6117
"WC3420","T1",0.1923
"WC3420","T10",0.7417
"WC3420","T11",0.719
"WC3420","T12",0.7229
"WC3420","T13",0.7398
"WC3420","T14",0.7306
"WC3420","T15",0.7299
"WC3420","T16",0.732
"WC3420","T17",0.7445
"WC3420","T18",0.7796
"WC3420","T19",0.7445
"WC3420","T2",0.4213
"WC3420","T20",0.6992
"WC3420","T21",0.5037
"WC3420","T22",0.4779
"WC3420","T23",0.4236
"WC3420","T24",0.205
"WC3420","T3",0.303
"WC3420","T4",0.4285
"WC3420","T5",0.3734
"WC3420","T6",0.4568
"WC3420","T7",0.4401
"WC3420","T8",0.5366
"WC3420","T9",0.6493
"WC3484","T1",0.197
"WC3484","T10",0.7496
"WC3484","T11",0.7208
"WC3484","T12",0.7152
"WC3484","T13",0.7373
"WC3484","T14",0.7242
"WC3484","T15",0.6893
"WC3484","T16",0.7281
"WC3484","T17",0.7522
"WC3484","T18",0.7709
"WC3484","T19",0.7424
"WC3484","T2",0.4059
"WC3484","T20",0.6844
"WC3484","T21",0.523
"WC3484","T22",0.4961
"WC3484","T23",0.2924
"WC3484","T24",0.2768
"WC3484","T3",0.169
"WC3484","T4",0.365
"WC3484","T5",0.2303
"WC3484","T6",0.4517
"WC3484","T7",0.4564
"WC3484","T8",0.5309
"WC3484","T9",0.6546
"WC3596","T1",0.2293
"WC3596","T10",0.8083
"WC3596","T11",0.7885
"WC3596","T12",0.7761
"WC3596","T13",0.8338
"WC3596","T14",0.7899
"WC3596","T15",0.7954
"WC3596","T16",0.8254
"WC3596","T17",0.8379
"WC3596","T18",0.8503
"WC3596","T19",0.8137
"WC3596","T2",0.4184
"WC3596","T20",0.7633
"WC3596","T21",0.5477
"WC3596","T22",0.5055
"WC3596","T23",0.2168
"WC3596","T24",0.2821
"WC3596","T3",0.1254
"WC3596","T4",0.3884
"WC3596","T5",0.3913
"WC3596","T6",0.4426
"WC3596","T7",0.4429
"WC3596","T8",0.5275
"WC3596","T9",0.7053
"WC3668","T1",0.2161
"WC3668","T10",0.7729
"WC3668","T11",0.7551
"WC3668","T12",0.773
"WC3668","T13",0.7736
"WC3668","T14",0.7689
"WC3668","T15",0.7657
"WC3668","T16",0.7594
"WC3668","T17",0.7878
"WC3668","T18",0.8037
"WC3668","T19",0.7779
"WC3668","T2",0.4285
"WC3668","T20",0.735
"WC3668","T21",0.5261
"WC3668","T22",0.4955
"WC3668","T23",0.3765
"WC3668","T24",0.2267
"WC3668","T3",0.2604
"WC3668","T4",0.4472
"WC3668","T5",0.4237
"WC3668","T6",0.4685
"WC3668","T7",0.4386
"WC3668","T8",0.5535
"WC3668","T9",0.6771
"WC3732","T1",0.2049
"WC3732","T10",0.7659
"WC3732","T11",0.7321
"WC3732","T12",0.7402
"WC3732","T13",0.773
"WC3732","T14",0.7471
"WC3732","T15",0.7224
"WC3732","T16",0.7582
"WC3732","T17",0.7761
"WC3732","T18",0.7979
"WC3732","T19",0.7621
"WC3732","T2",0.4081
"WC3732","T20",0.7167
"WC3732","T21",0.5416
"WC3732","T22",0.5061
"WC3732","T23",0.2456
"WC3732","T24",0.2643
"WC3732","T3",0.0615
"WC3732","T4",0.3577
"WC3732","T5",0.2322
"WC3732","T6",0.4351
"WC3732","T7",0.4496
"WC3732","T8",0.5171
"WC3732","T9",0.6651
